# Map: FalloutNV.exe 1.4.0.525 (unpacked), SHA-256 19406942e48724d797300c4ea6be9ac69a32f670b8c35db09279a2258422739f
# Map: Names and units: Xbox PDB Fallout_Release_MemDebug.pdb (GUID 036BA387-1386-4F96-A709-DA70225CDF94, age 1), ADR-0002
# Map: Generated by research/engine-map (match, map) from NvEngineMap.java output; see its README
# Call tree of Main::OnIdle (Xbox PDB, PC 0086e650) to depth 3, direct calls in call order; generated by research/engine-map (frame), see its README
seq	depth	call	address	name	name_tier	xbox	unit	subsystem	note
1	0	0	0086e650	Main::OnIdle	frame	8269f3c8	fallout/misc/main.cpp	fallout/misc	
2	1	1	0086a830				fallout/misc/main.cpp	fallout/misc	
3	1	2	00af2640	BSSystemUtility::QInstance	cg	829684b0	BSSystemUtilities/bssystemutility_xenon.cpp	BSSystemUtilities	
4	2	1	00af30a0					BSSystemUtilities	
5	3	1	00ec61c0	_memset	fid			LIBCMT	
6	2	2	00ec658f	_atexit	fid			LIBCMT	
7	3	1	00ec6553	__onexit	fid			LIBCMT	
8	1	3	00702360	Interface::IsInMenuMode	cg	8253d540	fallout/interface/interface.cpp	fallout/interface	
9	2	1	004b7210				fallout shared/globalfunc.cpp	fallout shared	
10	2	2	004b7210				fallout shared/globalfunc.cpp	fallout shared	
11	2	3	009373f0				fallout/ai/modifierlist.cpp	fallout/ai	
12	2	4	004b7210				fallout shared/globalfunc.cpp	fallout shared	
13	2	5	007023a0				fallout/interface/interface.cpp	fallout/interface	
14	1	4	00709bc0	Interface::IsPipboyOpening	cg	8253f9c0	fallout/interface/interface.cpp	fallout/interface	
15	2	1	004b7210				fallout shared/globalfunc.cpp	fallout shared	
16	1	5	007050d0	Interface::InDialog	cg	8253e408	fallout/interface/interface.cpp	fallout/interface	
17	2	1	004b7210				fallout shared/globalfunc.cpp	fallout shared	
18	2	2	004b7210				fallout shared/globalfunc.cpp	fallout shared	
19	2	3	009373f0				fallout/ai/modifierlist.cpp	fallout/ai	
20	2	4	00705100				fallout/interface/interface.cpp	fallout/interface	
21	1	6	00701450	FaderManager::IsFaderVisible	frame	8253bbf8	fallout/interface/fadermanager.cpp	fallout/interface	
22	1	7	00703d50	Interface::IsConsoleVisible	cg	8253db90	fallout/interface/interface.cpp	fallout/interface	
23	2	1	004b7210				fallout shared/globalfunc.cpp	fallout shared	
24	2	2	004b7210				fallout shared/globalfunc.cpp	fallout shared	
25	2	3	009373f0				fallout/ai/modifierlist.cpp	fallout/ai	
26	2	4	0071b160	MenuConsole::Instance	cg	82553cf8	fallout/interface/menuconsole.cpp	fallout/interface	
27	3	1	00401000						
28	3	2	0071af10				fallout/interface/menuconsole.cpp	fallout/interface	
29	3	3	0071b0e0	MenuConsole::Init	cg	82552908	fallout/interface/menuconsole.cpp	fallout/interface	
30	2	5	0071b160	MenuConsole::Instance	cg	82553cf8	fallout/interface/menuconsole.cpp	fallout/interface	
31	3	1	00401000						
32	3	2	0071af10				fallout/interface/menuconsole.cpp	fallout/interface	
33	3	3	0071b0e0	MenuConsole::Init	cg	82552908	fallout/interface/menuconsole.cpp	fallout/interface	
34	2	6	004a4020					fallout shared	
35	1	8	00707ad0	Interface::GetCurrentRenderedMenu	cg	8253f898	fallout/interface/interface.cpp	fallout/interface	
36	2	1	004b7210				fallout shared/globalfunc.cpp	fallout shared	
37	2	2	00707af0				fallout/interface/interface.cpp	fallout/interface	
38	3	1	007178a0	InterfaceManager::IsInPipboyMenu	cg	82545568	fallout/interface/interfacemanager.cpp	fallout/interface	
39	1	9	00707ad0	Interface::GetCurrentRenderedMenu	cg	8253f898	fallout/interface/interface.cpp	fallout/interface	
40	2	1	004b7210				fallout shared/globalfunc.cpp	fallout shared	
41	2	2	00707af0				fallout/interface/interface.cpp	fallout/interface	
42	3	1	007178a0	InterfaceManager::IsInPipboyMenu	cg	82545568	fallout/interface/interfacemanager.cpp	fallout/interface	
43	1	10	00705990	Interface::GetPipboy	cg	8253ebe0	fallout/interface/interface.cpp	fallout/interface	
44	2	1	004b7210				fallout shared/globalfunc.cpp	fallout shared	
45	2	2	004b7210				fallout shared/globalfunc.cpp	fallout shared	
46	2	3	009373f0				fallout/ai/modifierlist.cpp	fallout/ai	
47	2	4	004b7210				fallout shared/globalfunc.cpp	fallout shared	
48	2	5	00704370					fallout/interface	
49	1	11	004b7210				fallout shared/globalfunc.cpp	fallout shared	
50	1	12	00424940				fallout shared/extradatalist.cpp	fallout shared	
51	1	13	008782b0	MemoryLevelManager::RunNonDestructiveFree	frame	826a0cf0		fallout/misc	
52	2	1	00878160					fallout/misc	
53	3	1	00c3e310				BSMain/iomanager.obj	BSMain	
54	3	2	00652160				fallout shared/facegen/bsfacegenmanager.cpp	fallout shared/facegen	
55	3	3	0043c4b0				fallout shared/modelloader.cpp	fallout shared	
56	3	4	004a0370				fallout shared/bgsdecalmanager.cpp	fallout shared	
57	3	5	008781f0					fallout/misc	
58	3	6	008781e0					fallout/misc	
59	3	7	00703980				fallout/interface/interface.cpp	fallout/interface	
60	2	2	00878250	MemoryLevelManager::FreeReleasedObjects	cg	826a0c98	fallout/misc/memorylevelmanager.cpp	fallout/misc	
61	3	1	00868d70	GarbageCollector::ClearAll	str	826923b8	fallout/misc/garbagecollector.cpp	fallout/misc	
62	3	2	00450b80				fallout shared/tes.cpp	fallout shared	
63	3	3	00b5fd60					BSShader	
64	3	4	00c459d0					BSMain	
65	3	5	00651e30				fallout shared/facegen/bsfacegenmanager.cpp	fallout shared/facegen	
66	3	6	00651f40				fallout shared/facegen/bsfacegenmanager.cpp	fallout shared/facegen	
67	3	7	00448620				fallout shared/modelloader.cpp	fallout shared	
68	3	8	00452490	TES::CleanUpUnusedTextures	cg	822a2388	fallout shared/tes.cpp	fallout shared	
69	2	3	00878340					fallout/misc	
70	2	4	00652110	BSFaceGenManager::GetModelCache	cg	82487248	fallout shared/facegen/bsfacegenmanager.cpp	fallout shared/facegen	
71	2	5	00652110	BSFaceGenManager::GetModelCache	cg	82487248	fallout shared/facegen/bsfacegenmanager.cpp	fallout shared/facegen	
72	2	6	00529ea0				fallout shared/imagespacemodifierinstance.cpp	fallout shared	
73	2	7	00a09030	Tile::GetMenuByClass	cg	828efd80	BSMenu/tile.cpp	BSMenu	
74	2	8	00652110	BSFaceGenManager::GetModelCache	cg	82487248	fallout shared/facegen/bsfacegenmanager.cpp	fallout shared/facegen	
75	2	9	00650a30						
76	3	1	00633c90					fallout shared/sky	
77	3	2	00652160				fallout shared/facegen/bsfacegenmanager.cpp	fallout shared/facegen	
78	3	3	00652140				fallout shared/facegen/bsfacegenmanager.cpp	fallout shared/facegen	
79	3	4	004b9ba0				fallout shared/globalfunc.cpp	fallout shared	
80	3	5	00559120	NiTMapBase<DFALL<NiTMapItem<unsigned_int_NiPointer<ReferenceObstacleArray>_>_>_unsigned_int_NiPointer<ReferenceObstacleArray>_>::GetNext	cg	82a5f470	fallout shared/pathfinding/navmeshobstaclemanager.cpp	fallout shared/pathfinding	
81	3	6	00559450						
82	3	7	00559450						
83	3	8	00726070				fallout/interface/menumanager.cpp	fallout/interface	
84	3	9	00405430	NiTMapBase<DFALL<NiTMapItem<unsigned_int_CombatThreat_P>_>_unsigned_int_CombatThreat_P>::RemoveAt	cg	824e5ae8	fallout/ai/combat/combatthreatmap.cpp	fallout/ai	
85	3	10	00559450						
86	3	11	00559450						
87	3	12	00559450						
88	3	13	00559450						
89	3	14	00559450						
90	3	15	0065c090						
91	3	16	00559450						
92	3	17	00559450						
93	3	18	0065c3a0						
94	3	19	00652190				fallout shared/facegen/bsfacegenmanager.cpp	fallout shared/facegen	
95	3	20	0045cec0						
96	2	10	00878200					fallout/misc	
97	3	1	00a5b460						
98	3	2	00aa7030					BSCore	
99	3	3	00652190				fallout shared/facegen/bsfacegenmanager.cpp	fallout shared/facegen	
100	3	4	008781e0					fallout/misc	
101	3	5	0043c4b0				fallout shared/modelloader.cpp	fallout shared	
102	3	6	004a03c0				fallout shared/bgsdecalmanager.cpp	fallout shared	
103	3	7	00c3e340				BSMain/iomanager.obj	BSMain	
104	1	14	0086f940	Main::OnIdle_UpdatePlayer	cg	82693c10	fallout/misc/main.cpp	fallout/misc	
105	2	1	0093bea0	PlayerCharacter::HandlePositionPlayerRequest	str	82772bc0	fallout/ai/playercharacter.cpp	fallout/ai	
106	3	1	00452eb0	TES::CancelExteriorCellLoads	cg	822a2420	fallout shared/tes.cpp	fallout shared	
107	3	2	0066b0d0					fallout shared/speedtree	
108	3	3	00569b80				fallout shared/tesobjectrefr.cpp	fallout shared	
109	3	4	0093cdf0	PlayerCharacter::FastTravel	str	82770300	fallout/ai/playercharacter.cpp	fallout/ai	
110	3	5	0093cce0	PlayerCharacter::PositionPlayerExterior	cg	827701e8	fallout/ai/playercharacter.cpp	fallout/ai	
111	3	6	0093c200	PlayerCharacter::PositionPlayer	cg	8276f5f0	fallout/ai/playercharacter.cpp	fallout/ai	
112	3	7	009306d0	MobileObject::GetCharController	cg	82747158	fallout/ai/mobileobject.cpp	fallout/ai	
113	3	8	00573f20				fallout shared/tesobjectrefr.cpp	fallout shared	
114	3	9	005b5e40				fallout shared/tesscriptfunctions.cpp	fallout shared	
115	3	10	00568680	TESObjectREFR::IsFurniture	cg	8239c960	fallout shared/tesobjectrefr.cpp	fallout shared	
116	3	11	008d8520	MiddleHighProcess::GetSavedAcquireObject	vt	82a648c8	fallout/ai/highprocess.cpp	fallout/ai	
117	3	12	007af430	BGSSaveFormBuffer::GetForm	vt	823391d0	fallout/misc/saveload/bgssaveformbuffer.cpp	fallout/misc	
118	3	13	00509420	TESFurniture::CanSleepOn	cg	823490f8	fallout shared/tesfurniture.cpp	fallout shared	
119	3	14	005682c0	TESObjectREFR::GetFirstFreeMarkerIndex	cg	8239c728	fallout shared/tesobjectrefr.cpp	fallout shared	
120	3	15	00568500	TESObjectREFR::GetMarkerAtIndex	cg	823abaa8	fallout shared/tesobjectrefr.cpp	fallout shared	
121	3	16	0088d2f0	Actor::PutActorInChairBedQuick	str	826b29a0	fallout/ai/actor.cpp	fallout/ai	
122	3	17	00868d70	GarbageCollector::ClearAll	str	826923b8	fallout/misc/garbagecollector.cpp	fallout/misc	
123	3	18	00401030						
124	3	19	0042ce10				fallout shared/extradatalist.cpp	fallout shared	
125	3	20	0093c1e0				fallout/ai/playercharacter.cpp	fallout/ai	
126	3	21	005d14d0				fallout shared/tesscriptfunctions.cpp	fallout shared	
127	2	2	00709bc0	Interface::IsPipboyOpening	cg	8253f9c0	fallout/interface/interface.cpp	fallout/interface	
128	3	1	004b7210				fallout shared/globalfunc.cpp	fallout shared	
129	2	3	009481d0	PlayerCharacter::ForceGrenadeHold	align-sim	827549c8	fallout/ai/playercharacter.cpp	fallout/ai	
130	3	1	00950a60	PlayerCharacter::GetAnimation	cg	82751508	fallout/ai/playercharacter.cpp	fallout/ai	
131	3	2	00950a60	PlayerCharacter::GetAnimation	cg	82751508	fallout/ai/playercharacter.cpp	fallout/ai	
132	3	3	008a7570	Actor::GetAnimAction	cg	826aad20	fallout/ai/actor.cpp	fallout/ai	
133	3	4	0070f490				fallout/interface/interfacemanager.cpp	fallout/interface	
134	3	5	008eeaa0	Animation::SkipUpdate	cg	822dfdb0	fallout shared/animation.cpp	fallout shared	
135	3	6	008eeaa0	Animation::SkipUpdate	cg	822dfdb0	fallout shared/animation.cpp	fallout shared	
136	3	7	00491040				fallout shared/animation.cpp	fallout shared	
137	3	8	0048f7f0	Animation::ZeroGlobalTransform	cg	822e2848	fallout shared/animation.cpp	fallout shared	
138	3	9	005f3780	TESAnimGroup::GetTime	str	82431068	fallout shared/tesanimgroup.cpp	fallout shared	
139	3	10	00639aa0				fallout shared/sky/precipitation.cpp	fallout shared/sky	
140	3	11	00966a00				fallout/ai/playercharacter.cpp	fallout/ai	
141	3	12	00491040				fallout shared/animation.cpp	fallout shared	
142	3	13	0048f7f0	Animation::ZeroGlobalTransform	cg	822e2848	fallout shared/animation.cpp	fallout shared	
143	3	14	005f3780	TESAnimGroup::GetTime	str	82431068	fallout shared/tesanimgroup.cpp	fallout shared	
144	3	15	00639aa0				fallout shared/sky/precipitation.cpp	fallout shared/sky	
145	3	16	00966a00				fallout/ai/playercharacter.cpp	fallout/ai	
146	2	4	0084d030				fallout/misc/saveload/bgssaveloadglobaldata.cpp	fallout/misc	
147	2	5	009466d0	PlayerCharacter::UpdateFlyCamera	align-sim	82773ea0	fallout/ai/playercharacter.cpp	fallout/ai	
148	3	1	00404eb0				fallout shared/magic/effectitem.cpp	fallout shared/magic	
149	3	2	00877720				fallout/misc/main.cpp	fallout/misc	
150	3	3	0045c670				fallout shared/tes.cpp	fallout shared	
151	3	4	0044ddc0					fallout shared	
152	3	5	0094a8c0	PlayerCharacter::UpdateUFOCamera	cg	827552d8	fallout/ai/playercharacter.cpp	fallout/ai	
153	3	6	004b7210				fallout shared/globalfunc.cpp	fallout shared	
154	3	7	004b71d0				fallout shared/globalfunc.cpp	fallout shared	
155	3	8	00a23390						
156	3	9	00a23390						
157	3	10	008d8520	MiddleHighProcess::GetSavedAcquireObject	vt	82a648c8	fallout/ai/highprocess.cpp	fallout/ai	
158	3	11	008846e0				fallout/ai/actor.cpp	fallout/ai	
159	3	12	0044ddc0					fallout shared	
160	3	13	009445b0	PlayerCharacter::UpdateHeadingAndLooking	align-sim	827656a0	fallout/ai/playercharacter.cpp	fallout/ai	
161	3	14	006815c0					fallout shared	
162	3	15	006815c0					fallout shared	
163	3	16	00931d70	MobileObject::GetLooking	cg	823644b0	fallout/ai/mobileobject.cpp	fallout/ai	
164	3	17	00a24660						
165	3	18	00a24660						
166	3	19	005a03f0				fallout shared/tesconditionfunctions.cpp	fallout shared	
167	3	20	008843a0	Actor::CanMove	cg	826b0ec8	fallout/ai/actor.cpp	fallout/ai	
168	3	21	008a7570	Actor::GetAnimAction	cg	826aad20	fallout/ai/actor.cpp	fallout/ai	
169	3	22	00403e20				fallout shared/magic/effectitem.cpp	fallout shared/magic	
170	3	23	00525980	TESObjectWEAP::GetCurrentAmmo	cg	8235d858	fallout shared/tesobjectweap.cpp	fallout shared	
171	3	24	008a6970				fallout/ai/actor.cpp	fallout/ai	
172	3	25	008a6840				fallout/ai/actor.cpp	fallout/ai	
173	3	26	008a6970				fallout/ai/actor.cpp	fallout/ai	
174	3	27	008846e0				fallout/ai/actor.cpp	fallout/ai	
175	3	28	008a6840				fallout/ai/actor.cpp	fallout/ai	
176	3	29	00a24660						
177	3	30	00a24660						
178	3	31	00a24660						
179	3	32	00a24660						
180	3	33	00a24660						
181	3	34	00a24660						
182	3	35	00a24280						
183	3	36	00a24660						
184	3	37	00437bf0				fallout shared/extradataobjects.cpp	fallout shared	
185	3	38	00437bd0				fallout shared/extradataobjects.cpp	fallout shared	
186	3	39	00453a70	BSAudio::QInstance	cg	822a1ca0	fallout shared/tes.cpp	fallout shared	
187	3	40	00ad7550	BSAudio::GetSoundHandleByName	cg	8290c0f0	BSAudio/bsaudio.cpp	BSAudio	
188	3	41	00ad8830	BSSoundHandle::Play	cg	8290d3d0	BSAudio/bssoundhandle.cpp	BSAudio	
189	3	42	00483710				fallout shared/tesform.cpp	fallout shared	
190	3	43	00453a70	BSAudio::QInstance	cg	822a1ca0	fallout shared/tes.cpp	fallout shared	
191	3	44	00ad7550	BSAudio::GetSoundHandleByName	cg	8290c0f0	BSAudio/bsaudio.cpp	BSAudio	
192	3	45	00ad8830	BSSoundHandle::Play	cg	8290d3d0	BSAudio/bssoundhandle.cpp	BSAudio	
193	3	46	00483710				fallout shared/tesform.cpp	fallout shared	
194	3	47	00558310				fallout shared/tesobjectcell.cpp	fallout shared	
195	3	48	006a9540				fallout shared/pathfinding/navmeshsearchflee.cpp	fallout shared/pathfinding	
196	3	49	00436aa0				fallout shared/extradataobjects.cpp	fallout shared	
197	3	50	006815c0					fallout shared	
198	3	51	006815c0					fallout shared	
199	3	52	00416870				fallout shared/extradatalist.cpp	fallout shared	
200	3	53	00439f50				fallout shared/multiboundmarkerdata.cpp	fallout shared	
201	3	54	0050d4a0				fallout shared/teslight.cpp	fallout shared	
202	3	55	004a0c10				fallout shared/bgsdecalmanager.cpp	fallout shared	
203	3	56	00439f50				fallout shared/multiboundmarkerdata.cpp	fallout shared	
204	3	57	009613c0	PlayerCharacter::UpdateDropSpring	cg	82773d08	fallout/ai/playercharacter.cpp	fallout/ai	
205	3	58	00a24280						
206	3	59	00a24280						
207	3	60	00ec7d40						
208	3	61	00403e20				fallout shared/magic/effectitem.cpp	fallout shared/magic	
209	3	62	00ec7d40						
210	3	63	00ec7d40						
211	3	64	00ec7d40						
212	3	65	00a24280						
213	3	66	00a24280						
214	3	67	00ec7d40						
215	3	68	008a0b10	Actor::GetCurrentSpeed	cg	826b4b00	fallout/ai/actor.cpp	fallout/ai	
216	3	69	00439180				fallout shared/multiboundmarkerdata.cpp	fallout shared	
217	3	70	00439180				fallout shared/multiboundmarkerdata.cpp	fallout shared	
218	3	71	00884f80				fallout/ai/actor.cpp	fallout/ai	
219	3	72	004f8960				fallout shared/settings/xgamesetting.cpp	fallout shared/settings	
220	3	73	008a7570	Actor::GetAnimAction	cg	826aad20	fallout/ai/actor.cpp	fallout/ai	
221	3	74	005a03f0				fallout shared/tesconditionfunctions.cpp	fallout shared	
222	3	75	009ea360				fallout/ai/movement/playermover.cpp	fallout/ai	
223	3	76	005a03f0				fallout shared/tesconditionfunctions.cpp	fallout shared	
224	3	77	00948310	PlayerCharacter::CheckUserInputAttacks	align-sim	82766a58	fallout/ai/playercharacter.cpp	fallout/ai	
225	3	78	00a24660						
226	3	79	00a24660						
227	3	80	008bbc10	Actor::GetIronSights	cg	826ae1d0	fallout/ai/actor.cpp	fallout/ai	
228	3	81	008a16d0	Actor::IsWeaponDrawn	cg	826aa120	fallout/ai/actor.cpp	fallout/ai	
229	3	82	00967ae0	PlayerCharacter::IsPipboyActive	cg	8275be10	fallout/ai/playercharacter.cpp	fallout/ai	
230	3	83	008a16d0	Actor::IsWeaponDrawn	cg	826aa120	fallout/ai/actor.cpp	fallout/ai	
231	3	84	006450c0				fallout shared/combatformulas.cpp	fallout shared	
232	3	85	008bb650	Actor::SetIronSights	str	826bcbb0	fallout/ai/actor.cpp	fallout/ai	
233	3	86	00894cc0	Actor::SetBlock	cg	826c2f90	fallout/ai/actor.cpp	fallout/ai	
234	3	87	00a24660						
235	3	88	00a24660						
236	3	89	00967ae0	PlayerCharacter::IsPipboyActive	cg	8275be10	fallout/ai/playercharacter.cpp	fallout/ai	
237	3	90	008bbc10	Actor::GetIronSights	cg	826ae1d0	fallout/ai/actor.cpp	fallout/ai	
238	3	91	008bb650	Actor::SetIronSights	str	826bcbb0	fallout/ai/actor.cpp	fallout/ai	
239	3	92	00894cc0	Actor::SetBlock	cg	826c2f90	fallout/ai/actor.cpp	fallout/ai	
240	3	93	00a24660						
241	3	94	004301b0				fallout shared/extradataobjects.cpp	fallout shared	
242	3	95	005f2670	TESAnimGroup::IsPowerAttackAction	cg	82431618	fallout shared/tesanimgroup.cpp	fallout shared	
243	3	96	008a7570	Actor::GetAnimAction	cg	826aad20	fallout/ai/actor.cpp	fallout/ai	
244	3	97	008849c0				fallout/ai/actor.cpp	fallout/ai	
245	3	98	005a2030				fallout shared/tesconditionfunctions.cpp	fallout shared	
246	3	99	00a24660						
247	3	100	00894d60	Actor::GetBlocked	cg	826b3938	fallout/ai/actor.cpp	fallout/ai	
248	3	101	00703350				fallout/interface/interface.cpp	fallout/interface	
249	3	102	009306d0	MobileObject::GetCharController	cg	82747158	fallout/ai/mobileobject.cpp	fallout/ai	
250	3	103	005c0880				fallout shared/tesscriptfunctions.cpp	fallout shared	
251	3	104	00894f90				fallout/ai/actor.cpp	fallout/ai	
252	3	105	009306d0	MobileObject::GetCharController	cg	82747158	fallout/ai/mobileobject.cpp	fallout/ai	
253	3	106	00944400				fallout/ai/playercharacter.cpp	fallout/ai	
254	3	107	009306d0	MobileObject::GetCharController	cg	82747158	fallout/ai/mobileobject.cpp	fallout/ai	
255	3	108	00944400				fallout/ai/playercharacter.cpp	fallout/ai	
256	3	109	0095f6a0				fallout/ai/playercharacter.cpp	fallout/ai	
257	3	110	009306d0	MobileObject::GetCharController	cg	82747158	fallout/ai/mobileobject.cpp	fallout/ai	
258	3	111	00944400				fallout/ai/playercharacter.cpp	fallout/ai	
259	3	112	00895110	Actor::PickAnimations	str	826e4cd8	fallout/ai/actor.cpp	fallout/ai	
260	3	113	005a1e50				fallout shared/tesconditionfunctions.cpp	fallout shared	
261	3	114	0094df80	PlayerCharacter::PlayerSleep	align-sim	82750e60	fallout/ai/playercharacter.cpp	fallout/ai	
262	3	115	00693ef0				fallout shared/pathfinding/navmesh_loadsave.cpp	fallout shared/pathfinding	
263	3	116	009ea570				fallout/ai/movement/playermover.cpp	fallout/ai	
264	3	117	00a24660						
265	3	118	00702360	Interface::IsInMenuMode	cg	8253d540	fallout/interface/interface.cpp	fallout/interface	
266	3	119	005a03f0				fallout shared/tesconditionfunctions.cpp	fallout shared	
267	3	120	00703350				fallout/interface/interface.cpp	fallout/interface	
268	3	121	00568680	TESObjectREFR::IsFurniture	cg	8239c960	fallout shared/tesobjectrefr.cpp	fallout shared	
269	3	122	008bbc10	Actor::GetIronSights	cg	826ae1d0	fallout/ai/actor.cpp	fallout/ai	
270	3	123	00ec43fb	__RTDynamicCast	str	82eb3b00	LIBCMT/rtti.cpp	LIBCMT	
271	3	124	008ce390					fallout/ai	
272	3	125	008d8520	MiddleHighProcess::GetSavedAcquireObject	vt	82a648c8	fallout/ai/highprocess.cpp	fallout/ai	
273	3	126	007062e0	Interface::SetInfoForRef	cg	8253eee0	fallout/interface/interface.cpp	fallout/interface	
274	3	127	00573170	TESObjectREFR::Activate	str	823a5cd8	fallout shared/tesobjectrefr.cpp	fallout shared	
275	3	128	00573170	TESObjectREFR::Activate	str	823a5cd8	fallout shared/tesobjectrefr.cpp	fallout shared	
276	3	129	005610f0				fallout shared/tesobjectrefr.cpp	fallout shared	
277	3	130	005615d0				fallout shared/tesobjectrefr.cpp	fallout shared	
278	3	131	008c3c40	Actor::UpdateMagic	cg	826eac28	fallout/ai/actor_magic.cpp	fallout/ai	
279	3	132	00950a60	PlayerCharacter::GetAnimation	cg	82751508	fallout/ai/playercharacter.cpp	fallout/ai	
280	3	133	00950a60	PlayerCharacter::GetAnimation	cg	82751508	fallout/ai/playercharacter.cpp	fallout/ai	
281	3	134	009442a0				fallout/ai/playercharacter.cpp	fallout/ai	
282	3	135	008950f0				fallout/ai/actor.cpp	fallout/ai	
283	3	136	00508070					fallout shared	
284	3	137	004c0c90				fallout shared/inventorychanges.cpp	fallout shared	
285	3	138	008d3550	Character::Update	align-sim	826f3ec0	fallout/ai/character.cpp	fallout/ai	
286	3	139	00950a60	PlayerCharacter::GetAnimation	cg	82751508	fallout/ai/playercharacter.cpp	fallout/ai	
287	3	140	008885e0	Actor::UpdateAnimationMovement	cg	826cbf50	fallout/ai/actor.cpp	fallout/ai	
288	3	141	008d3550	Character::Update	align-sim	826f3ec0	fallout/ai/character.cpp	fallout/ai	
289	3	142	00950a60	PlayerCharacter::GetAnimation	cg	82751508	fallout/ai/playercharacter.cpp	fallout/ai	
290	3	143	008885e0	Actor::UpdateAnimationMovement	cg	826cbf50	fallout/ai/actor.cpp	fallout/ai	
291	3	144	008ba600	Actor::HandlePostAnimationActions	align-sim	826e3e98	fallout/ai/actor.cpp	fallout/ai	
292	3	145	009bb080	MuzzleFlash::Update	cg	827cca30	fallout/ai/combat/muzzleflash.cpp	fallout/ai	
293	3	146	00a24660						
294	3	147	008509a0				fallout/misc/saveload/bgssaveloadmanager.cpp	fallout/misc	
295	3	148	00a24660						
296	3	149	008509f0				fallout/misc/saveload/bgssaveloadmanager.cpp	fallout/misc	
297	3	150	00404ee0				fallout shared/magic/effectitem.cpp	fallout shared/magic	
298	2	6	0084d030				fallout/misc/saveload/bgssaveloadglobaldata.cpp	fallout/misc	
299	2	7	009c8cc0	VATS::GetPlayerUpdateMult	cg	827d7508	fallout/ai/combat/vats.cpp	fallout/ai	
300	3	1	0058d630	BGSCameraShot::IsInitialized	cg	823cac58	fallout shared/bgscamerashot.cpp	fallout shared	
301	3	2	00639aa0				fallout shared/sky/precipitation.cpp	fallout shared/sky	
302	3	3	00639aa0				fallout shared/sky/precipitation.cpp	fallout shared/sky	
303	3	4	00403e20				fallout shared/magic/effectitem.cpp	fallout shared/magic	
304	3	5	009443f0				fallout/ai/playercharacter.cpp	fallout/ai	
305	3	6	00716440				fallout/interface/interfacemanager.cpp	fallout/interface	
306	2	8	008d6f30					fallout/ai	
307	2	9	00436aa0				fallout shared/extradataobjects.cpp	fallout shared	
308	2	10	00425fd0						
309	2	11	00550200				fallout shared/tesobjectcell.cpp	fallout shared	
310	3	1	00425fd0						
311	3	2	00406d90						
312	3	3	00406d90						
313	3	4	00544c30	TESObjectCELL::GetDataX	cg	82381790	fallout shared/tesobjectcell.cpp	fallout shared	
314	3	5	00544c60	TESObjectCELL::GetDataY	cg	823817c0	fallout shared/tesobjectcell.cpp	fallout shared	
315	2	12	0054ddd0	TESObjectCELL::GetWorldSpace	cg	82381c00	fallout shared/tesobjectcell.cpp	fallout shared	
316	3	1	00425fd0						
317	2	13	00461bc0	TESDataHandler::GetCellFromWorldCoord	cg	822b56b8	fallout shared/tesdatahandler.cpp	fallout shared	
318	3	1	00406d90						
319	3	2	00406d90						
320	3	3	00461c20	TESDataHandler::GetCellFromCellCoord	align-sim	822b0e90	fallout shared/tesdatahandler.cpp	fallout shared	
321	2	14	00450fb0				fallout shared/tes.cpp	fallout shared	
322	3	1	00450fd0				fallout shared/tes.cpp	fallout shared	
323	2	15	00450ff0				fallout shared/tes.cpp	fallout shared	
324	3	1	00450fd0				fallout shared/tes.cpp	fallout shared	
325	2	16	00452580	TES::UpdateCurrentGridCell	str	822ac060	fallout shared/tes.cpp	fallout shared	
326	3	1	0045bb80				fallout shared/tes.cpp	fallout shared	
327	3	2	00470470						
328	3	3	0045c840				fallout shared/tes.cpp	fallout shared	
329	3	4	005f36f0	ActorMover::GetPreferredMoveMode	vt	824c0938	fallout/ai/movement/actormover.cpp	fallout/ai	
330	3	5	0045c780				fallout shared/tes.cpp	fallout shared	
331	3	6	0042ce10				fallout shared/extradatalist.cpp	fallout shared	
332	3	7	00559450						
333	3	8	00628da0						
334	3	9	00457070	TES::GetCurrentCell	cg	822a5440	fallout shared/tes.cpp	fallout shared	
335	3	10	00559450						
336	3	11	006271b0	LoadedAreaBound::Update	align-sim	82462320			
337	3	12	00406d90						
338	3	13	00406d90						
339	3	14	00457d70	TES::ShowLoadingMenu	frame	822a5e50	fallout shared/tes.cpp	fallout shared	
340	3	15	004515a0				fallout shared/tes.cpp	fallout shared	
341	3	16	00406d90						
342	3	17	00406d90						
343	3	18	0043d4d0				fallout shared/modelloader.cpp	fallout shared	
344	3	19	00ec7d40						
345	3	20	00ec7d40						
346	3	21	0042ce10				fallout shared/extradatalist.cpp	fallout shared	
347	3	22	00408d60						
348	3	23	005f36f0	ActorMover::GetPreferredMoveMode	vt	824c0938	fallout/ai/movement/actormover.cpp	fallout/ai	
349	3	24	00408d60						
350	3	25	00454d50				fallout shared/tes.cpp	fallout shared	
351	3	26	00452490	TES::CleanUpUnusedTextures	cg	822a2388	fallout shared/tes.cpp	fallout shared	
352	3	27	0043d4d0				fallout shared/modelloader.cpp	fallout shared	
353	3	28	004fd3e0	TES::GetWorldSpace	cg	82aa9780	fallout shared/tes.cpp	fallout shared	
354	3	29	005283c0	ExteriorCellLoader::QueueCellLoad	cg	82366058	fallout shared/exteriorcellloader.cpp	fallout shared	
355	3	30	004fd3e0	TES::GetWorldSpace	cg	82aa9780	fallout shared/tes.cpp	fallout shared	
356	3	31	005283c0	ExteriorCellLoader::QueueCellLoad	cg	82366058	fallout shared/exteriorcellloader.cpp	fallout shared	
357	3	32	004fd3e0	TES::GetWorldSpace	cg	82aa9780	fallout shared/tes.cpp	fallout shared	
358	3	33	005283c0	ExteriorCellLoader::QueueCellLoad	cg	82366058	fallout shared/exteriorcellloader.cpp	fallout shared	
359	3	34	00452e40				fallout shared/tes.cpp	fallout shared	
360	3	35	00705e80	Interface::GetLoadingMenuVisible	cg	8253ee68	fallout/interface/interface.cpp	fallout/interface	
361	3	36	005285a0				fallout shared/exteriorcellloader.cpp	fallout shared	
362	3	37	0042ce10				fallout shared/extradatalist.cpp	fallout shared	
363	3	38	004581e0				fallout shared/tes.cpp	fallout shared	
364	3	39	0042ce10				fallout shared/extradatalist.cpp	fallout shared	
365	3	40	00452e90				fallout shared/tes.cpp	fallout shared	
366	3	41	00452dc0				fallout shared/tes.cpp	fallout shared	
367	3	42	00452df0				fallout shared/tes.cpp	fallout shared	
368	3	43	00ec7d40						
369	3	44	00ec7d40						
370	3	45	00452e70				fallout shared/tes.cpp	fallout shared	
371	3	46	0045c840				fallout shared/tes.cpp	fallout shared	
372	3	47	0045c780				fallout shared/tes.cpp	fallout shared	
373	3	48	00528110				fallout shared/exteriorcellloader.cpp	fallout shared	
374	3	49	005281f0	ExteriorCellLoader::TryCancelTasks	cg	82367aa8	fallout shared/exteriorcellloader.cpp	fallout shared	
375	3	50	005282d0				fallout shared/exteriorcellloader.cpp	fallout shared	
376	3	51	005f36f0	ActorMover::GetPreferredMoveMode	vt	824c0938	fallout/ai/movement/actormover.cpp	fallout/ai	
377	3	52	00408d60						
378	3	53	00454d50				fallout shared/tes.cpp	fallout shared	
379	3	54	00452490	TES::CleanUpUnusedTextures	cg	822a2388	fallout shared/tes.cpp	fallout shared	
380	3	55	004fd3e0	TES::GetWorldSpace	cg	82aa9780	fallout shared/tes.cpp	fallout shared	
381	3	56	00460140				fallout shared/tesdatahandler.cpp	fallout shared	
382	3	57	006815c0					fallout shared	
383	3	58	00458200	TES::SetWorldSpace	cg	822a61d8	fallout shared/tes.cpp	fallout shared	
384	3	59	00ec7d40						
385	3	60	00ec7d40						
386	3	61	00451010				fallout shared/tes.cpp	fallout shared	
387	3	62	00451010				fallout shared/tes.cpp	fallout shared	
388	3	63	00c6b540					BSHavok	
389	3	64	00451010				fallout shared/tes.cpp	fallout shared	
390	3	65	00c68f00				BSHavok/bhkworld.obj	BSHavok	
391	3	66	00451010				fallout shared/tes.cpp	fallout shared	
392	3	67	00c66310				BSHavok/bhkworld.obj	BSHavok	
393	3	68	00451010				fallout shared/tes.cpp	fallout shared	
394	3	69	005285a0				fallout shared/exteriorcellloader.cpp	fallout shared	
395	3	70	00451010				fallout shared/tes.cpp	fallout shared	
396	3	71	0068a830				fallout shared/tempeffects/bstempeffectparticle.cpp	fallout shared/tempeffects	
397	3	72	00451010				fallout shared/tes.cpp	fallout shared	
398	3	73	00c68f00				BSHavok/bhkworld.obj	BSHavok	
399	3	74	00451010				fallout shared/tes.cpp	fallout shared	
400	3	75	00c68f00				BSHavok/bhkworld.obj	BSHavok	
401	3	76	00452ed0	TES::AllCellsInGridLoaded	cg	822a4290	fallout shared/tes.cpp	fallout shared	
402	3	77	0042ce10				fallout shared/extradatalist.cpp	fallout shared	
403	3	78	004581e0				fallout shared/tes.cpp	fallout shared	
404	3	79	00ec7d40						
405	3	80	00ec7d40						
406	3	81	00457be0	TES::InitModelsToLoad	cg	822a90f0	fallout shared/tes.cpp	fallout shared	
407	3	82	00451010				fallout shared/tes.cpp	fallout shared	
408	3	83	00451010				fallout shared/tes.cpp	fallout shared	
409	3	84	00c66300				BSHavok/bhkworld.obj	BSHavok	
410	3	85	00452ff0	TES::GridArrayLoad	cg	822ab088	fallout shared/tes.cpp	fallout shared	
411	3	86	00452e50				fallout shared/tes.cpp	fallout shared	
412	3	87	00451010				fallout shared/tes.cpp	fallout shared	
413	3	88	00451010				fallout shared/tes.cpp	fallout shared	
414	3	89	00c6b540					BSHavok	
415	3	90	00451010				fallout shared/tes.cpp	fallout shared	
416	3	91	00c6b540					BSHavok	
417	3	92	00452490	TES::CleanUpUnusedTextures	cg	822a2388	fallout shared/tes.cpp	fallout shared	
418	3	93	0062f460	TESWaterListener::RefreshExteriorWaterHeights	align-sim	82467cd0	fallout shared/havok/teswaterlistener.cpp	fallout shared/havok	
419	3	94	005f36f0	ActorMover::GetPreferredMoveMode	vt	824c0938	fallout/ai/movement/actormover.cpp	fallout/ai	
420	3	95	00586170	TESWorldSpace::GetTerrainManager	cg	823c1b28	fallout shared/tesworldspace.cpp	fallout shared	
421	3	96	006fca90	BGSTerrainManager::Update	cg	82538a20	fallout shared/distant terrain system/bgsterrainmanager.cpp	fallout shared/distant terrain system	
422	3	97	00452e40				fallout shared/tes.cpp	fallout shared	
423	2	17	00451530				fallout shared/tes.cpp	fallout shared	
424	2	18	00457d70	TES::ShowLoadingMenu	frame	822a5e50	fallout shared/tes.cpp	fallout shared	
425	3	1	00705e80	Interface::GetLoadingMenuVisible	cg	8253ee68	fallout/interface/interface.cpp	fallout/interface	
426	3	2	00458140				fallout shared/tes.cpp	fallout shared	
427	3	3	00458180				fallout shared/tes.cpp	fallout shared	
428	3	4	00451530				fallout shared/tes.cpp	fallout shared	
429	3	5	0063e010				fallout shared/sky/sky.cpp	fallout shared/sky	
430	3	6	00453a70	BSAudio::QInstance	cg	822a1ca0	fallout shared/tes.cpp	fallout shared	
431	3	7	00ad8780	BSAudio::EndAllSoundsOfType	cg	8290d2e8	BSAudio/bsaudio.cpp	BSAudio	
432	3	8	00401170						
433	3	9	00425fd0						
434	3	10	0054ddd0	TESObjectCELL::GetWorldSpace	cg	82381c00	fallout shared/tesobjectcell.cpp	fallout shared	
435	3	11	008d6f30					fallout/ai	
436	3	12	00425fd0						
437	3	13	0054ddd0	TESObjectCELL::GetWorldSpace	cg	82381c00	fallout shared/tesobjectcell.cpp	fallout shared	
438	3	14	00575d70	TESObjectREFR::GetWorldSpace	cg	8239ee90	fallout shared/tesobjectrefr.cpp	fallout shared	
439	3	15	00705e00	Interface::CreateLoadingMenu	cg	8253edd0	fallout/interface/interface.cpp	fallout/interface	
440	3	16	00aff100					BSSystem	
441	3	17	00458010				fallout shared/tes.cpp	fallout shared	
442	3	18	00aff100					BSSystem	
443	3	19	00aff100					BSSystem	
444	3	20	00457ff0				fallout shared/tes.cpp	fallout shared	
445	3	21	004580e0				fallout shared/tes.cpp	fallout shared	
446	3	22	004580e0				fallout shared/tes.cpp	fallout shared	
447	3	23	00458060				fallout shared/tes.cpp	fallout shared	
448	3	24	00705e30	Interface::CloseLoadingMenu	cg	8253ee20	fallout/interface/interface.cpp	fallout/interface	
449	3	25	00458030				fallout shared/tes.cpp	fallout shared	
450	3	26	00771700	HUDMainMenu::SetMenuMode	cg	825a7530	fallout/interface/menus/hudmainmenu.cpp	fallout/interface	
451	3	27	00457fe0				fallout shared/tes.cpp	fallout shared	
452	3	28	00457fe0				fallout shared/tes.cpp	fallout shared	
453	3	29	00458060				fallout shared/tes.cpp	fallout shared	
454	3	30	00705e30	Interface::CloseLoadingMenu	cg	8253ee20	fallout/interface/interface.cpp	fallout/interface	
455	3	31	00458030				fallout shared/tes.cpp	fallout shared	
456	3	32	00771700	HUDMainMenu::SetMenuMode	cg	825a7530	fallout/interface/menus/hudmainmenu.cpp	fallout/interface	
457	2	19	0086fba0				fallout/misc/main.cpp	fallout/misc	
458	2	20	0086fbc0				fallout/misc/main.cpp	fallout/misc	
459	2	21	00548230	TESObjectCELL::AddReference	cg	823999e8	fallout shared/tesobjectcell.cpp	fallout shared	
460	3	1	007af430	BGSSaveFormBuffer::GetForm	vt	823391d0	fallout/misc/saveload/bgssaveformbuffer.cpp	fallout/misc	
461	3	2	00564e60					fallout shared	
462	3	3	00440da0				fallout shared/modelloader.cpp	fallout shared	
463	3	4	005516c0				fallout shared/tesobjectcell.cpp	fallout shared	
464	3	5	00541ac0				fallout shared/tesobjectcell.cpp	fallout shared	
465	3	6	009604f0				fallout/ai/playercharacter.cpp	fallout/ai	
466	3	7	005ae3d0						
467	3	8	00541ae0				fallout shared/tesobjectcell.cpp	fallout shared	
468	3	9	005d43c0				fallout shared/tesscriptfunctions.cpp	fallout shared	
469	3	10	0041d390	ExtraDataList::SetPersistentCell	cg	822688c8	fallout shared/extradatalist.cpp	fallout shared	
470	3	11	0054ddd0	TESObjectCELL::GetWorldSpace	cg	82381c00	fallout shared/tesobjectcell.cpp	fallout shared	
471	3	12	00587d10	TESWorldSpace::AddToPersistentRefData	cg	823c52c8	fallout shared/tesworldspace.cpp	fallout shared	
472	3	13	004516b0				fallout shared/tes.cpp	fallout shared	
473	3	14	008d6f30					fallout/ai	
474	3	15	0054ca90	TESObjectCELL::RemoveReference	cg	82391108	fallout shared/tesobjectcell.cpp	fallout shared	
475	3	16	00541ac0				fallout shared/tesobjectcell.cpp	fallout shared	
476	3	17	009604f0				fallout/ai/playercharacter.cpp	fallout/ai	
477	3	18	005ae3d0						
478	3	19	00541ae0				fallout shared/tesobjectcell.cpp	fallout shared	
479	3	20	00450ff0				fallout shared/tes.cpp	fallout shared	
480	3	21	00526f20	BGSLoadedReferenceCollection::AddReference	align-sim	82364750	fallout shared/bgsloadedreferencecollection.cpp	fallout shared	
481	3	22	00440da0				fallout shared/modelloader.cpp	fallout shared	
482	3	23	005656d0				fallout shared/tesobjectrefr.cpp	fallout shared	
483	3	24	00545560				fallout shared/tesobjectcell.cpp	fallout shared	
484	3	25	0056a250	TESObjectREFR::IsActivatingChildren	cg	8239d318	fallout shared/tesobjectrefr.cpp	fallout shared	
485	3	26	005455c0	TESObjectCELL::AddActivatingRef	cg	8238b728	fallout shared/tesobjectcell.cpp	fallout shared	
486	3	27	00440da0				fallout shared/modelloader.cpp	fallout shared	
487	3	28	00ec43fb	__RTDynamicCast	str	82eb3b00	LIBCMT/rtti.cpp	LIBCMT	
488	3	29	004516b0				fallout shared/tes.cpp	fallout shared	
489	3	30	00437b90				fallout shared/extradataobjects.cpp	fallout shared	
490	3	31	004511e0	TES::IsCellLoaded	cg	822a1f90	fallout shared/tes.cpp	fallout shared	
491	3	32	00548880	TESObjectCELL::AttachReference3D	str	82397e38	fallout shared/tesobjectcell.cpp	fallout shared	
492	3	33	0094df60	PlayerCharacter::IsSleepingorResting	cg	82750e48	fallout/ai/playercharacter.cpp	fallout/ai	
493	3	34	00548720				fallout shared/tesobjectcell.cpp	fallout shared	
494	3	35	0047c850				fallout shared/tesactorbasedata.cpp	fallout shared	
495	3	36	0047c850				fallout shared/tesactorbasedata.cpp	fallout shared	
496	3	37	00450ff0				fallout shared/tes.cpp	fallout shared	
497	3	38	004523c0				fallout shared/tes.cpp	fallout shared	
498	3	39	00458be0	TES::GetCellPriority	cg	822a2dc0	fallout shared/tes.cpp	fallout shared	
499	3	40	00444850	ModelLoader::QueueReference	cg	8228b2d8	fallout shared/modelloader.cpp	fallout shared	
500	3	41	0096e870	ProcessLists::AddActorToTempChangeList	cg	82780938	fallout/ai/processlists.cpp	fallout/ai	
501	3	42	00405430	NiTMapBase<DFALL<NiTMapItem<unsigned_int_CombatThreat_P>_>_unsigned_int_CombatThreat_P>::RemoveAt	cg	824e5ae8	fallout/ai/combat/combatthreatmap.cpp	fallout/ai	
502	3	43	0094df60	PlayerCharacter::IsSleepingorResting	cg	82750e48	fallout/ai/playercharacter.cpp	fallout/ai	
503	3	44	0047c850				fallout shared/tesactorbasedata.cpp	fallout shared	
504	3	45	008c7aa0					fallout/ai	
505	3	46	004537b0				fallout shared/tes.cpp	fallout shared	
506	3	47	0087b400	TaskQueueInterface::QueueSet3DNull	cg	826a66c8	fallout/misc/taskqueueinterface.cpp	fallout/misc	
507	3	48	005728c0	TESObjectREFR::AddLight	align-sim	823a5948	fallout shared/tesobjectrefr.cpp	fallout shared	
508	3	49	008d6f30					fallout/ai	
509	3	50	00425fd0						
510	3	51	00548700				fallout shared/tesobjectcell.cpp	fallout shared	
511	3	52	005f65d0					fallout shared	
512	3	53	005ae3d0						
513	3	54	00885a30				fallout/ai/actor.cpp	fallout/ai	
514	3	55	005f65d0					fallout shared	
515	3	56	005ae3d0						
516	2	22	00547590	TESObjectCELL::GetAcousticSpace	cg	82381af8	fallout shared/tesobjectcell.cpp	fallout shared	
517	3	1	004610d0						
518	3	2	0041c160	ExtraDataList::GetAcousticSpace	cg	822621c0	fallout shared/extradatalist.cpp	fallout shared	
519	2	23	0086fbb0				fallout/misc/main.cpp	fallout/misc	
520	2	24	0086fbc0				fallout/misc/main.cpp	fallout/misc	
521	2	25	0086fba0				fallout/misc/main.cpp	fallout/misc	
522	2	26	00b4f5c0	BSShaderManager::GetAccumulator	cg	82a39380	BSShader/bsshadermanager.cpp	BSShader	
523	2	27	00b655b0	BSShaderAccumulator::ClearAllBoundVolumes	cg	82a59568	BSShader/bsshaderaccumulator.cpp	BSShader	
524	3	1	00c4ed40					BSMain	
525	3	2	00aa4060				BSCore/memorymanager.cpp	BSCore	
526	3	3	00aa4060				BSCore/memorymanager.cpp	BSCore	
527	3	4	0040fbf0					fallout shared	
528	1	15	006ff580						
529	2	1	00401000						
530	3	1	00401020						
531	3	2	00aa3e40				BSCore/memorymanager.cpp	BSCore	
532	2	2	006ff690						
533	3	1	006ff920						
534	3	2	006ff9f0						
535	3	3	006ffa70						
536	3	4	006ff820						
537	1	16	006ff860						
538	1	17	0086fd90	Main::OnIdle_UpdateImageSpace	cg	8269c100	fallout/misc/main.cpp	fallout/misc	
539	2	1	004e3270				fallout shared/teswater.cpp	fallout shared	
540	2	2	00b8b500				BSShader/imagespacemanager.cpp	BSShader	
541	3	1	00ec44d0	_memcpy	fid			LIBCMT	
542	2	3	004e3270				fallout shared/teswater.cpp	fallout shared	
543	2	4	00b8b9a0				BSShader/imagespacemanager.cpp	BSShader	
544	3	1	00ec61c0	_memset	fid			LIBCMT	
545	2	5	0084d030				fallout/misc/saveload/bgssaveloadglobaldata.cpp	fallout/misc	
546	2	6	0086ff50				fallout/misc/main.cpp	fallout/misc	
547	2	7	0043b5d0				fallout shared/modelloader.cpp	fallout shared	
548	2	8	006815c0					fallout shared	
549	2	9	00559450						
550	2	10	00633c90					fallout shared/sky	
551	3	1	0040f6e0					fallout shared	
552	2	11	00631620	BSSimpleList<NiPointer<ObstacleData>_>::Remove	cg	82369050	fallout shared/pathfinding/navmeshobstaclemanager.cpp	fallout shared/pathfinding	
553	3	1	00822510				fallout/magic/magicshaderhiteffect.cpp	fallout/magic	
554	3	2	004a4460					fallout shared	
555	3	3	00631820				fallout shared/havok/teswaterlistener.cpp	fallout shared/havok	
556	3	4	006e5cc0	NiPointer<PathingDebugGeometryData>::operator_	cg	822ef3b8	fallout/ai/movement/actormover.cpp	fallout/ai	
557	3	5	004ee360				fallout shared/bgsdecalnode.cpp	fallout shared	
558	3	6	0066b0d0					fallout shared/speedtree	
559	3	7	004ee360				fallout shared/bgsdecalnode.cpp	fallout shared	
560	2	12	0045cec0						
561	3	1	00401970						
562	2	13	0086ff40				fallout/misc/main.cpp	fallout/misc	
563	2	14	0084d030				fallout/misc/saveload/bgssaveloadglobaldata.cpp	fallout/misc	
564	2	15	00726070				fallout/interface/menumanager.cpp	fallout/interface	
565	2	16	004e3270				fallout shared/teswater.cpp	fallout shared	
566	2	17	00b8aea0				BSShader/imagespacemanager.cpp	BSShader	
567	2	18	004e3270				fallout shared/teswater.cpp	fallout shared	
568	2	19	00b8ccb0				BSShader/imagespacemanager.cpp	BSShader	
569	3	1	00b8b540				BSShader/imagespacemanager.cpp	BSShader	
570	3	2	00b8b610				BSShader/imagespacemanager.cpp	BSShader	
571	2	20	004e3270				fallout shared/teswater.cpp	fallout shared	
572	2	21	00b8d020				BSShader/imagespacemanager.cpp	BSShader	
573	3	1	00b8bc80				BSShader/imagespacemanager.cpp	BSShader	
574	3	2	00b8bc20				BSShader/imagespacemanager.cpp	BSShader	
575	3	3	00b8b210				BSShader/imagespacemanager.cpp	BSShader	
576	2	22	004e3270				fallout shared/teswater.cpp	fallout shared	
577	2	23	00b8b440				BSShader/imagespacemanager.cpp	BSShader	
578	1	18	00702360	Interface::IsInMenuMode	cg	8253d540	fallout/interface/interface.cpp	fallout/interface	
579	2	1	004b7210				fallout shared/globalfunc.cpp	fallout shared	
580	2	2	004b7210				fallout shared/globalfunc.cpp	fallout shared	
581	2	3	009373f0				fallout/ai/modifierlist.cpp	fallout/ai	
582	2	4	004b7210				fallout shared/globalfunc.cpp	fallout shared	
583	2	5	007023a0				fallout/interface/interface.cpp	fallout/interface	
584	1	19	00709bc0	Interface::IsPipboyOpening	cg	8253f9c0	fallout/interface/interface.cpp	fallout/interface	
585	2	1	004b7210				fallout shared/globalfunc.cpp	fallout shared	
586	1	20	007050d0	Interface::InDialog	cg	8253e408	fallout/interface/interface.cpp	fallout/interface	
587	2	1	004b7210				fallout shared/globalfunc.cpp	fallout shared	
588	2	2	004b7210				fallout shared/globalfunc.cpp	fallout shared	
589	2	3	009373f0				fallout/ai/modifierlist.cpp	fallout/ai	
590	2	4	00705100				fallout/interface/interface.cpp	fallout/interface	
591	1	21	00701450	FaderManager::IsFaderVisible	frame	8253bbf8	fallout/interface/fadermanager.cpp	fallout/interface	
592	1	22	00703d50	Interface::IsConsoleVisible	cg	8253db90	fallout/interface/interface.cpp	fallout/interface	
593	2	1	004b7210				fallout shared/globalfunc.cpp	fallout shared	
594	2	2	004b7210				fallout shared/globalfunc.cpp	fallout shared	
595	2	3	009373f0				fallout/ai/modifierlist.cpp	fallout/ai	
596	2	4	0071b160	MenuConsole::Instance	cg	82553cf8	fallout/interface/menuconsole.cpp	fallout/interface	
597	3	1	00401000						
598	3	2	0071af10				fallout/interface/menuconsole.cpp	fallout/interface	
599	3	3	0071b0e0	MenuConsole::Init	cg	82552908	fallout/interface/menuconsole.cpp	fallout/interface	
600	2	5	0071b160	MenuConsole::Instance	cg	82553cf8	fallout/interface/menuconsole.cpp	fallout/interface	
601	3	1	00401000						
602	3	2	0071af10				fallout/interface/menuconsole.cpp	fallout/interface	
603	3	3	0071b0e0	MenuConsole::Init	cg	82552908	fallout/interface/menuconsole.cpp	fallout/interface	
604	2	6	004a4020					fallout shared	
605	1	23	008d6f30					fallout/ai	
606	1	24	006da7c0	Pathing::ProfilePathing	str	8250b808	fallout shared/pathfinding/pathfind.cpp	fallout shared/pathfinding	
607	2	1	0042fb00				fallout shared/extradatalist.cpp	fallout shared	
608	3	1	0042fd70				fallout shared/extradatalist.cpp	fallout shared	
609	2	2	00425fd0						
610	2	3	00544c30	TESObjectCELL::GetDataX	cg	82381790	fallout shared/tesobjectcell.cpp	fallout shared	
611	3	1	005445d0				fallout shared/tesobjectcell.cpp	fallout shared	
612	2	4	00544c60	TESObjectCELL::GetDataY	cg	823817c0	fallout shared/tesobjectcell.cpp	fallout shared	
613	3	1	005445d0				fallout shared/tesobjectcell.cpp	fallout shared	
614	2	5	006dce60	PathingLocation::PathingLocation_ov5	cg	82517918	fallout shared/pathfinding/pathinglocation.cpp	fallout shared/pathfinding	
615	3	1	006815c0					fallout shared	
616	3	2	006dd280	PathingLocation::SetupData	cg	82516d38	fallout shared/pathfinding/pathinglocation.cpp	fallout shared/pathfinding	
617	2	6	006dd6f0	PathingLocation::ResolveNavMeshInfo	cg	82517f90	fallout shared/pathfinding/pathinglocation.cpp	fallout shared/pathfinding	
618	3	1	006a9520				fallout shared/pathfinding/navmeshsearchflee.cpp	fallout shared/pathfinding	
619	3	2	0068f320				fallout shared/pathfinding/navmesh.cpp	fallout shared/pathfinding	
620	3	3	0042fb00				fallout shared/extradatalist.cpp	fallout shared	
621	3	4	0069ad00				fallout shared/pathfinding/navmesh_util.cpp	fallout shared/pathfinding	
622	3	5	00559450						
623	3	6	00696a50				fallout shared/pathfinding/navmesh_util.cpp	fallout shared/pathfinding	
624	3	7	0042fa40				fallout shared/extradatalist.cpp	fallout shared	
625	3	8	006dd4f0	PathingLocation::GetCell	cg	825168d8	fallout shared/pathfinding/pathinglocation.cpp	fallout shared/pathfinding	
626	3	9	006dd4f0	PathingLocation::GetCell	cg	825168d8	fallout shared/pathfinding/pathinglocation.cpp	fallout shared/pathfinding	
627	3	10	00450ff0				fallout shared/tes.cpp	fallout shared	
628	3	11	0044ddc0					fallout shared	
629	3	12	0042fb00				fallout shared/extradatalist.cpp	fallout shared	
630	3	13	006a7ad0				fallout shared/pathfinding/navmeshsearch.cpp	fallout shared/pathfinding	
631	3	14	0069ad00				fallout shared/pathfinding/navmesh_util.cpp	fallout shared/pathfinding	
632	3	15	00559450						
633	3	16	00440da0				fallout shared/modelloader.cpp	fallout shared	
634	3	17	00559450						
635	3	18	00696a50				fallout shared/pathfinding/navmesh_util.cpp	fallout shared/pathfinding	
636	3	19	006a7ad0				fallout shared/pathfinding/navmeshsearch.cpp	fallout shared/pathfinding	
637	3	20	006dcfe0				fallout shared/pathfinding/pathinglocation.cpp	fallout shared/pathfinding	
638	3	21	0042fa40				fallout shared/extradatalist.cpp	fallout shared	
639	3	22	0042fa40				fallout shared/extradatalist.cpp	fallout shared	
640	3	23	006ddc00	PathingLocation::ResolveToClosestNavmeshAndTriangle	cg	82516fe0	fallout shared/pathfinding/pathinglocation.cpp	fallout shared/pathfinding	
641	3	24	006dcfe0				fallout shared/pathfinding/pathinglocation.cpp	fallout shared/pathfinding	
642	3	25	006dd5a0				fallout shared/pathfinding/pathinglocation.cpp	fallout shared/pathfinding	
643	3	26	006dcfe0				fallout shared/pathfinding/pathinglocation.cpp	fallout shared/pathfinding	
644	3	27	0044ddc0					fallout shared	
645	3	28	006a7ad0				fallout shared/pathfinding/navmeshsearch.cpp	fallout shared/pathfinding	
646	3	29	0068f320				fallout shared/pathfinding/navmesh.cpp	fallout shared/pathfinding	
647	3	30	006286d0	LowProcess::GetNumberOfItemsActivated	vt	8270d9d0	fallout/ai/highprocess.cpp	fallout/ai	
648	3	31	0069bea0						
649	3	32	006a7ad0				fallout shared/pathfinding/navmeshsearch.cpp	fallout shared/pathfinding	
650	3	33	0042fb00				fallout shared/extradatalist.cpp	fallout shared	
651	3	34	0069ad00				fallout shared/pathfinding/navmesh_util.cpp	fallout shared/pathfinding	
652	3	35	00559450						
653	3	36	00696a50				fallout shared/pathfinding/navmesh_util.cpp	fallout shared/pathfinding	
654	3	37	006dcfe0				fallout shared/pathfinding/pathinglocation.cpp	fallout shared/pathfinding	
655	3	38	0042fa40				fallout shared/extradatalist.cpp	fallout shared	
656	3	39	0044ddc0					fallout shared	
657	3	40	006a7ad0				fallout shared/pathfinding/navmeshsearch.cpp	fallout shared/pathfinding	
658	3	41	0068f320				fallout shared/pathfinding/navmesh.cpp	fallout shared/pathfinding	
659	3	42	006286d0	LowProcess::GetNumberOfItemsActivated	vt	8270d9d0	fallout/ai/highprocess.cpp	fallout/ai	
660	3	43	0069c070						
661	3	44	004a7290				fallout shared/bgsprimitive.cpp	fallout shared	
662	3	45	006a7ad0				fallout shared/pathfinding/navmeshsearch.cpp	fallout shared/pathfinding	
663	3	46	006dcfe0				fallout shared/pathfinding/pathinglocation.cpp	fallout shared/pathfinding	
664	3	47	006a7ad0				fallout shared/pathfinding/navmeshsearch.cpp	fallout shared/pathfinding	
665	3	48	006de490				fallout shared/pathfinding/pathinglocation.cpp	fallout shared/pathfinding	
666	3	49	006dcfe0				fallout shared/pathfinding/pathinglocation.cpp	fallout shared/pathfinding	
667	3	50	006dd5a0				fallout shared/pathfinding/pathinglocation.cpp	fallout shared/pathfinding	
668	2	7	004ff7e0					fallout shared	
669	2	8	0042fa40				fallout shared/extradatalist.cpp	fallout shared	
670	3	1	0042fda0				fallout shared/extradatalist.cpp	fallout shared	
671	2	9	006dd610	PathingLocation::GetNavMesh	cg	82516b40	fallout shared/pathfinding/pathinglocation.cpp	fallout shared/pathfinding	
672	3	1	0069ad00				fallout shared/pathfinding/navmesh_util.cpp	fallout shared/pathfinding	
673	2	10	006a65e0	BSSimpleArray<NiPoint3_1024>::BSSimpleArray<NiPoint3_1024>	cg	824d38f0	fallout shared/pathfinding/navmeshrender.cpp	fallout shared/pathfinding	
674	3	1	0049f990					fallout shared	
675	2	11	006a1440				fallout shared/pathfinding/navmeshpovsearch.cpp	fallout shared/pathfinding	
676	2	12	00441110	PathingLocation::GetWorldspace	cg	82c279e0	fallout shared/pathfinding/pathinglocation.cpp	fallout shared/pathfinding	
677	2	13	006d7110	Pathing::FindPointOnNavMesh	cg	82503068	fallout shared/pathfinding/pathfind.cpp	fallout shared/pathfinding	
678	3	1	006dcee0	PathingLocation::PathingLocation_ov7	cg	825179a0	fallout shared/pathfinding/pathinglocation.cpp	fallout shared/pathfinding	
679	3	2	006dd6f0	PathingLocation::ResolveNavMeshInfo	cg	82517f90	fallout shared/pathfinding/pathinglocation.cpp	fallout shared/pathfinding	
680	3	3	0042fb00				fallout shared/extradatalist.cpp	fallout shared	
681	3	4	006dd610	PathingLocation::GetNavMesh	cg	82516b40	fallout shared/pathfinding/pathinglocation.cpp	fallout shared/pathfinding	
682	3	5	00476b70	RandomFloat	cg	822c4df0	fallout shared/bgsdestructibleobjectform.cpp	fallout shared	
683	3	6	004019b0						
684	3	7	00476b70	RandomFloat	cg	822c4df0	fallout shared/bgsdestructibleobjectform.cpp	fallout shared	
685	3	8	00416870				fallout shared/extradatalist.cpp	fallout shared	
686	3	9	00439e90				fallout shared/multiboundmarkerdata.cpp	fallout shared	
687	3	10	0042fa40				fallout shared/extradatalist.cpp	fallout shared	
688	3	11	004ff7e0					fallout shared	
689	3	12	00559450						
690	3	13	00697c10				fallout shared/pathfinding/navmesh_util.cpp	fallout shared/pathfinding	
691	3	14	00559450						
692	3	15	00697670				fallout shared/pathfinding/navmesh_util.cpp	fallout shared/pathfinding	
693	3	16	00559450						
694	3	17	00696cf0	NavMesh::FindClosestTriangleForLocation	cg	824c8f68	fallout shared/pathfinding/navmesh_util.cpp	fallout shared/pathfinding	
695	3	18	0042fa40				fallout shared/extradatalist.cpp	fallout shared	
696	3	19	004ff7e0					fallout shared	
697	3	20	00559450						
698	3	21	00558220	NavMesh::GetCenter	cg	82382d08	fallout shared/tesobjectcell.cpp	fallout shared	
699	3	22	0042fa40				fallout shared/extradatalist.cpp	fallout shared	
700	3	23	004ff7e0					fallout shared	
701	2	14	00476b70	RandomFloat	cg	822c4df0	fallout shared/bgsdestructibleobjectform.cpp	fallout shared	
702	3	1	00476c00				fallout shared/bgsdestructibleobjectform.cpp	fallout shared	
703	3	2	00476b90				fallout shared/bgsdestructibleobjectform.cpp	fallout shared	
704	2	15	006a1440				fallout shared/pathfinding/navmeshpovsearch.cpp	fallout shared/pathfinding	
705	2	16	00476b70	RandomFloat	cg	822c4df0	fallout shared/bgsdestructibleobjectform.cpp	fallout shared	
706	3	1	00476c00				fallout shared/bgsdestructibleobjectform.cpp	fallout shared	
707	3	2	00476b90				fallout shared/bgsdestructibleobjectform.cpp	fallout shared	
708	2	17	006a1440				fallout shared/pathfinding/navmeshpovsearch.cpp	fallout shared/pathfinding	
709	2	18	006a1440				fallout shared/pathfinding/navmeshpovsearch.cpp	fallout shared/pathfinding	
710	2	19	006815c0					fallout shared	
711	2	20	006a1440				fallout shared/pathfinding/navmeshpovsearch.cpp	fallout shared/pathfinding	
712	2	21	006a1440				fallout shared/pathfinding/navmeshpovsearch.cpp	fallout shared/pathfinding	
713	2	22	00452dc0				fallout shared/tes.cpp	fallout shared	
714	2	23	006a1440				fallout shared/pathfinding/navmeshpovsearch.cpp	fallout shared/pathfinding	
715	2	24	006a1440				fallout shared/pathfinding/navmeshpovsearch.cpp	fallout shared/pathfinding	
716	2	25	00452dc0				fallout shared/tes.cpp	fallout shared	
717	2	26	006a1440				fallout shared/pathfinding/navmeshpovsearch.cpp	fallout shared/pathfinding	
718	2	27	006a1440				fallout shared/pathfinding/navmeshpovsearch.cpp	fallout shared/pathfinding	
719	2	28	00452dc0				fallout shared/tes.cpp	fallout shared	
720	2	29	006a1440				fallout shared/pathfinding/navmeshpovsearch.cpp	fallout shared/pathfinding	
721	2	30	006a1440				fallout shared/pathfinding/navmeshpovsearch.cpp	fallout shared/pathfinding	
722	2	31	00452dc0				fallout shared/tes.cpp	fallout shared	
723	2	32	006b9e90					fallout shared/pathfinding	
724	3	1	00408840				fallout shared/magic/effectsetting.cpp	fallout shared/magic	
725	3	2	004e8880				fallout shared/teswater.cpp	fallout shared	
726	3	3	00532fd0					fallout shared	
727	3	4	004dfe30						
728	2	33	006ba010					fallout shared/pathfinding	
729	2	34	005b5e40				fallout shared/tesscriptfunctions.cpp	fallout shared	
730	2	35	006e4080	PathingRequestCover::PathingRequestCover	cg	8251d578	fallout shared/pathfinding/pathingrequestcover.cpp	fallout shared/pathfinding	
731	3	1	006e2420	PathingRequest::PathingRequest	cg	8251c370	fallout shared/pathfinding/pathingrequest.cpp	fallout shared/pathfinding	
732	3	2	006815c0					fallout shared	
733	3	3	006815c0					fallout shared	
734	3	4	006815c0					fallout shared	
735	2	36	006d3ac0				fallout shared/pathfinding/pathfind.cpp	fallout shared/pathfinding	
736	3	1	006dcce0	PathingLocation::operator_	cg	82516480	fallout shared/pathfinding/pathinglocation.cpp	fallout shared/pathfinding	
737	2	37	006a1440				fallout shared/pathfinding/navmeshpovsearch.cpp	fallout shared/pathfinding	
738	2	38	006dad40				fallout shared/pathfinding/pathfind.cpp	fallout shared/pathfinding	
739	2	39	006dae60				fallout shared/pathfinding/pathfind.cpp	fallout shared/pathfinding	
740	3	1	006dc070				fallout shared/pathfinding/pathfind.cpp	fallout shared/pathfinding	
741	2	40	006d62e0				fallout shared/pathfinding/pathfind.cpp	fallout shared/pathfinding	
742	3	1	009acce0				fallout/ai/combat/explosion.cpp	fallout/ai	
743	3	2	006daeb0				fallout shared/pathfinding/pathfind.cpp	fallout shared/pathfinding	
744	3	3	006db680						
745	3	4	009d9f40						
746	3	5	0048d150				fallout shared/tesspelllist.cpp	fallout shared	
747	3	6	005c3420				fallout shared/tesscriptfunctions.cpp	fallout shared	
748	3	7	004390c0				fallout shared/multiboundmarkerdata.cpp	fallout shared	
749	3	8	006d6d60				fallout shared/pathfinding/pathfind.cpp	fallout shared/pathfinding	
750	3	9	00452dc0				fallout shared/tes.cpp	fallout shared	
751	3	10	00452dc0				fallout shared/tes.cpp	fallout shared	
752	3	11	006d6d90				fallout shared/pathfinding/pathfind.cpp	fallout shared/pathfinding	
753	3	12	006ad3b0					fallout shared/pathfinding	
754	3	13	009a7c40				fallout/ai/combat/combatutilities.cpp	fallout/ai	
755	3	14	006ad3b0					fallout shared/pathfinding	
756	3	15	0099e040				fallout/ai/combat/combatstate.cpp	fallout/ai	
757	3	16	0099e040				fallout/ai/combat/combatstate.cpp	fallout/ai	
758	3	17	006db7a0				fallout shared/pathfinding/pathfind.cpp	fallout shared/pathfinding	
759	3	18	0099e040				fallout/ai/combat/combatstate.cpp	fallout/ai	
760	3	19	0048d150				fallout shared/tesspelllist.cpp	fallout shared	
761	3	20	006d8a20				fallout shared/pathfinding/pathfind.cpp	fallout shared/pathfinding	
762	3	21	006815c0					fallout shared	
763	3	22	006815c0					fallout shared	
764	3	23	006815c0					fallout shared	
765	3	24	006815c0					fallout shared	
766	3	25	006815c0					fallout shared	
767	3	26	006815c0					fallout shared	
768	3	27	006815c0					fallout shared	
769	3	28	006815c0					fallout shared	
770	3	29	006815c0					fallout shared	
771	3	30	006815c0					fallout shared	
772	3	31	0042fb00				fallout shared/extradatalist.cpp	fallout shared	
773	3	32	006d6db0				fallout shared/pathfinding/pathfind.cpp	fallout shared/pathfinding	
774	3	33	006d6e30				fallout shared/pathfinding/pathfind.cpp	fallout shared/pathfinding	
775	3	34	0044ddc0					fallout shared	
776	3	35	00877a30				fallout/misc/main.cpp	fallout/misc	
777	3	36	0042f4c0				fallout shared/extradatalist.cpp	fallout shared	
778	3	37	00559450						
779	3	38	00461110						
780	3	39	0044ddc0					fallout shared	
781	3	40	00559450						
782	3	41	00461110						
783	3	42	0069dec0					fallout shared/pathfinding	
784	3	43	00559450						
785	3	44	005582f0				fallout shared/tesobjectcell.cpp	fallout shared	
786	3	45	00690770				fallout shared/pathfinding/navmesh.cpp	fallout shared/pathfinding	
787	3	46	00559450						
788	3	47	00558220	NavMesh::GetCenter	cg	82382d08	fallout shared/tesobjectcell.cpp	fallout shared	
789	3	48	00439ef0				fallout shared/multiboundmarkerdata.cpp	fallout shared	
790	3	49	004a7290				fallout shared/bgsprimitive.cpp	fallout shared	
791	3	50	00439ef0				fallout shared/multiboundmarkerdata.cpp	fallout shared	
792	3	51	004a7290				fallout shared/bgsprimitive.cpp	fallout shared	
793	3	52	00923000				fallout/ai/middlehighprocess.cpp	fallout/ai	
794	3	53	00557d30	TESObjectCELL::All3DWithVisibleDistantFadingIn	cg	82382400	fallout shared/tesobjectcell.cpp	fallout shared	
795	3	54	00439ef0				fallout shared/multiboundmarkerdata.cpp	fallout shared	
796	3	55	004a7290				fallout shared/bgsprimitive.cpp	fallout shared	
797	3	56	00439090				fallout shared/multiboundmarkerdata.cpp	fallout shared	
798	3	57	004b6190	NiPoint3::Dot	cg	822ff4e0	fallout shared/tempeffects/bstempeffectgeometrydecal.cpp	fallout shared/tempeffects	
799	3	58	00439090				fallout shared/multiboundmarkerdata.cpp	fallout shared	
800	3	59	004b6190	NiPoint3::Dot	cg	822ff4e0	fallout shared/tempeffects/bstempeffectgeometrydecal.cpp	fallout shared/tempeffects	
801	3	60	00408840				fallout shared/magic/effectsetting.cpp	fallout shared/magic	
802	3	61	00644a50				fallout shared/combatformulas.cpp	fallout shared	
803	3	62	006d6df0				fallout shared/pathfinding/pathfind.cpp	fallout shared/pathfinding	
804	3	63	006d6dd0				fallout shared/pathfinding/pathfind.cpp	fallout shared/pathfinding	
805	3	64	00559450						
806	3	65	006971e0				fallout shared/pathfinding/navmesh_util.cpp	fallout shared/pathfinding	
807	3	66	00691040				fallout shared/pathfinding/navmesh.cpp	fallout shared/pathfinding	
808	3	67	00559450						
809	3	68	0068f040	NavMesh::GetEdgeVertices	cg	824c10b8	fallout shared/pathfinding/navmesh.cpp	fallout shared/pathfinding	
810	3	69	00439ef0				fallout shared/multiboundmarkerdata.cpp	fallout shared	
811	3	70	0045bb20				fallout shared/tes.cpp	fallout shared	
812	3	71	00439e90				fallout shared/multiboundmarkerdata.cpp	fallout shared	
813	3	72	004b3800				fallout shared/globalfunc.cpp	fallout shared	
814	3	73	004a0c10				fallout shared/bgsdecalmanager.cpp	fallout shared	
815	3	74	0069ef80				fallout shared/pathfinding/navmeshpovsearch.cpp	fallout shared/pathfinding	
816	3	75	0045bb20				fallout shared/tes.cpp	fallout shared	
817	3	76	00439ef0				fallout shared/multiboundmarkerdata.cpp	fallout shared	
818	3	77	006ba010					fallout shared/pathfinding	
819	3	78	00559450						
820	3	79	0068efb0				fallout shared/pathfinding/navmesh.cpp	fallout shared/pathfinding	
821	3	80	006d6e50				fallout shared/pathfinding/pathfind.cpp	fallout shared/pathfinding	
822	3	81	006d6ee0				fallout shared/pathfinding/pathfind.cpp	fallout shared/pathfinding	
823	3	82	006e4500				fallout shared/pathfinding/pathingrequestcover.cpp	fallout shared/pathfinding	
824	3	83	006d6e10				fallout shared/pathfinding/pathfind.cpp	fallout shared/pathfinding	
825	3	84	00877a30				fallout/misc/main.cpp	fallout/misc	
826	3	85	00877a30				fallout/misc/main.cpp	fallout/misc	
827	3	86	006db540				fallout shared/pathfinding/pathfind.cpp	fallout shared/pathfinding	
828	3	87	006daf20				fallout shared/pathfinding/pathfind.cpp	fallout shared/pathfinding	
829	3	88	009acce0				fallout/ai/combat/explosion.cpp	fallout/ai	
830	3	89	006d32c0				fallout shared/pathfinding/pathfind.cpp	fallout shared/pathfinding	
831	3	90	0042fa40				fallout shared/extradatalist.cpp	fallout shared	
832	3	91	006c6ce0				fallout shared/pathfinding/navmeshobstaclemanager.cpp	fallout shared/pathfinding	
833	3	92	006db740						
834	3	93	006d32c0				fallout shared/pathfinding/pathfind.cpp	fallout shared/pathfinding	
835	3	94	0042fa40				fallout shared/extradatalist.cpp	fallout shared	
836	3	95	006c6ce0				fallout shared/pathfinding/navmeshobstaclemanager.cpp	fallout shared/pathfinding	
837	3	96	006db740						
838	2	41	006dae90	BSSimpleArray<PathingCoverLocation_1024>::Clear	cg	825052e0	fallout shared/pathfinding/pathfind.cpp	fallout shared/pathfinding	
839	3	1	006dbde0					fallout shared/pathfinding	
840	2	42	006dad70				fallout shared/pathfinding/pathfind.cpp	fallout shared/pathfinding	
841	3	1	006e2620				fallout shared/pathfinding/pathingrequest.cpp	fallout shared/pathfinding	
842	2	43	00441110	PathingLocation::GetWorldspace	cg	82c279e0	fallout shared/pathfinding/pathinglocation.cpp	fallout shared/pathfinding	
843	2	44	006a1440				fallout shared/pathfinding/navmeshpovsearch.cpp	fallout shared/pathfinding	
844	2	45	006dcea0	PathingLocation::PathingLocation_ov6	cg	82517958	fallout shared/pathfinding/pathinglocation.cpp	fallout shared/pathfinding	
845	3	1	006815c0					fallout shared	
846	3	2	006dd280	PathingLocation::SetupData	cg	82516d38	fallout shared/pathfinding/pathinglocation.cpp	fallout shared/pathfinding	
847	2	46	006e2420	PathingRequest::PathingRequest	cg	8251c370	fallout shared/pathfinding/pathingrequest.cpp	fallout shared/pathfinding	
848	3	1	004968b0				fallout shared/animation.cpp	fallout shared	
849	3	2	006dcbb0	PathingLocation::PathingLocation	cg	825163d0	fallout shared/pathfinding/pathinglocation.cpp	fallout shared/pathfinding	
850	3	3	006dcbb0	PathingLocation::PathingLocation	cg	825163d0	fallout shared/pathfinding/pathinglocation.cpp	fallout shared/pathfinding	
851	3	4	00540720				fallout shared/tesland.cpp	fallout shared	
852	3	5	006815c0					fallout shared	
853	3	6	006b37b0				fallout shared/pathfinding/pathsmootherpov.cpp	fallout shared/pathfinding	
854	3	7	006e25d0				fallout shared/pathfinding/pathingrequest.cpp	fallout shared/pathfinding	
855	2	47	006d3ac0				fallout shared/pathfinding/pathfind.cpp	fallout shared/pathfinding	
856	3	1	006dcce0	PathingLocation::operator_	cg	82516480	fallout shared/pathfinding/pathinglocation.cpp	fallout shared/pathfinding	
857	2	48	006d1bc0				fallout shared/pathfinding/pathfind.cpp	fallout shared/pathfinding	
858	3	1	006dcce0	PathingLocation::operator_	cg	82516480	fallout shared/pathfinding/pathinglocation.cpp	fallout shared/pathfinding	
859	2	49	006e7650					fallout shared/pathfinding	
860	3	1	004968b0				fallout shared/animation.cpp	fallout shared	
861	3	2	006e9050				fallout shared/pathfinding/pathingsolution.cpp	fallout shared/pathfinding	
862	3	3	006e9230				fallout shared/pathfinding/pathingsolution.cpp	fallout shared/pathfinding	
863	3	4	00438660				fallout shared/extradataobjects.cpp	fallout shared	
864	2	50	006d0b10				fallout shared/pathfinding/pathfind.cpp	fallout shared/pathfinding	
865	3	1	006c8d30					fallout shared/pathfinding	
866	3	2	006c8e10					fallout shared/pathfinding	
867	3	3	006d0b80				fallout shared/pathfinding/pathfind.cpp	fallout shared/pathfinding	
868	2	51	006e7720				fallout shared/pathfinding/pathingsolution.cpp	fallout shared/pathfinding	
869	3	1	006e77b0				fallout shared/pathfinding/pathingsolution.cpp	fallout shared/pathfinding	
870	3	2	00438690				fallout shared/extradataobjects.cpp	fallout shared	
871	3	3	006e9260				fallout shared/pathfinding/pathingsolution.cpp	fallout shared/pathfinding	
872	3	4	006e9080				fallout shared/pathfinding/pathingsolution.cpp	fallout shared/pathfinding	
873	3	5	00496910				fallout shared/animation.cpp	fallout shared	
874	2	52	006e2620				fallout shared/pathfinding/pathingrequest.cpp	fallout shared/pathfinding	
875	3	1	006b37e0				fallout shared/pathfinding/pathsmootherpov.cpp	fallout shared/pathfinding	
876	3	2	004ff7e0					fallout shared	
877	3	3	004ff7e0					fallout shared	
878	3	4	00496910				fallout shared/animation.cpp	fallout shared	
879	2	53	004ff7e0					fallout shared	
880	2	54	0049f1f0						
881	3	1	008454f0					fallout/misc	
882	2	55	004ff7e0					fallout shared	
883	2	56	0042fa40				fallout shared/extradatalist.cpp	fallout shared	
884	3	1	0042fda0				fallout shared/extradatalist.cpp	fallout shared	
885	1	25	00851d90	BGSSaveLoadManager::UpdateQueuedSaves	cg	82680640	fallout/misc/saveload/bgssaveloadmanager.cpp	fallout/misc	
886	2	1	00701450	FaderManager::IsFaderVisible	frame	8253bbf8	fallout/interface/fadermanager.cpp	fallout/interface	
887	2	2	00701450	FaderManager::IsFaderVisible	frame	8253bbf8	fallout/interface/fadermanager.cpp	fallout/interface	
888	2	3	00705ea0	Interface::IsInGameLoadingMenuOpen	cg	8253ee78	fallout/interface/interface.cpp	fallout/interface	
889	2	4	00850a40	BGSSaveLoadManager::Autosave	align-sim	826804a0	fallout/misc/saveload/bgssaveloadmanager.cpp	fallout/misc	
890	3	1	00453850						
891	3	2	008d8520	MiddleHighProcess::GetSavedAcquireObject	vt	82a648c8	fallout/ai/highprocess.cpp	fallout/ai	
892	3	3	0063ac70	Sky::Update	cg	824744c0	fallout shared/sky/sky.cpp	fallout shared/sky	
893	3	4	008503b0	BGSSaveLoadManager::SaveGame	cg	8267fd20	fallout/misc/saveload/bgssaveloadmanager.cpp	fallout/misc	
894	2	5	00701450	FaderManager::IsFaderVisible	frame	8253bbf8	fallout/interface/fadermanager.cpp	fallout/interface	
895	2	6	00701450	FaderManager::IsFaderVisible	frame	8253bbf8	fallout/interface/fadermanager.cpp	fallout/interface	
896	2	7	00705ea0	Interface::IsInGameLoadingMenuOpen	cg	8253ee78	fallout/interface/interface.cpp	fallout/interface	
897	2	8	008503b0	BGSSaveLoadManager::SaveGame	cg	8267fd20	fallout/misc/saveload/bgssaveloadmanager.cpp	fallout/misc	
898	3	1	00851a20	BGSSaveLoadManager::IsSaveFileNameAutosave	cg	8267ded8	fallout/misc/saveload/bgssaveloadmanager.cpp	fallout/misc	
899	3	2	00851a60				fallout/misc/saveload/bgssaveloadmanager.cpp	fallout/misc	
900	3	3	00851b00				fallout/misc/saveload/bgssaveloadmanager.cpp	fallout/misc	
901	3	4	00850fe0				fallout/misc/saveload/bgssaveloadmanager.cpp	fallout/misc	
902	3	5	00403df0				fallout shared/magic/effectitem.cpp	fallout shared/magic	
903	3	6	007052f0				fallout/interface/interface.cpp	fallout/interface	
904	3	7	00851330				fallout/misc/saveload/bgssaveloadmanager.cpp	fallout/misc	
905	3	8	00851540				fallout/misc/saveload/bgssaveloadmanager.cpp	fallout/misc	
906	3	9	008517c0	BGSSaveLoadManager::GenerateSaveFileName	str	8267f9c0	fallout/misc/saveload/bgssaveloadmanager.cpp	fallout/misc	
907	3	10	00406d30						
908	3	11	0084ab20	BGSSaveLoadGame::CleanupExpiredData	str	82678378	fallout/misc/saveload/bgssaveloadgame.cpp	fallout/misc	
909	3	12	00441110	PathingLocation::GetWorldspace	cg	82c279e0	fallout shared/pathfinding/pathinglocation.cpp	fallout shared/pathfinding	
910	3	13	00620b80				fallout shared/havok/cameracaster.cpp	fallout shared/havok	
911	3	14	00850ba0	BGSSaveLoadManager::StartSaveGame	align-sim	8267e3d8	fallout/misc/saveload/bgssaveloadmanager.cpp	fallout/misc	
912	3	15	00850030						
913	3	16	00850bf0				fallout/misc/saveload/bgssaveloadmanager.cpp	fallout/misc	
914	3	17	004c69f0				fallout shared/inventorychanges.cpp	fallout shared	
915	3	18	007052f0				fallout/interface/interface.cpp	fallout/interface	
916	3	19	00850ea0				fallout/misc/saveload/bgssaveloadmanager.cpp	fallout/misc	
917	3	20	00847850	BGSSaveLoadGame::SaveGame	str	82675a28	fallout/misc/saveload/bgssaveloadgame.cpp	fallout/misc	
918	3	21	005621d0				fallout shared/tesobjectrefr.cpp	fallout shared	
919	3	22	00847d00					fallout/misc	
920	3	23	004c69f0				fallout shared/inventorychanges.cpp	fallout shared	
921	3	24	007052f0				fallout/interface/interface.cpp	fallout/interface	
922	3	25	00850bf0				fallout/misc/saveload/bgssaveloadmanager.cpp	fallout/misc	
923	3	26	00850bf0				fallout/misc/saveload/bgssaveloadmanager.cpp	fallout/misc	
924	3	27	00850100	BGSSaveLoadManager::CloseSaveFile	cg	8267e2d8	fallout/misc/saveload/bgssaveloadmanager.cpp	fallout/misc	
925	3	28	0084ff90	XContentClose	cg	82ecbea0	XAPILIB/xcontent.c	XAPILIB	
926	3	29	00853a30				fallout/misc/saveload/bgssaveloadstructs.cpp	fallout/misc	
927	3	30	00441110	PathingLocation::GetWorldspace	cg	82c279e0	fallout shared/pathfinding/pathinglocation.cpp	fallout shared/pathfinding	
928	3	31	0084e250	BGSSaveLoadHistory::Rewind	cg	8267b850	fallout/misc/saveload/bgssaveloadhistory.cpp	fallout/misc	
929	3	32	00851680				fallout/misc/saveload/bgssaveloadmanager.cpp	fallout/misc	
930	3	33	00851250				fallout/misc/saveload/bgssaveloadmanager.cpp	fallout/misc	
931	3	34	00ec408c						
932	2	9	00701450	FaderManager::IsFaderVisible	frame	8253bbf8	fallout/interface/fadermanager.cpp	fallout/interface	
933	2	10	00701450	FaderManager::IsFaderVisible	frame	8253bbf8	fallout/interface/fadermanager.cpp	fallout/interface	
934	2	11	00705ea0	Interface::IsInGameLoadingMenuOpen	cg	8253ee78	fallout/interface/interface.cpp	fallout/interface	
935	2	12	00850a90				fallout/misc/saveload/bgssaveloadmanager.cpp	fallout/misc	
936	3	1	00453850						
937	3	2	008d8520	MiddleHighProcess::GetSavedAcquireObject	vt	82a648c8	fallout/ai/highprocess.cpp	fallout/ai	
938	3	3	0063ac70	Sky::Update	cg	824744c0	fallout shared/sky/sky.cpp	fallout shared/sky	
939	3	4	00850b40				fallout/misc/saveload/bgssaveloadmanager.cpp	fallout/misc	
940	3	5	004048e0				fallout shared/magic/effectitem.cpp	fallout shared/magic	
941	3	6	004037f0					fallout shared/magic	
942	3	7	008503b0	BGSSaveLoadManager::SaveGame	cg	8267fd20	fallout/misc/saveload/bgssaveloadmanager.cpp	fallout/misc	
943	3	8	00ec408c						
944	1	26	0086ef30				fallout/misc/main.cpp	fallout/misc	
945	1	27	0086ef90				fallout/misc/main.cpp	fallout/misc	
946	1	28	0086f190	Main::OnIdle_FixActorBones	frame	82695e38	fallout/misc/main.cpp	fallout/misc	
947	2	1	00717e50	BaseProcess::GetActorPackageThatIsRunning	vt	822da090	fallout/ai/baseprocess.cpp	fallout/ai	
948	2	2	005be5c0				fallout shared/tesscriptfunctions.cpp	fallout shared	
949	2	3	00968670				fallout/ai/playercharacter.cpp	fallout/ai	
950	3	1	00877a30				fallout/misc/main.cpp	fallout/misc	
951	2	4	00931850	MobileObject::GetCurrentProcessType	cg	82747468	fallout/ai/mobileobject.cpp	fallout/ai	
952	3	1	0045cd60						
953	2	5	008d8520	MiddleHighProcess::GetSavedAcquireObject	vt	82a648c8	fallout/ai/highprocess.cpp	fallout/ai	
954	2	6	00483710				fallout shared/tesform.cpp	fallout shared	
955	2	7	008d8520	MiddleHighProcess::GetSavedAcquireObject	vt	82a648c8	fallout/ai/highprocess.cpp	fallout/ai	
956	2	8	00483710				fallout shared/tesform.cpp	fallout shared	
957	1	29	00483710				fallout shared/tesform.cpp	fallout shared	
958	1	30	004e1610					fallout shared	
959	2	1	0040fca0					fallout shared	
960	1	31	0086ef40				fallout/misc/main.cpp	fallout/misc	
961	1	32	0086f260	Main::OnIdle_UpdateTimer	frame	82693660	fallout/misc/main.cpp	fallout/misc	
962	2	1	00408d60						
963	2	2	008a8150						
964	2	3	00aa4e40				BSCore/bstimer.cpp	BSCore	
965	2	4	00771520				fallout/interface/menus/hudmainmenu.cpp	fallout/interface	
966	3	1	00457fe0				fallout shared/tes.cpp	fallout shared	
967	3	2	00aa4ee0				BSCore/bstimer.cpp	BSCore	
968	2	5	00403e20				fallout shared/magic/effectitem.cpp	fallout shared/magic	
969	2	6	0044ddc0					fallout shared	
970	2	7	00525420				fallout shared/tesobjectweap.cpp	fallout shared	
971	2	8	0084d030				fallout/misc/saveload/bgssaveloadglobaldata.cpp	fallout/misc	
972	2	9	00c66760				BSHavok/bhkworld.obj	BSHavok	
973	3	1	00403e20				fallout shared/magic/effectitem.cpp	fallout shared/magic	
974	3	2	0040ebd0					fallout shared	
975	2	10	0086f330				fallout/misc/main.cpp	fallout/misc	
976	2	11	0084d030				fallout/misc/saveload/bgssaveloadglobaldata.cpp	fallout/misc	
977	2	12	00403e20				fallout shared/magic/effectitem.cpp	fallout shared/magic	
978	1	33	0086f390	Main::OnIdle_PollControls	cg	82693758	fallout/misc/main.cpp	fallout/misc	
979	2	1	007fdf30	Controls::GetInstance	cg	8261f508	fallout/interface/forenderedmenuracesex.cpp	fallout/interface	
980	2	2	00a23010	Controls::Poll	cg	828d6ee0	BSDevices/xcontrols.obj	BSDevices	
981	3	1	009f996e						
982	3	2	00ec44d0	_memcpy	fid			LIBCMT	
983	3	3	00ec61c0	_memset	fid			LIBCMT	
984	3	4	00ec44d0	_memcpy	fid			LIBCMT	
985	3	5	00ec61c0	_memset	fid			LIBCMT	
986	3	6	00ec44d0	_memcpy	fid			LIBCMT	
987	3	7	00ec61c0	_memset	fid			LIBCMT	
988	3	8	00ec61c0	_memset	fid			LIBCMT	
989	3	9	00a232c0				BSDevices/xcontrols.obj	BSDevices	
990	2	3	007013e0				fallout/interface/fadermanager.cpp	fallout/interface	
991	2	4	007fdf30	Controls::GetInstance	cg	8261f508	fallout/interface/forenderedmenuracesex.cpp	fallout/interface	
992	2	5	00a257c0						
993	3	1	00ec62c0					LIBCMT	
994	3	2	00a269f0						
995	2	6	0044ddc0					fallout shared	
996	2	7	007d1360				fallout/interface/menus/startmenu.cpp	fallout/interface	
997	2	8	00709bc0	Interface::IsPipboyOpening	cg	8253f9c0	fallout/interface/interface.cpp	fallout/interface	
998	3	1	004b7210				fallout shared/globalfunc.cpp	fallout shared	
999	2	9	00702680	Interface::IsMenuIDVisible	cg	8253fa68	fallout/interface/interface.cpp	fallout/interface	
1000	3	1	004b7210				fallout shared/globalfunc.cpp	fallout shared	
1001	3	2	004b7210				fallout shared/globalfunc.cpp	fallout shared	
1002	3	3	009373f0				fallout/ai/modifierlist.cpp	fallout/ai	
1003	3	4	00709c00				fallout/interface/interface.cpp	fallout/interface	
1004	3	5	00702680	Interface::IsMenuIDVisible	cg	8253fa68	fallout/interface/interface.cpp	fallout/interface	recursive
1005	3	6	00702680	Interface::IsMenuIDVisible	cg	8253fa68	fallout/interface/interface.cpp	fallout/interface	recursive
1006	3	7	00702680	Interface::IsMenuIDVisible	cg	8253fa68	fallout/interface/interface.cpp	fallout/interface	recursive
1007	3	8	00702680	Interface::IsMenuIDVisible	cg	8253fa68	fallout/interface/interface.cpp	fallout/interface	recursive
1008	3	9	00702680	Interface::IsMenuIDVisible	cg	8253fa68	fallout/interface/interface.cpp	fallout/interface	recursive
1009	3	10	00a09030	Tile::GetMenuByClass	cg	828efd80	BSMenu/tile.cpp	BSMenu	
1010	3	11	00a03c90	Tile::GetMenu	cg	828ea0b0	BSMenu/tile.cpp	BSMenu	
1011	3	12	00a03c90	Tile::GetMenu	cg	828ea0b0	BSMenu/tile.cpp	BSMenu	
1012	3	13	0059bb30	D3DTexture_LockRect	cg	828440f8	d3d9/texture.cpp	d3d9	
1013	3	14	007027b0				fallout/interface/interface.cpp	fallout/interface	
1014	2	10	004a4040					fallout shared	
1015	3	1	004a4080					fallout shared	
1016	2	11	007fdf30	Controls::GetInstance	cg	8261f508	fallout/interface/forenderedmenuracesex.cpp	fallout/interface	
1017	2	12	00a253d0	Controls::ClearUserActions	cg	828d8420	BSDevices/xcontrols.obj	BSDevices	
1018	3	1	00a25410	Controls::SetDigitalAction	align-gap	828d8ae8	BSDevices/xcontrols.obj	BSDevices	
1019	1	34	00c3dbf0	IOManager::UpdateQueue	frame	829c1c90		BSMain	
1020	2	1	00aa4d80	BSPrecisionTimer::GetTimer	cg	829f7c60	BSCore/bsprecisiontimer.cpp	BSCore	
1021	2	2	00ec62f6					LIBCMT	
1022	2	3	00c3e420				BSMain/iomanager.obj	BSMain	
1023	3	1	00c3e490				BSMain/iomanager.obj	BSMain	
1024	2	4	00aa4d80	BSPrecisionTimer::GetTimer	cg	829f7c60	BSCore/bsprecisiontimer.cpp	BSCore	
1025	2	5	00c3e420				BSMain/iomanager.obj	BSMain	
1026	3	1	00c3e490				BSMain/iomanager.obj	BSMain	
1027	2	6	0044dd60					fallout shared	
1028	3	1	004019a0	WaitForSingleObjectEx	cg	82ed3478	XAPILIB/waitforsingleobjectex.c	XAPILIB	
1029	2	7	0044dd60					fallout shared	
1030	3	1	004019a0	WaitForSingleObjectEx	cg	82ed3478	XAPILIB/waitforsingleobjectex.c	XAPILIB	
1031	1	35	0086efa0				fallout/misc/main.cpp	fallout/misc	
1032	2	1	004a4080					fallout shared	
1033	1	36	0070edf0	XUserInterface::XUIIsUp	cg	82902288	BSMenu/xuserinterface.cpp	BSMenu	
1034	2	1	004a4080					fallout shared	
1035	1	37	0078cfc0	LoadingMenu::SuspendBackgroundThread	cg	825b5a00	fallout/interface/menus/loadingmenu.cpp	fallout/interface	
1036	2	1	008905f0				fallout/ai/actor.cpp	fallout/ai	
1037	2	2	00aa6560	BSThread::SetThreadPriority	cg	829f9420	BSCore/bsthread_xenon.cpp	BSCore	
1038	2	3	004424e0	WaitForSingleObject	cg	82ecb9b8	XAPILIB/waitforsingleobject.c	XAPILIB	
1039	3	1	004019a0	WaitForSingleObjectEx	cg	82ed3478	XAPILIB/waitforsingleobjectex.c	XAPILIB	
1040	1	38	00705ea0	Interface::IsInGameLoadingMenuOpen	cg	8253ee78	fallout/interface/interface.cpp	fallout/interface	
1041	1	39	00457d70	TES::ShowLoadingMenu	frame	822a5e50	fallout shared/tes.cpp	fallout shared	
1042	2	1	00705e80	Interface::GetLoadingMenuVisible	cg	8253ee68	fallout/interface/interface.cpp	fallout/interface	
1043	3	1	007027b0				fallout/interface/interface.cpp	fallout/interface	
1044	2	2	00458140				fallout shared/tes.cpp	fallout shared	
1045	3	1	00458110				fallout shared/tes.cpp	fallout shared	
1046	2	3	00458180				fallout shared/tes.cpp	fallout shared	
1047	3	1	004581c0				fallout shared/tes.cpp	fallout shared	
1048	3	2	00788ab0				fallout/interface/menus/loadingmenu.cpp	fallout/interface	
1049	2	4	00451530				fallout shared/tes.cpp	fallout shared	
1050	2	5	0063e010				fallout shared/sky/sky.cpp	fallout shared/sky	
1051	3	1	00726070				fallout/interface/menumanager.cpp	fallout/interface	
1052	3	2	006815c0					fallout shared	
1053	3	3	006815c0					fallout shared	
1054	3	4	00ad88f0	BSSoundHandle::Stop	cg	8290d510	BSAudio/bssoundhandle.cpp	BSAudio	
1055	2	6	00453a70	BSAudio::QInstance	cg	822a1ca0	fallout shared/tes.cpp	fallout shared	
1056	2	7	00ad8780	BSAudio::EndAllSoundsOfType	cg	8290d2e8	BSAudio/bsaudio.cpp	BSAudio	
1057	2	8	00401170						
1058	2	9	00425fd0						
1059	2	10	0054ddd0	TESObjectCELL::GetWorldSpace	cg	82381c00	fallout shared/tesobjectcell.cpp	fallout shared	
1060	3	1	00425fd0						
1061	2	11	008d6f30					fallout/ai	
1062	2	12	00425fd0						
1063	2	13	0054ddd0	TESObjectCELL::GetWorldSpace	cg	82381c00	fallout shared/tesobjectcell.cpp	fallout shared	
1064	3	1	00425fd0						
1065	2	14	00575d70	TESObjectREFR::GetWorldSpace	cg	8239ee90	fallout shared/tesobjectrefr.cpp	fallout shared	
1066	3	1	008d6f30					fallout/ai	
1067	3	2	0054ddd0	TESObjectCELL::GetWorldSpace	cg	82381c00	fallout shared/tesobjectcell.cpp	fallout shared	
1068	2	15	00705e00	Interface::CreateLoadingMenu	cg	8253edd0	fallout/interface/interface.cpp	fallout/interface	
1069	3	1	00703fe0				fallout/interface/interface.cpp	fallout/interface	
1070	3	2	00788cc0	LoadingMenu::Create	cg	825ba7f8	fallout/interface/menus/loadingmenu.cpp	fallout/interface	
1071	2	16	00aff100					BSSystem	
1072	3	1	00b01c00					BSSystem	
1073	3	2	00ec658f	_atexit	fid			LIBCMT	
1074	2	17	00458010				fallout shared/tes.cpp	fallout shared	
1075	2	18	00aff100					BSSystem	
1076	3	1	00b01c00					BSSystem	
1077	3	2	00ec658f	_atexit	fid			LIBCMT	
1078	2	19	00aff100					BSSystem	
1079	3	1	00b01c00					BSSystem	
1080	3	2	00ec658f	_atexit	fid			LIBCMT	
1081	2	20	00457ff0				fallout shared/tes.cpp	fallout shared	
1082	2	21	004580e0				fallout shared/tes.cpp	fallout shared	
1083	3	1	00458110				fallout shared/tes.cpp	fallout shared	
1084	2	22	004580e0				fallout shared/tes.cpp	fallout shared	
1085	3	1	00458110				fallout shared/tes.cpp	fallout shared	
1086	2	23	00458060				fallout shared/tes.cpp	fallout shared	
1087	3	1	00458080				fallout shared/tes.cpp	fallout shared	
1088	2	24	00705e30	Interface::CloseLoadingMenu	cg	8253ee20	fallout/interface/interface.cpp	fallout/interface	
1089	3	1	00703fe0				fallout/interface/interface.cpp	fallout/interface	
1090	2	25	00458030				fallout shared/tes.cpp	fallout shared	
1091	2	26	00771700	HUDMainMenu::SetMenuMode	cg	825a7530	fallout/interface/menus/hudmainmenu.cpp	fallout/interface	
1092	3	1	0059bb30	D3DTexture_LockRect	cg	828440f8	d3d9/texture.cpp	d3d9	
1093	3	2	00a1db20	Menu::StartFadeIn	cg	82905ba0	BSMenu/menu.cpp	BSMenu	
1094	3	3	007023c0	Interface::GetTopMenuID	cg	8253d5c0	fallout/interface/interface.cpp	fallout/interface	
1095	3	4	0044ddc0					fallout shared	
1096	3	5	005a03f0				fallout shared/tesconditionfunctions.cpp	fallout shared	
1097	3	6	00771700	HUDMainMenu::SetMenuMode	cg	825a7530	fallout/interface/menus/hudmainmenu.cpp	fallout/interface	recursive
1098	3	7	008bbc10	Actor::GetIronSights	cg	826ae1d0	fallout/ai/actor.cpp	fallout/ai	
1099	3	8	00559450						
1100	3	9	00559450						
1101	3	10	0045bc00				fallout shared/tes.cpp	fallout shared	
1102	3	11	008a16d0	Actor::IsWeaponDrawn	cg	826aa120	fallout/ai/actor.cpp	fallout/ai	
1103	3	12	005a03f0				fallout shared/tesconditionfunctions.cpp	fallout shared	
1104	3	13	004b7210				fallout shared/globalfunc.cpp	fallout shared	
1105	3	14	00719ae0				fallout/interface/interfacemanager.cpp	fallout/interface	
1106	3	15	005a03f0				fallout shared/tesconditionfunctions.cpp	fallout shared	
1107	3	16	00778b10	HUDMainMenu::RefreshInfoForRef	cg	825a5520	fallout/interface/menus/hudmainmenu.cpp	fallout/interface	
1108	3	17	00775670	HUDMainMenu::HideSubtitle	cg	8259d108	fallout/interface/menus/hudmainmenu.cpp	fallout/interface	
1109	3	18	00775670	HUDMainMenu::HideSubtitle	cg	8259d108	fallout/interface/menus/hudmainmenu.cpp	fallout/interface	
1110	3	19	00775670	HUDMainMenu::HideSubtitle	cg	8259d108	fallout/interface/menus/hudmainmenu.cpp	fallout/interface	
1111	3	20	00775670	HUDMainMenu::HideSubtitle	cg	8259d108	fallout/interface/menus/hudmainmenu.cpp	fallout/interface	
1112	3	21	00775670	HUDMainMenu::HideSubtitle	cg	8259d108	fallout/interface/menus/hudmainmenu.cpp	fallout/interface	
1113	3	22	00775670	HUDMainMenu::HideSubtitle	cg	8259d108	fallout/interface/menus/hudmainmenu.cpp	fallout/interface	
1114	3	23	00775670	HUDMainMenu::HideSubtitle	cg	8259d108	fallout/interface/menus/hudmainmenu.cpp	fallout/interface	
1115	3	24	00775670	HUDMainMenu::HideSubtitle	cg	8259d108	fallout/interface/menus/hudmainmenu.cpp	fallout/interface	
1116	3	25	00775670	HUDMainMenu::HideSubtitle	cg	8259d108	fallout/interface/menus/hudmainmenu.cpp	fallout/interface	
1117	3	26	00775670	HUDMainMenu::HideSubtitle	cg	8259d108	fallout/interface/menus/hudmainmenu.cpp	fallout/interface	
1118	3	27	007721a0				fallout/interface/menus/hudmainmenu.cpp	fallout/interface	
1119	3	28	00524d10				fallout shared/tesobjectweap.cpp	fallout shared	
1120	3	29	00a011b0				BSMenu/tile.cpp	BSMenu	
1121	3	30	00a012d0				BSMenu/tile.cpp	BSMenu	
1122	3	31	00a011b0				BSMenu/tile.cpp	BSMenu	
1123	3	32	00a012d0				BSMenu/tile.cpp	BSMenu	
1124	3	33	0077f3c0	HUDMainMenu::SetGunScopeVisible	cg	825a0890	fallout/interface/menus/hudmainmenu.cpp	fallout/interface	
1125	3	34	0077f3c0	HUDMainMenu::SetGunScopeVisible	cg	825a0890	fallout/interface/menus/hudmainmenu.cpp	fallout/interface	
1126	3	35	00700320					fallout/interface	
1127	3	36	00700320					fallout/interface	
1128	3	37	00700320					fallout/interface	
1129	3	38	00700320					fallout/interface	
1130	3	39	00700320					fallout/interface	
1131	3	40	00700320					fallout/interface	
1132	3	41	00700320					fallout/interface	
1133	3	42	00700320					fallout/interface	
1134	3	43	00700320					fallout/interface	
1135	3	44	00700320					fallout/interface	
1136	3	45	00700320					fallout/interface	
1137	3	46	00700320					fallout/interface	
1138	3	47	00700320					fallout/interface	
1139	3	48	00700320					fallout/interface	
1140	3	49	00700320					fallout/interface	
1141	3	50	00700320					fallout/interface	
1142	3	51	00700320					fallout/interface	
1143	3	52	00700320					fallout/interface	
1144	3	53	00700320					fallout/interface	
1145	3	54	00700320					fallout/interface	
1146	3	55	00700320					fallout/interface	
1147	3	56	00700320					fallout/interface	
1148	3	57	00700320					fallout/interface	
1149	3	58	00ad8ce0	BSSoundHandle::IsValid	cg	8290dc80	BSAudio/bssoundhandle.cpp	BSAudio	
1150	3	59	00ad8830	BSSoundHandle::Play	cg	8290d3d0	BSAudio/bssoundhandle.cpp	BSAudio	
1151	3	60	00ad88b0	BSSoundHandle::Pause	cg	8290d4b0	BSAudio/bssoundhandle.cpp	BSAudio	
1152	2	27	00457fe0				fallout shared/tes.cpp	fallout shared	
1153	2	28	00457fe0				fallout shared/tes.cpp	fallout shared	
1154	2	29	00458060				fallout shared/tes.cpp	fallout shared	
1155	3	1	00458080				fallout shared/tes.cpp	fallout shared	
1156	2	30	00705e30	Interface::CloseLoadingMenu	cg	8253ee20	fallout/interface/interface.cpp	fallout/interface	
1157	3	1	00703fe0				fallout/interface/interface.cpp	fallout/interface	
1158	2	31	00458030				fallout shared/tes.cpp	fallout shared	
1159	2	32	00771700	HUDMainMenu::SetMenuMode	cg	825a7530	fallout/interface/menus/hudmainmenu.cpp	fallout/interface	
1160	3	1	0059bb30	D3DTexture_LockRect	cg	828440f8	d3d9/texture.cpp	d3d9	
1161	3	2	00a1db20	Menu::StartFadeIn	cg	82905ba0	BSMenu/menu.cpp	BSMenu	
1162	3	3	007023c0	Interface::GetTopMenuID	cg	8253d5c0	fallout/interface/interface.cpp	fallout/interface	
1163	3	4	0044ddc0					fallout shared	
1164	3	5	005a03f0				fallout shared/tesconditionfunctions.cpp	fallout shared	
1165	3	6	00771700	HUDMainMenu::SetMenuMode	cg	825a7530	fallout/interface/menus/hudmainmenu.cpp	fallout/interface	recursive
1166	3	7	008bbc10	Actor::GetIronSights	cg	826ae1d0	fallout/ai/actor.cpp	fallout/ai	
1167	3	8	00559450						
1168	3	9	00559450						
1169	3	10	0045bc00				fallout shared/tes.cpp	fallout shared	
1170	3	11	008a16d0	Actor::IsWeaponDrawn	cg	826aa120	fallout/ai/actor.cpp	fallout/ai	
1171	3	12	005a03f0				fallout shared/tesconditionfunctions.cpp	fallout shared	
1172	3	13	004b7210				fallout shared/globalfunc.cpp	fallout shared	
1173	3	14	00719ae0				fallout/interface/interfacemanager.cpp	fallout/interface	
1174	3	15	005a03f0				fallout shared/tesconditionfunctions.cpp	fallout shared	
1175	3	16	00778b10	HUDMainMenu::RefreshInfoForRef	cg	825a5520	fallout/interface/menus/hudmainmenu.cpp	fallout/interface	
1176	3	17	00775670	HUDMainMenu::HideSubtitle	cg	8259d108	fallout/interface/menus/hudmainmenu.cpp	fallout/interface	
1177	3	18	00775670	HUDMainMenu::HideSubtitle	cg	8259d108	fallout/interface/menus/hudmainmenu.cpp	fallout/interface	
1178	3	19	00775670	HUDMainMenu::HideSubtitle	cg	8259d108	fallout/interface/menus/hudmainmenu.cpp	fallout/interface	
1179	3	20	00775670	HUDMainMenu::HideSubtitle	cg	8259d108	fallout/interface/menus/hudmainmenu.cpp	fallout/interface	
1180	3	21	00775670	HUDMainMenu::HideSubtitle	cg	8259d108	fallout/interface/menus/hudmainmenu.cpp	fallout/interface	
1181	3	22	00775670	HUDMainMenu::HideSubtitle	cg	8259d108	fallout/interface/menus/hudmainmenu.cpp	fallout/interface	
1182	3	23	00775670	HUDMainMenu::HideSubtitle	cg	8259d108	fallout/interface/menus/hudmainmenu.cpp	fallout/interface	
1183	3	24	00775670	HUDMainMenu::HideSubtitle	cg	8259d108	fallout/interface/menus/hudmainmenu.cpp	fallout/interface	
1184	3	25	00775670	HUDMainMenu::HideSubtitle	cg	8259d108	fallout/interface/menus/hudmainmenu.cpp	fallout/interface	
1185	3	26	00775670	HUDMainMenu::HideSubtitle	cg	8259d108	fallout/interface/menus/hudmainmenu.cpp	fallout/interface	
1186	3	27	007721a0				fallout/interface/menus/hudmainmenu.cpp	fallout/interface	
1187	3	28	00524d10				fallout shared/tesobjectweap.cpp	fallout shared	
1188	3	29	00a011b0				BSMenu/tile.cpp	BSMenu	
1189	3	30	00a012d0				BSMenu/tile.cpp	BSMenu	
1190	3	31	00a011b0				BSMenu/tile.cpp	BSMenu	
1191	3	32	00a012d0				BSMenu/tile.cpp	BSMenu	
1192	3	33	0077f3c0	HUDMainMenu::SetGunScopeVisible	cg	825a0890	fallout/interface/menus/hudmainmenu.cpp	fallout/interface	
1193	3	34	0077f3c0	HUDMainMenu::SetGunScopeVisible	cg	825a0890	fallout/interface/menus/hudmainmenu.cpp	fallout/interface	
1194	3	35	00700320					fallout/interface	
1195	3	36	00700320					fallout/interface	
1196	3	37	00700320					fallout/interface	
1197	3	38	00700320					fallout/interface	
1198	3	39	00700320					fallout/interface	
1199	3	40	00700320					fallout/interface	
1200	3	41	00700320					fallout/interface	
1201	3	42	00700320					fallout/interface	
1202	3	43	00700320					fallout/interface	
1203	3	44	00700320					fallout/interface	
1204	3	45	00700320					fallout/interface	
1205	3	46	00700320					fallout/interface	
1206	3	47	00700320					fallout/interface	
1207	3	48	00700320					fallout/interface	
1208	3	49	00700320					fallout/interface	
1209	3	50	00700320					fallout/interface	
1210	3	51	00700320					fallout/interface	
1211	3	52	00700320					fallout/interface	
1212	3	53	00700320					fallout/interface	
1213	3	54	00700320					fallout/interface	
1214	3	55	00700320					fallout/interface	
1215	3	56	00700320					fallout/interface	
1216	3	57	00700320					fallout/interface	
1217	3	58	00ad8ce0	BSSoundHandle::IsValid	cg	8290dc80	BSAudio/bssoundhandle.cpp	BSAudio	
1218	3	59	00ad8830	BSSoundHandle::Play	cg	8290d3d0	BSAudio/bssoundhandle.cpp	BSAudio	
1219	3	60	00ad88b0	BSSoundHandle::Pause	cg	8290d4b0	BSAudio/bssoundhandle.cpp	BSAudio	
1220	1	40	0086efe0	Main::OnIdle_ScaleLOD	frame	826933e8	fallout/misc/main.cpp	fallout/misc	
1221	2	1	00525420				fallout shared/tesobjectweap.cpp	fallout shared	
1222	2	2	00403e20				fallout shared/magic/effectitem.cpp	fallout shared/magic	
1223	2	3	0086f160				fallout/misc/main.cpp	fallout/misc	
1224	2	4	00403e20				fallout shared/magic/effectitem.cpp	fallout shared/magic	
1225	2	5	0086f170				fallout/misc/main.cpp	fallout/misc	
1226	2	6	00403e20				fallout shared/magic/effectitem.cpp	fallout shared/magic	
1227	2	7	0086f180				fallout/misc/main.cpp	fallout/misc	
1228	2	8	004fd3e0	TES::GetWorldSpace	cg	82aa9780	fallout shared/tes.cpp	fallout shared	
1229	2	9	004fd3e0	TES::GetWorldSpace	cg	82aa9780	fallout shared/tes.cpp	fallout shared	
1230	2	10	00586390				fallout shared/tesworldspace.cpp	fallout shared	
1231	3	1	00586340				fallout shared/tesworldspace.cpp	fallout shared	
1232	2	11	00403e20				fallout shared/magic/effectitem.cpp	fallout shared/magic	
1233	2	12	0086f160				fallout/misc/main.cpp	fallout/misc	
1234	2	13	00403e20				fallout shared/magic/effectitem.cpp	fallout shared/magic	
1235	2	14	0086f170				fallout/misc/main.cpp	fallout/misc	
1236	2	15	00403e20				fallout shared/magic/effectitem.cpp	fallout shared/magic	
1237	2	16	0086f180				fallout/misc/main.cpp	fallout/misc	
1238	2	17	008d6f30					fallout/ai	
1239	2	18	008d6f30					fallout/ai	
1240	2	19	00425fd0						
1241	2	20	00403e20				fallout shared/magic/effectitem.cpp	fallout shared/magic	
1242	2	21	0086f160				fallout/misc/main.cpp	fallout/misc	
1243	2	22	00403e20				fallout shared/magic/effectitem.cpp	fallout shared/magic	
1244	2	23	0086f170				fallout/misc/main.cpp	fallout/misc	
1245	2	24	00403e20				fallout shared/magic/effectitem.cpp	fallout shared/magic	
1246	2	25	0086f180				fallout/misc/main.cpp	fallout/misc	
1247	2	26	0086f160				fallout/misc/main.cpp	fallout/misc	
1248	2	27	0086f170				fallout/misc/main.cpp	fallout/misc	
1249	2	28	0086f180				fallout/misc/main.cpp	fallout/misc	
1250	1	41	00524c90				fallout shared/tesobjectweap.cpp	fallout shared	
1251	2	1	00559450						
1252	2	2	006629f0	BSFaceGenNiNode::GetAnimationData	vt	824994a8	fallout shared/facegen/bsfacegenninode.cpp	fallout shared/facegen	
1253	3	1	00559450						
1254	1	42	004a0ea0				fallout shared/bgsdecalmanager.cpp	fallout shared	
1255	1	43	00b6dd00					BSShader	
1256	2	1	00e7d7f0					NiXenonRenderer	
1257	3	1	00b602d0					BSShader	
1258	3	2	00e7d5b0					NiXenonRenderer	
1259	3	3	00e6e8a0					NiXenonRenderer	
1260	2	2	00aa4060				BSCore/memorymanager.cpp	BSCore	
1261	3	1	00aa42c0				BSCore/memorymanager.cpp	BSCore	
1262	3	2	00aa42c0				BSCore/memorymanager.cpp	BSCore	
1263	3	3	00aa6c70	MemoryPool::Free	str	829fd8f8	BSCore/memorypool.cpp	BSCore	
1264	3	4	00aa45a0					BSCore	
1265	3	5	00aa42c0				BSCore/memorymanager.cpp	BSCore	
1266	1	44	0086f450	Main::OnIdle_HandleMenuBackground	cg	8269eab0	fallout/misc/main.cpp	fallout/misc	
1267	2	1	00702450	Interface::IsTopMenuID	cg	82542530	fallout/interface/interface.cpp	fallout/interface	
1268	3	1	004b7210				fallout shared/globalfunc.cpp	fallout shared	
1269	3	2	004b7210				fallout shared/globalfunc.cpp	fallout shared	
1270	3	3	009373f0				fallout/ai/modifierlist.cpp	fallout/ai	
1271	3	4	004b7210				fallout shared/globalfunc.cpp	fallout shared	
1272	3	5	00714f00	InterfaceManager::GetEnterStackTop	cg	82544b48	fallout/interface/interfacemanager.cpp	fallout/interface	
1273	3	6	00702680	Interface::IsMenuIDVisible	cg	8253fa68	fallout/interface/interface.cpp	fallout/interface	
1274	2	2	0070edf0	XUserInterface::XUIIsUp	cg	82902288	BSMenu/xuserinterface.cpp	BSMenu	
1275	3	1	004a4080					fallout shared	
1276	2	3	00702680	Interface::IsMenuIDVisible	cg	8253fa68	fallout/interface/interface.cpp	fallout/interface	
1277	3	1	004b7210				fallout shared/globalfunc.cpp	fallout shared	
1278	3	2	004b7210				fallout shared/globalfunc.cpp	fallout shared	
1279	3	3	009373f0				fallout/ai/modifierlist.cpp	fallout/ai	
1280	3	4	00709c00				fallout/interface/interface.cpp	fallout/interface	
1281	3	5	00702680	Interface::IsMenuIDVisible	cg	8253fa68	fallout/interface/interface.cpp	fallout/interface	recursive
1282	3	6	00702680	Interface::IsMenuIDVisible	cg	8253fa68	fallout/interface/interface.cpp	fallout/interface	recursive
1283	3	7	00702680	Interface::IsMenuIDVisible	cg	8253fa68	fallout/interface/interface.cpp	fallout/interface	recursive
1284	3	8	00702680	Interface::IsMenuIDVisible	cg	8253fa68	fallout/interface/interface.cpp	fallout/interface	recursive
1285	3	9	00702680	Interface::IsMenuIDVisible	cg	8253fa68	fallout/interface/interface.cpp	fallout/interface	recursive
1286	3	10	00a09030	Tile::GetMenuByClass	cg	828efd80	BSMenu/tile.cpp	BSMenu	
1287	3	11	00a03c90	Tile::GetMenu	cg	828ea0b0	BSMenu/tile.cpp	BSMenu	
1288	3	12	00a03c90	Tile::GetMenu	cg	828ea0b0	BSMenu/tile.cpp	BSMenu	
1289	3	13	0059bb30	D3DTexture_LockRect	cg	828440f8	d3d9/texture.cpp	d3d9	
1290	3	14	007027b0				fallout/interface/interface.cpp	fallout/interface	
1291	2	4	00702680	Interface::IsMenuIDVisible	cg	8253fa68	fallout/interface/interface.cpp	fallout/interface	
1292	3	1	004b7210				fallout shared/globalfunc.cpp	fallout shared	
1293	3	2	004b7210				fallout shared/globalfunc.cpp	fallout shared	
1294	3	3	009373f0				fallout/ai/modifierlist.cpp	fallout/ai	
1295	3	4	00709c00				fallout/interface/interface.cpp	fallout/interface	
1296	3	5	00702680	Interface::IsMenuIDVisible	cg	8253fa68	fallout/interface/interface.cpp	fallout/interface	recursive
1297	3	6	00702680	Interface::IsMenuIDVisible	cg	8253fa68	fallout/interface/interface.cpp	fallout/interface	recursive
1298	3	7	00702680	Interface::IsMenuIDVisible	cg	8253fa68	fallout/interface/interface.cpp	fallout/interface	recursive
1299	3	8	00702680	Interface::IsMenuIDVisible	cg	8253fa68	fallout/interface/interface.cpp	fallout/interface	recursive
1300	3	9	00702680	Interface::IsMenuIDVisible	cg	8253fa68	fallout/interface/interface.cpp	fallout/interface	recursive
1301	3	10	00a09030	Tile::GetMenuByClass	cg	828efd80	BSMenu/tile.cpp	BSMenu	
1302	3	11	00a03c90	Tile::GetMenu	cg	828ea0b0	BSMenu/tile.cpp	BSMenu	
1303	3	12	00a03c90	Tile::GetMenu	cg	828ea0b0	BSMenu/tile.cpp	BSMenu	
1304	3	13	0059bb30	D3DTexture_LockRect	cg	828440f8	d3d9/texture.cpp	d3d9	
1305	3	14	007027b0				fallout/interface/interface.cpp	fallout/interface	
1306	2	5	00705a00	Interface::IsInPipboyMenu	cg	82540ea0	fallout/interface/interface.cpp	fallout/interface	
1307	3	1	004b7210				fallout shared/globalfunc.cpp	fallout shared	
1308	3	2	004b7210				fallout shared/globalfunc.cpp	fallout shared	
1309	3	3	009373f0				fallout/ai/modifierlist.cpp	fallout/ai	
1310	3	4	00709bc0	Interface::IsPipboyOpening	cg	8253f9c0	fallout/interface/interface.cpp	fallout/interface	
1311	3	5	00709c00				fallout/interface/interface.cpp	fallout/interface	
1312	2	6	00703d50	Interface::IsConsoleVisible	cg	8253db90	fallout/interface/interface.cpp	fallout/interface	
1313	3	1	004b7210				fallout shared/globalfunc.cpp	fallout shared	
1314	3	2	004b7210				fallout shared/globalfunc.cpp	fallout shared	
1315	3	3	009373f0				fallout/ai/modifierlist.cpp	fallout/ai	
1316	3	4	0071b160	MenuConsole::Instance	cg	82553cf8	fallout/interface/menuconsole.cpp	fallout/interface	
1317	3	5	0071b160	MenuConsole::Instance	cg	82553cf8	fallout/interface/menuconsole.cpp	fallout/interface	
1318	3	6	004a4020					fallout shared	
1319	2	7	00871dc0	Main::RenderMenuBackground	cg	8269e468	fallout/misc/main.cpp	fallout/misc	
1320	3	1	00404eb0				fallout shared/magic/effectitem.cpp	fallout shared/magic	
1321	3	2	008d6f30					fallout/ai	
1322	3	3	00404ee0				fallout shared/magic/effectitem.cpp	fallout shared/magic	
1323	3	4	0043c4b0				fallout shared/modelloader.cpp	fallout shared	
1324	3	5	004a0370				fallout shared/bgsdecalmanager.cpp	fallout shared	
1325	3	6	00a044f0	Tile::Lock	cg	828ea9a0	BSMenu/tile.cpp	BSMenu	
1326	3	7	004ea970				fallout shared/teswater.cpp	fallout shared	
1327	3	8	00ba2f30				BSShader/mtrenderingsystem.cpp	BSShader	
1328	3	9	00559450						
1329	3	10	00559450						
1330	3	11	004a0ea0				fallout shared/bgsdecalmanager.cpp	fallout shared	
1331	3	12	00b6da10	BSTextureManager::ReturnRenderedTexture	cg	82a626f0	BSShader/bstexturemanager.cpp	BSShader	
1332	3	13	0043c4b0				fallout shared/modelloader.cpp	fallout shared	
1333	3	14	004a0ea0				fallout shared/bgsdecalmanager.cpp	fallout shared	
1334	3	15	00b6e110					BSShader	
1335	3	16	0066b0d0					fallout shared/speedtree	
1336	3	17	0043c4b0				fallout shared/modelloader.cpp	fallout shared	
1337	3	18	00559450						
1338	3	19	00872370				fallout/misc/main.cpp	fallout/misc	
1339	3	20	0043c4b0				fallout shared/modelloader.cpp	fallout shared	
1340	3	21	00559450						
1341	3	22	008723d0				fallout/misc/main.cpp	fallout/misc	
1342	3	23	0043c4b0				fallout shared/modelloader.cpp	fallout shared	
1343	3	24	00559450						
1344	3	25	00872370				fallout/misc/main.cpp	fallout/misc	
1345	3	26	0040ebd0					fallout shared	
1346	3	27	0043c4b0				fallout shared/modelloader.cpp	fallout shared	
1347	3	28	00559450						
1348	3	29	008723d0				fallout/misc/main.cpp	fallout/misc	
1349	3	30	0040ebd0					fallout shared	
1350	3	31	00414430				fallout shared/extradatalist.cpp	fallout shared	
1351	3	32	00524c90				fallout shared/tesobjectweap.cpp	fallout shared	
1352	3	33	00712e60				fallout/interface/interfacemanager.cpp	fallout/interface	
1353	3	34	00524c90				fallout shared/tesobjectweap.cpp	fallout shared	
1354	3	35	00712e60				fallout/interface/interfacemanager.cpp	fallout/interface	
1355	3	36	004b7210				fallout shared/globalfunc.cpp	fallout shared	
1356	3	37	00718ab0	InterfaceManager::GetCurrentImagespaceMod	cg	82545d38	fallout/interface/interfacemanager.cpp	fallout/interface	
1357	3	38	005d2860	TESImageSpaceModifier::GetGetHit	cg	823f09a0	fallout shared/tesscriptfunctions.cpp	fallout shared	
1358	3	39	00529c90	ImageSpaceModifierInstanceForm::Stop	cg	82369738	fallout shared/imagespacemodifierinstance.cpp	fallout shared	
1359	3	40	005299a0	ImageSpaceModifierInstanceForm::Trigger	cg	82369370	fallout shared/imagespacemodifierinstance.cpp	fallout shared	
1360	3	41	0086fd90	Main::OnIdle_UpdateImageSpace	cg	8269c100	fallout/misc/main.cpp	fallout/misc	
1361	3	42	00705a00	Interface::IsInPipboyMenu	cg	82540ea0	fallout/interface/interface.cpp	fallout/interface	
1362	3	43	00702680	Interface::IsMenuIDVisible	cg	8253fa68	fallout/interface/interface.cpp	fallout/interface	
1363	3	44	00559450						
1364	3	45	008706b0				fallout/misc/main.cpp	fallout/misc	
1365	3	46	00702680	Interface::IsMenuIDVisible	cg	8253fa68	fallout/interface/interface.cpp	fallout/interface	
1366	3	47	004a4040					fallout shared	
1367	3	48	004a0eb0				fallout shared/bgsdecalmanager.cpp	fallout shared	
1368	3	49	00707ad0	Interface::GetCurrentRenderedMenu	cg	8253f898	fallout/interface/interface.cpp	fallout/interface	
1369	3	50	008b6200				fallout/ai/actor.cpp	fallout/ai	
1370	3	51	0041fd00	NonActorMagicCaster::SetCurrentSpell	vt	826569e0	fallout/magic/nonactormagiccaster.cpp	fallout/magic	
1371	3	52	00559450						
1372	3	53	004a0fd0				fallout shared/bgsdecalmanager.cpp	fallout shared	
1373	3	54	00450b80				fallout shared/tes.cpp	fallout shared	
1374	3	55	00559450						
1375	3	56	004a1020				fallout shared/bgsdecalmanager.cpp	fallout shared	
1376	3	57	00707ad0	Interface::GetCurrentRenderedMenu	cg	8253f898	fallout/interface/interface.cpp	fallout/interface	
1377	3	58	005585e0				fallout shared/tesobjectcell.cpp	fallout shared	
1378	3	59	00b6bee0	BSShaderUtil::AccumulateScene	cg	82a5f010	BSShader/bsshaderutil.cpp	BSShader	
1379	3	60	00559450						
1380	3	61	00b6c0d0					BSShader	
1381	3	62	004a0fd0				fallout shared/bgsdecalmanager.cpp	fallout shared	
1382	3	63	004a0f60	BSCullingProcess::~BSCullingProcess	cg	822ef570	fallout shared/bgsdecalmanager.cpp	fallout shared	
1383	3	64	00529c90	ImageSpaceModifierInstanceForm::Stop	cg	82369738	fallout shared/imagespacemodifierinstance.cpp	fallout shared	
1384	3	65	0086fd90	Main::OnIdle_UpdateImageSpace	cg	8269c100	fallout/misc/main.cpp	fallout/misc	
1385	3	66	004ea970				fallout shared/teswater.cpp	fallout shared	
1386	3	67	00ba30f0	MTRenderingSystem::SetThreadStage	cg	82a7d220	BSShader/mtrenderingsystem.cpp	BSShader	
1387	3	68	004ea970				fallout shared/teswater.cpp	fallout shared	
1388	3	69	00ba3130				BSShader/mtrenderingsystem.cpp	BSShader	
1389	3	70	004ea970				fallout shared/teswater.cpp	fallout shared	
1390	3	71	00ba2fa0				BSShader/mtrenderingsystem.cpp	BSShader	
1391	3	72	00414430				fallout shared/extradatalist.cpp	fallout shared	
1392	3	73	00524c90				fallout shared/tesobjectweap.cpp	fallout shared	
1393	3	74	00712e60				fallout/interface/interfacemanager.cpp	fallout/interface	
1394	3	75	00a04500	Tile::Unlock	cg	828ea9f8	BSMenu/tile.cpp	BSMenu	
1395	3	76	0043c4b0				fallout shared/modelloader.cpp	fallout shared	
1396	3	77	004a03c0				fallout shared/bgsdecalmanager.cpp	fallout shared	
1397	3	78	00404ee0				fallout shared/magic/effectitem.cpp	fallout shared/magic	
1398	2	8	0070edf0	XUserInterface::XUIIsUp	cg	82902288	BSMenu/xuserinterface.cpp	BSMenu	
1399	3	1	004a4080					fallout shared	
1400	2	9	00703d50	Interface::IsConsoleVisible	cg	8253db90	fallout/interface/interface.cpp	fallout/interface	
1401	3	1	004b7210				fallout shared/globalfunc.cpp	fallout shared	
1402	3	2	004b7210				fallout shared/globalfunc.cpp	fallout shared	
1403	3	3	009373f0				fallout/ai/modifierlist.cpp	fallout/ai	
1404	3	4	0071b160	MenuConsole::Instance	cg	82553cf8	fallout/interface/menuconsole.cpp	fallout/interface	
1405	3	5	0071b160	MenuConsole::Instance	cg	82553cf8	fallout/interface/menuconsole.cpp	fallout/interface	
1406	3	6	004a4020					fallout shared	
1407	2	10	007079b0	Interface::IsInRenderedMenu	cg	825411c8	fallout/interface/interface.cpp	fallout/interface	
1408	3	1	00705a00	Interface::IsInPipboyMenu	cg	82540ea0	fallout/interface/interface.cpp	fallout/interface	
1409	3	2	00705990	Interface::GetPipboy	cg	8253ebe0	fallout/interface/interface.cpp	fallout/interface	
1410	3	3	00974d90				fallout/ai/processlists.cpp	fallout/ai	
1411	3	4	004b7210				fallout shared/globalfunc.cpp	fallout shared	
1412	3	5	007079f0				fallout/interface/interface.cpp	fallout/interface	
1413	2	11	00702450	Interface::IsTopMenuID	cg	82542530	fallout/interface/interface.cpp	fallout/interface	
1414	3	1	004b7210				fallout shared/globalfunc.cpp	fallout shared	
1415	3	2	004b7210				fallout shared/globalfunc.cpp	fallout shared	
1416	3	3	009373f0				fallout/ai/modifierlist.cpp	fallout/ai	
1417	3	4	004b7210				fallout shared/globalfunc.cpp	fallout shared	
1418	3	5	00714f00	InterfaceManager::GetEnterStackTop	cg	82544b48	fallout/interface/interfacemanager.cpp	fallout/interface	
1419	3	6	00702680	Interface::IsMenuIDVisible	cg	8253fa68	fallout/interface/interface.cpp	fallout/interface	
1420	2	12	00702450	Interface::IsTopMenuID	cg	82542530	fallout/interface/interface.cpp	fallout/interface	
1421	3	1	004b7210				fallout shared/globalfunc.cpp	fallout shared	
1422	3	2	004b7210				fallout shared/globalfunc.cpp	fallout shared	
1423	3	3	009373f0				fallout/ai/modifierlist.cpp	fallout/ai	
1424	3	4	004b7210				fallout shared/globalfunc.cpp	fallout shared	
1425	3	5	00714f00	InterfaceManager::GetEnterStackTop	cg	82544b48	fallout/interface/interfacemanager.cpp	fallout/interface	
1426	3	6	00702680	Interface::IsMenuIDVisible	cg	8253fa68	fallout/interface/interface.cpp	fallout/interface	
1427	2	13	007014a0	FaderManager::IsFaderActive	cg	8253bc40	fallout/interface/fadermanager.cpp	fallout/interface	
1428	2	14	00702680	Interface::IsMenuIDVisible	cg	8253fa68	fallout/interface/interface.cpp	fallout/interface	
1429	3	1	004b7210				fallout shared/globalfunc.cpp	fallout shared	
1430	3	2	004b7210				fallout shared/globalfunc.cpp	fallout shared	
1431	3	3	009373f0				fallout/ai/modifierlist.cpp	fallout/ai	
1432	3	4	00709c00				fallout/interface/interface.cpp	fallout/interface	
1433	3	5	00702680	Interface::IsMenuIDVisible	cg	8253fa68	fallout/interface/interface.cpp	fallout/interface	recursive
1434	3	6	00702680	Interface::IsMenuIDVisible	cg	8253fa68	fallout/interface/interface.cpp	fallout/interface	recursive
1435	3	7	00702680	Interface::IsMenuIDVisible	cg	8253fa68	fallout/interface/interface.cpp	fallout/interface	recursive
1436	3	8	00702680	Interface::IsMenuIDVisible	cg	8253fa68	fallout/interface/interface.cpp	fallout/interface	recursive
1437	3	9	00702680	Interface::IsMenuIDVisible	cg	8253fa68	fallout/interface/interface.cpp	fallout/interface	recursive
1438	3	10	00a09030	Tile::GetMenuByClass	cg	828efd80	BSMenu/tile.cpp	BSMenu	
1439	3	11	00a03c90	Tile::GetMenu	cg	828ea0b0	BSMenu/tile.cpp	BSMenu	
1440	3	12	00a03c90	Tile::GetMenu	cg	828ea0b0	BSMenu/tile.cpp	BSMenu	
1441	3	13	0059bb30	D3DTexture_LockRect	cg	828440f8	d3d9/texture.cpp	d3d9	
1442	3	14	007027b0				fallout/interface/interface.cpp	fallout/interface	
1443	2	15	00702680	Interface::IsMenuIDVisible	cg	8253fa68	fallout/interface/interface.cpp	fallout/interface	
1444	3	1	004b7210				fallout shared/globalfunc.cpp	fallout shared	
1445	3	2	004b7210				fallout shared/globalfunc.cpp	fallout shared	
1446	3	3	009373f0				fallout/ai/modifierlist.cpp	fallout/ai	
1447	3	4	00709c00				fallout/interface/interface.cpp	fallout/interface	
1448	3	5	00702680	Interface::IsMenuIDVisible	cg	8253fa68	fallout/interface/interface.cpp	fallout/interface	recursive
1449	3	6	00702680	Interface::IsMenuIDVisible	cg	8253fa68	fallout/interface/interface.cpp	fallout/interface	recursive
1450	3	7	00702680	Interface::IsMenuIDVisible	cg	8253fa68	fallout/interface/interface.cpp	fallout/interface	recursive
1451	3	8	00702680	Interface::IsMenuIDVisible	cg	8253fa68	fallout/interface/interface.cpp	fallout/interface	recursive
1452	3	9	00702680	Interface::IsMenuIDVisible	cg	8253fa68	fallout/interface/interface.cpp	fallout/interface	recursive
1453	3	10	00a09030	Tile::GetMenuByClass	cg	828efd80	BSMenu/tile.cpp	BSMenu	
1454	3	11	00a03c90	Tile::GetMenu	cg	828ea0b0	BSMenu/tile.cpp	BSMenu	
1455	3	12	00a03c90	Tile::GetMenu	cg	828ea0b0	BSMenu/tile.cpp	BSMenu	
1456	3	13	0059bb30	D3DTexture_LockRect	cg	828440f8	d3d9/texture.cpp	d3d9	
1457	3	14	007027b0				fallout/interface/interface.cpp	fallout/interface	
1458	2	16	00702680	Interface::IsMenuIDVisible	cg	8253fa68	fallout/interface/interface.cpp	fallout/interface	
1459	3	1	004b7210				fallout shared/globalfunc.cpp	fallout shared	
1460	3	2	004b7210				fallout shared/globalfunc.cpp	fallout shared	
1461	3	3	009373f0				fallout/ai/modifierlist.cpp	fallout/ai	
1462	3	4	00709c00				fallout/interface/interface.cpp	fallout/interface	
1463	3	5	00702680	Interface::IsMenuIDVisible	cg	8253fa68	fallout/interface/interface.cpp	fallout/interface	recursive
1464	3	6	00702680	Interface::IsMenuIDVisible	cg	8253fa68	fallout/interface/interface.cpp	fallout/interface	recursive
1465	3	7	00702680	Interface::IsMenuIDVisible	cg	8253fa68	fallout/interface/interface.cpp	fallout/interface	recursive
1466	3	8	00702680	Interface::IsMenuIDVisible	cg	8253fa68	fallout/interface/interface.cpp	fallout/interface	recursive
1467	3	9	00702680	Interface::IsMenuIDVisible	cg	8253fa68	fallout/interface/interface.cpp	fallout/interface	recursive
1468	3	10	00a09030	Tile::GetMenuByClass	cg	828efd80	BSMenu/tile.cpp	BSMenu	
1469	3	11	00a03c90	Tile::GetMenu	cg	828ea0b0	BSMenu/tile.cpp	BSMenu	
1470	3	12	00a03c90	Tile::GetMenu	cg	828ea0b0	BSMenu/tile.cpp	BSMenu	
1471	3	13	0059bb30	D3DTexture_LockRect	cg	828440f8	d3d9/texture.cpp	d3d9	
1472	3	14	007027b0				fallout/interface/interface.cpp	fallout/interface	
1473	2	17	00702680	Interface::IsMenuIDVisible	cg	8253fa68	fallout/interface/interface.cpp	fallout/interface	
1474	3	1	004b7210				fallout shared/globalfunc.cpp	fallout shared	
1475	3	2	004b7210				fallout shared/globalfunc.cpp	fallout shared	
1476	3	3	009373f0				fallout/ai/modifierlist.cpp	fallout/ai	
1477	3	4	00709c00				fallout/interface/interface.cpp	fallout/interface	
1478	3	5	00702680	Interface::IsMenuIDVisible	cg	8253fa68	fallout/interface/interface.cpp	fallout/interface	recursive
1479	3	6	00702680	Interface::IsMenuIDVisible	cg	8253fa68	fallout/interface/interface.cpp	fallout/interface	recursive
1480	3	7	00702680	Interface::IsMenuIDVisible	cg	8253fa68	fallout/interface/interface.cpp	fallout/interface	recursive
1481	3	8	00702680	Interface::IsMenuIDVisible	cg	8253fa68	fallout/interface/interface.cpp	fallout/interface	recursive
1482	3	9	00702680	Interface::IsMenuIDVisible	cg	8253fa68	fallout/interface/interface.cpp	fallout/interface	recursive
1483	3	10	00a09030	Tile::GetMenuByClass	cg	828efd80	BSMenu/tile.cpp	BSMenu	
1484	3	11	00a03c90	Tile::GetMenu	cg	828ea0b0	BSMenu/tile.cpp	BSMenu	
1485	3	12	00a03c90	Tile::GetMenu	cg	828ea0b0	BSMenu/tile.cpp	BSMenu	
1486	3	13	0059bb30	D3DTexture_LockRect	cg	828440f8	d3d9/texture.cpp	d3d9	
1487	3	14	007027b0				fallout/interface/interface.cpp	fallout/interface	
1488	2	18	00702680	Interface::IsMenuIDVisible	cg	8253fa68	fallout/interface/interface.cpp	fallout/interface	
1489	3	1	004b7210				fallout shared/globalfunc.cpp	fallout shared	
1490	3	2	004b7210				fallout shared/globalfunc.cpp	fallout shared	
1491	3	3	009373f0				fallout/ai/modifierlist.cpp	fallout/ai	
1492	3	4	00709c00				fallout/interface/interface.cpp	fallout/interface	
1493	3	5	00702680	Interface::IsMenuIDVisible	cg	8253fa68	fallout/interface/interface.cpp	fallout/interface	recursive
1494	3	6	00702680	Interface::IsMenuIDVisible	cg	8253fa68	fallout/interface/interface.cpp	fallout/interface	recursive
1495	3	7	00702680	Interface::IsMenuIDVisible	cg	8253fa68	fallout/interface/interface.cpp	fallout/interface	recursive
1496	3	8	00702680	Interface::IsMenuIDVisible	cg	8253fa68	fallout/interface/interface.cpp	fallout/interface	recursive
1497	3	9	00702680	Interface::IsMenuIDVisible	cg	8253fa68	fallout/interface/interface.cpp	fallout/interface	recursive
1498	3	10	00a09030	Tile::GetMenuByClass	cg	828efd80	BSMenu/tile.cpp	BSMenu	
1499	3	11	00a03c90	Tile::GetMenu	cg	828ea0b0	BSMenu/tile.cpp	BSMenu	
1500	3	12	00a03c90	Tile::GetMenu	cg	828ea0b0	BSMenu/tile.cpp	BSMenu	
1501	3	13	0059bb30	D3DTexture_LockRect	cg	828440f8	d3d9/texture.cpp	d3d9	
1502	3	14	007027b0				fallout/interface/interface.cpp	fallout/interface	
1503	2	19	00702680	Interface::IsMenuIDVisible	cg	8253fa68	fallout/interface/interface.cpp	fallout/interface	
1504	3	1	004b7210				fallout shared/globalfunc.cpp	fallout shared	
1505	3	2	004b7210				fallout shared/globalfunc.cpp	fallout shared	
1506	3	3	009373f0				fallout/ai/modifierlist.cpp	fallout/ai	
1507	3	4	00709c00				fallout/interface/interface.cpp	fallout/interface	
1508	3	5	00702680	Interface::IsMenuIDVisible	cg	8253fa68	fallout/interface/interface.cpp	fallout/interface	recursive
1509	3	6	00702680	Interface::IsMenuIDVisible	cg	8253fa68	fallout/interface/interface.cpp	fallout/interface	recursive
1510	3	7	00702680	Interface::IsMenuIDVisible	cg	8253fa68	fallout/interface/interface.cpp	fallout/interface	recursive
1511	3	8	00702680	Interface::IsMenuIDVisible	cg	8253fa68	fallout/interface/interface.cpp	fallout/interface	recursive
1512	3	9	00702680	Interface::IsMenuIDVisible	cg	8253fa68	fallout/interface/interface.cpp	fallout/interface	recursive
1513	3	10	00a09030	Tile::GetMenuByClass	cg	828efd80	BSMenu/tile.cpp	BSMenu	
1514	3	11	00a03c90	Tile::GetMenu	cg	828ea0b0	BSMenu/tile.cpp	BSMenu	
1515	3	12	00a03c90	Tile::GetMenu	cg	828ea0b0	BSMenu/tile.cpp	BSMenu	
1516	3	13	0059bb30	D3DTexture_LockRect	cg	828440f8	d3d9/texture.cpp	d3d9	
1517	3	14	007027b0				fallout/interface/interface.cpp	fallout/interface	
1518	2	20	00702680	Interface::IsMenuIDVisible	cg	8253fa68	fallout/interface/interface.cpp	fallout/interface	
1519	3	1	004b7210				fallout shared/globalfunc.cpp	fallout shared	
1520	3	2	004b7210				fallout shared/globalfunc.cpp	fallout shared	
1521	3	3	009373f0				fallout/ai/modifierlist.cpp	fallout/ai	
1522	3	4	00709c00				fallout/interface/interface.cpp	fallout/interface	
1523	3	5	00702680	Interface::IsMenuIDVisible	cg	8253fa68	fallout/interface/interface.cpp	fallout/interface	recursive
1524	3	6	00702680	Interface::IsMenuIDVisible	cg	8253fa68	fallout/interface/interface.cpp	fallout/interface	recursive
1525	3	7	00702680	Interface::IsMenuIDVisible	cg	8253fa68	fallout/interface/interface.cpp	fallout/interface	recursive
1526	3	8	00702680	Interface::IsMenuIDVisible	cg	8253fa68	fallout/interface/interface.cpp	fallout/interface	recursive
1527	3	9	00702680	Interface::IsMenuIDVisible	cg	8253fa68	fallout/interface/interface.cpp	fallout/interface	recursive
1528	3	10	00a09030	Tile::GetMenuByClass	cg	828efd80	BSMenu/tile.cpp	BSMenu	
1529	3	11	00a03c90	Tile::GetMenu	cg	828ea0b0	BSMenu/tile.cpp	BSMenu	
1530	3	12	00a03c90	Tile::GetMenu	cg	828ea0b0	BSMenu/tile.cpp	BSMenu	
1531	3	13	0059bb30	D3DTexture_LockRect	cg	828440f8	d3d9/texture.cpp	d3d9	
1532	3	14	007027b0				fallout/interface/interface.cpp	fallout/interface	
1533	2	21	00702680	Interface::IsMenuIDVisible	cg	8253fa68	fallout/interface/interface.cpp	fallout/interface	
1534	3	1	004b7210				fallout shared/globalfunc.cpp	fallout shared	
1535	3	2	004b7210				fallout shared/globalfunc.cpp	fallout shared	
1536	3	3	009373f0				fallout/ai/modifierlist.cpp	fallout/ai	
1537	3	4	00709c00				fallout/interface/interface.cpp	fallout/interface	
1538	3	5	00702680	Interface::IsMenuIDVisible	cg	8253fa68	fallout/interface/interface.cpp	fallout/interface	recursive
1539	3	6	00702680	Interface::IsMenuIDVisible	cg	8253fa68	fallout/interface/interface.cpp	fallout/interface	recursive
1540	3	7	00702680	Interface::IsMenuIDVisible	cg	8253fa68	fallout/interface/interface.cpp	fallout/interface	recursive
1541	3	8	00702680	Interface::IsMenuIDVisible	cg	8253fa68	fallout/interface/interface.cpp	fallout/interface	recursive
1542	3	9	00702680	Interface::IsMenuIDVisible	cg	8253fa68	fallout/interface/interface.cpp	fallout/interface	recursive
1543	3	10	00a09030	Tile::GetMenuByClass	cg	828efd80	BSMenu/tile.cpp	BSMenu	
1544	3	11	00a03c90	Tile::GetMenu	cg	828ea0b0	BSMenu/tile.cpp	BSMenu	
1545	3	12	00a03c90	Tile::GetMenu	cg	828ea0b0	BSMenu/tile.cpp	BSMenu	
1546	3	13	0059bb30	D3DTexture_LockRect	cg	828440f8	d3d9/texture.cpp	d3d9	
1547	3	14	007027b0				fallout/interface/interface.cpp	fallout/interface	
1548	2	22	00877430	Main::KillMenuBGTexture	cg	82698460	fallout/misc/main.cpp	fallout/misc	
1549	3	1	00559450						
1550	3	2	00559450						
1551	3	3	004a0ea0				fallout shared/bgsdecalmanager.cpp	fallout shared	
1552	3	4	00b6da10	BSTextureManager::ReturnRenderedTexture	cg	82a626f0	BSShader/bstexturemanager.cpp	BSShader	
1553	3	5	0066b0d0					fallout shared/speedtree	
1554	3	6	004e3270				fallout shared/teswater.cpp	fallout shared	
1555	3	7	007123f0						
1556	3	8	004e3270				fallout shared/teswater.cpp	fallout shared	
1557	3	9	007123a0						
1558	1	45	007011d0	FaderManager::UpdateFaders	frame	8253beb8	fallout/interface/fadermanager.cpp	fallout/interface	
1559	2	1	00404eb0				fallout shared/magic/effectitem.cpp	fallout shared/magic	
1560	3	1	00404f00				fallout shared/magic/effectitem.cpp	fallout shared/magic	
1561	2	2	007013e0				fallout/interface/fadermanager.cpp	fallout/interface	
1562	2	3	00559450						
1563	2	4	00559450						
1564	2	5	00821600				fallout/magic/magicshaderhiteffect.cpp	fallout/magic	
1565	2	6	009611e0				fallout/ai/playercharacter.cpp	fallout/ai	
1566	2	7	009611e0				fallout/ai/playercharacter.cpp	fallout/ai	
1567	2	8	007013e0				fallout/interface/fadermanager.cpp	fallout/interface	
1568	2	9	00559450						
1569	2	10	00559450						
1570	2	11	00821600				fallout/magic/magicshaderhiteffect.cpp	fallout/magic	
1571	2	12	00404ee0				fallout shared/magic/effectitem.cpp	fallout shared/magic	
1572	3	1	00404f70				fallout shared/magic/effectitem.cpp	fallout shared/magic	
1573	1	46	004e0110	ScreenSplatter::Update	frame	82323de0			
1574	2	1	00559450						
1575	2	2	0043b480				fallout shared/modelloader.cpp	fallout shared	
1576	3	1	00658930						
1577	2	3	0084d030				fallout/misc/saveload/bgssaveloadglobaldata.cpp	fallout/misc	
1578	2	4	00559450						
1579	2	5	0043b4a0				fallout shared/modelloader.cpp	fallout shared	
1580	3	1	00877a30				fallout/misc/main.cpp	fallout/misc	
1581	3	2	00559450						
1582	2	6	004e0320						
1583	2	7	00a5bdd0	NiObjectNET::GetExtraData	cg	82e2c780	NiMain/niobjectnet.cpp	NiMain	
1584	3	1	00a62660	NiBSplineBasisData::GetDegree3Basis	vt	82ea1208	NiAnimation/nibsplinebasisdata.cpp	NiAnimation	
1585	2	8	0048d150				fallout shared/tesspelllist.cpp	fallout shared	
1586	2	9	00559450						
1587	2	10	00403e20				fallout shared/magic/effectitem.cpp	fallout shared/magic	
1588	2	11	00403e20				fallout shared/magic/effectitem.cpp	fallout shared/magic	
1589	2	12	004b3ab0				fallout shared/globalfunc.cpp	fallout shared	
1590	2	13	0043d410				fallout shared/modelloader.cpp	fallout shared	
1591	2	14	00a59c60					NiMain	
1592	2	15	00403e20				fallout shared/magic/effectitem.cpp	fallout shared/magic	
1593	2	16	004de8a0					fallout shared	
1594	2	17	00403e20				fallout shared/magic/effectitem.cpp	fallout shared/magic	
1595	2	18	004de8b0					fallout shared	
1596	2	19	004de8d0					fallout shared	
1597	2	20	0040ebd0					fallout shared	
1598	2	21	004de8c0					fallout shared	
1599	1	47	004de600	ScreenCustomSplatter::Update	frame	82322430		fallout shared	
1600	2	1	00559450						
1601	2	2	0043b480				fallout shared/modelloader.cpp	fallout shared	
1602	3	1	00658930						
1603	2	3	0084d030				fallout/misc/saveload/bgssaveloadglobaldata.cpp	fallout/misc	
1604	2	4	00559450						
1605	2	5	0043b4a0				fallout shared/modelloader.cpp	fallout shared	
1606	3	1	00877a30				fallout/misc/main.cpp	fallout/misc	
1607	3	2	00559450						
1608	2	6	004de890					fallout shared	
1609	2	7	00a5bdd0	NiObjectNET::GetExtraData	cg	82e2c780	NiMain/niobjectnet.cpp	NiMain	
1610	3	1	00a62660	NiBSplineBasisData::GetDegree3Basis	vt	82ea1208	NiAnimation/nibsplinebasisdata.cpp	NiAnimation	
1611	2	8	0048d150				fallout shared/tesspelllist.cpp	fallout shared	
1612	2	9	00559450						
1613	2	10	00403e20				fallout shared/magic/effectitem.cpp	fallout shared/magic	
1614	2	11	004b3ab0				fallout shared/globalfunc.cpp	fallout shared	
1615	2	12	004b3ab0				fallout shared/globalfunc.cpp	fallout shared	
1616	2	13	0043d410				fallout shared/modelloader.cpp	fallout shared	
1617	2	14	00a59c60					NiMain	
1618	2	15	00403e20				fallout shared/magic/effectitem.cpp	fallout shared/magic	
1619	2	16	004de8a0					fallout shared	
1620	2	17	00403e20				fallout shared/magic/effectitem.cpp	fallout shared/magic	
1621	2	18	004de8b0					fallout shared	
1622	2	19	004de8d0					fallout shared	
1623	2	20	0040ebd0					fallout shared	
1624	2	21	004de8c0					fallout shared	
1625	1	48	00683a60				fallout shared/tempeffects/bstempeffectgeometrydecal.cpp	fallout shared/tempeffects	
1626	1	49	00a81a20					NiMain	
1627	2	1	00714960				fallout/interface/interfacemanager.cpp	fallout/interface	
1628	3	1	007149b0				fallout/interface/interfacemanager.cpp	fallout/interface	
1629	3	2	007149f0				fallout/interface/interfacemanager.cpp	fallout/interface	
1630	3	3	007149b0				fallout/interface/interfacemanager.cpp	fallout/interface	
1631	1	50	00451530				fallout shared/tes.cpp	fallout shared	
1632	1	51	0086ef70				fallout/misc/main.cpp	fallout/misc	
1633	1	52	004556d0	TES::TestAllCells	str	822ad678	fallout shared/tes.cpp	fallout shared	
1634	2	1	005a8040	IOManager::Pause	cg	829c2680	BSMain/iomanager.obj	BSMain	
1635	2	2	0043b2b0	MessageHandler::IncDisableWarningCount	cg	82284b40	fallout shared/modelloader.cpp	fallout shared	
1636	3	1	0040b460				fallout shared/magic/magicitem.cpp	fallout shared/magic	
1637	3	2	004019a0	WaitForSingleObjectEx	cg	82ed3478	XAPILIB/waitforsingleobjectex.c	XAPILIB	
1638	2	3	00aff0b0	BSSystemFile::DeleteFileA	cg	8293e338	BSSystem/bssystemfile_xenon.cpp	BSSystem	
1639	2	4	005b5e40				fallout shared/tesscriptfunctions.cpp	fallout shared	
1640	2	5	0046ddb0	TESDataHandler::CheckModels	str	822b88e8	fallout shared/tesdatahandler.cpp	fallout shared	
1641	3	1	00408d60						
1642	3	2	0046e880				fallout shared/tesdatahandler.cpp	fallout shared	
1643	3	3	00408d60						
1644	3	4	00871dc0	Main::RenderMenuBackground	cg	8269e468	fallout/misc/main.cpp	fallout/misc	
1645	3	5	00408d60						
1646	3	6	00c3c220	MessageHandler::Output	cg	829b41e8	BSMain/messagehandler.obj	BSMain	
1647	3	7	00726070				fallout/interface/menumanager.cpp	fallout/interface	
1648	3	8	00440d80				fallout shared/modelloader.cpp	fallout shared	
1649	3	9	00401170						
1650	3	10	00ec43fb	__RTDynamicCast	str	82eb3b00	LIBCMT/rtti.cpp	LIBCMT	
1651	3	11	00ec43fb	__RTDynamicCast	str	82eb3b00	LIBCMT/rtti.cpp	LIBCMT	
1652	3	12	00ec43fb	__RTDynamicCast	str	82eb3b00	LIBCMT/rtti.cpp	LIBCMT	
1653	3	13	00481110	TESBipedModelForm::GetWorldTESModel_ov2	cg	822d0f18	fallout shared/tesbipedmodelform.cpp	fallout shared	
1654	3	14	00481110	TESBipedModelForm::GetWorldTESModel_ov2	cg	822d0f18	fallout shared/tesbipedmodelform.cpp	fallout shared	
1655	3	15	00481150	TESBipedModelForm::GetBipedTESModel_ov2	cg	822d0f78	fallout shared/tesbipedmodelform.cpp	fallout shared	
1656	3	16	00481150	TESBipedModelForm::GetBipedTESModel_ov2	cg	822d0f78	fallout shared/tesbipedmodelform.cpp	fallout shared	
1657	3	17	0048cee0					fallout shared	
1658	3	18	00406d00						
1659	3	19	00406d00						
1660	3	20	00456a20	FileFinder::Exist	cg	8293cf28	BSSystem/filefinder.cpp	BSSystem	
1661	3	21	00408d60						
1662	3	22	00462d40				fallout shared/tesdatahandler.cpp	fallout shared	
1663	3	23	00406d00						
1664	3	24	00406d30						
1665	3	25	00406d00						
1666	3	26	00406d30						
1667	3	27	0046e850				fallout shared/tesdatahandler.cpp	fallout shared	
1668	3	28	00456a20	FileFinder::Exist	cg	8293cf28	BSSystem/filefinder.cpp	BSSystem	
1669	3	29	005b5e40				fallout shared/tesscriptfunctions.cpp	fallout shared	
1670	3	30	0046f0c0	TESDataHandler::CheckForNiRawImageData	str	822b05f8	fallout shared/tesdatahandler.cpp	fallout shared	
1671	3	31	00408d60						
1672	3	32	00408d60						
1673	3	33	00ec623a	sprintf	cg	82eb3e20	LIBCMT/sprintf.c	LIBCMT	
1674	3	34	00703c00	Interface::PrintLine	align-gap	8253db28	fallout/interface/interface.cpp	fallout/interface	
1675	3	35	0086ff70	Main::Swap	frame	8269ed48	fallout/misc/main.cpp	fallout/misc	
1676	3	36	00401170						
1677	3	37	00401000						
1678	3	38	008d1d30	Character::Character	cg	826f3850	fallout/ai/character.cpp	fallout/ai	
1679	3	39	00401170						
1680	3	40	00401000						
1681	3	41	008d43a0	Creature::Creature	cg	826f4a58	fallout/ai/creature.cpp	fallout/ai	
1682	3	42	00401000						
1683	3	43	0055a2f0	TESObjectREFR::TESObjectREFR	cg	823b5d70	fallout shared/tesobjectrefr.cpp	fallout shared	
1684	3	44	00575690	TESObjectREFR::SetObjectReference	cg	8239eab0	fallout shared/tesobjectrefr.cpp	fallout shared	
1685	3	45	00401170						
1686	3	46	00408d60						
1687	3	47	00408d60						
1688	3	48	0047d1a0				fallout shared/tesactorbasedata.cpp	fallout shared	
1689	3	49	00444850	ModelLoader::QueueReference	cg	8228b2d8	fallout shared/modelloader.cpp	fallout shared	
1690	3	50	00456520	IOManager::LoadQueuedPriority	cg	829c21e8	BSMain/iomanager.obj	BSMain	
1691	3	51	0046e8a0				fallout shared/tesdatahandler.cpp	fallout shared	
1692	3	52	0046e8a0				fallout shared/tesdatahandler.cpp	fallout shared	
1693	3	53	005b5e40				fallout shared/tesscriptfunctions.cpp	fallout shared	
1694	3	54	005b5e40				fallout shared/tesscriptfunctions.cpp	fallout shared	
1695	3	55	0046e910	TESDataHandler::CheckTexturesRecurse	cg	822b1b80	fallout shared/tesdatahandler.cpp	fallout shared	
1696	3	56	00408d60						
1697	3	57	00401170						
1698	3	58	00401170						
1699	3	59	0062bd00	TESHavokUtilities::InspectHavokObjects	cg	82463f58	fallout shared/havok/teshavokutilities.cpp	fallout shared/havok	
1700	3	60	0050ebf0	TESBoundObject::GetBoundSize	cg	8234e6e8	fallout shared/tesobject.cpp	fallout shared	
1701	3	61	00456670	TES::GetFaceCount	cg	822a4d88	fallout shared/tes.cpp	fallout shared	
1702	3	62	00c3c220	MessageHandler::Output	cg	829b41e8	BSMain/messagehandler.obj	BSMain	
1703	3	63	00452490	TES::CleanUpUnusedTextures	cg	822a2388	fallout shared/tes.cpp	fallout shared	
1704	3	64	00408d60						
1705	3	65	0046e8c0				fallout shared/tesdatahandler.cpp	fallout shared	
1706	3	66	005b5e40				fallout shared/tesscriptfunctions.cpp	fallout shared	
1707	3	67	005b5e40				fallout shared/tesscriptfunctions.cpp	fallout shared	
1708	3	68	007af430	BGSSaveFormBuffer::GetForm	vt	823391d0	fallout/misc/saveload/bgssaveformbuffer.cpp	fallout/misc	
1709	3	69	0046e880				fallout shared/tesdatahandler.cpp	fallout shared	
1710	3	70	00ec408c						
1711	2	6	005b5e40				fallout shared/tesscriptfunctions.cpp	fallout shared	
1712	2	7	0046ec10	TESDataHandler::CheckIcons	str	822b1d28	fallout shared/tesdatahandler.cpp	fallout shared	
1713	3	1	00408d60						
1714	3	2	004b9ba0				fallout shared/globalfunc.cpp	fallout shared	
1715	3	3	006b7f20				fallout shared/pathfinding/navmeshinfomap.cpp	fallout shared/pathfinding	
1716	3	4	00ec43fb	__RTDynamicCast	str	82eb3b00	LIBCMT/rtti.cpp	LIBCMT	
1717	3	5	00ec43fb	__RTDynamicCast	str	82eb3b00	LIBCMT/rtti.cpp	LIBCMT	
1718	3	6	00ec43fb	__RTDynamicCast	str	82eb3b00	LIBCMT/rtti.cpp	LIBCMT	
1719	3	7	00408d60						
1720	3	8	00401170						
1721	3	9	0046f070				fallout shared/tesdatahandler.cpp	fallout shared	
1722	3	10	0048cee0					fallout shared	
1723	3	11	00401170						
1724	3	12	004b1b60				fallout shared/globalfunc.cpp	fallout shared	
1725	3	13	005b5e40				fallout shared/tesscriptfunctions.cpp	fallout shared	
1726	3	14	00408da0	MapMarkerData::GetLocationName	vt	822542e0	fallout shared/mapmarkerdata.cpp	fallout shared	
1727	3	15	00406d00						
1728	3	16	00456a20	FileFinder::Exist	cg	8293cf28	BSSystem/filefinder.cpp	BSSystem	
1729	3	17	00401170						
1730	3	18	004b1b60				fallout shared/globalfunc.cpp	fallout shared	
1731	3	19	00408da0	MapMarkerData::GetLocationName	vt	822542e0	fallout shared/mapmarkerdata.cpp	fallout shared	
1732	3	20	005b5e40				fallout shared/tesscriptfunctions.cpp	fallout shared	
1733	3	21	00408d60						
1734	3	22	0048cee0					fallout shared	
1735	3	23	00401170						
1736	3	24	00401170						
1737	3	25	004b1b60				fallout shared/globalfunc.cpp	fallout shared	
1738	3	26	005b5e40				fallout shared/tesscriptfunctions.cpp	fallout shared	
1739	3	27	00401170						
1740	3	28	00408da0	MapMarkerData::GetLocationName	vt	822542e0	fallout shared/mapmarkerdata.cpp	fallout shared	
1741	3	29	00406d00						
1742	3	30	00408da0	MapMarkerData::GetLocationName	vt	822542e0	fallout shared/mapmarkerdata.cpp	fallout shared	
1743	3	31	00406d00						
1744	3	32	00456a20	FileFinder::Exist	cg	8293cf28	BSSystem/filefinder.cpp	BSSystem	
1745	3	33	00401170						
1746	3	34	004b1b60				fallout shared/globalfunc.cpp	fallout shared	
1747	3	35	00408da0	MapMarkerData::GetLocationName	vt	822542e0	fallout shared/mapmarkerdata.cpp	fallout shared	
1748	3	36	005b5e40				fallout shared/tesscriptfunctions.cpp	fallout shared	
1749	3	37	00408d60						
1750	3	38	00481230					fallout shared	
1751	3	39	0044a670				fallout shared/tesobject.cpp	fallout shared	
1752	3	40	00401170						
1753	3	41	004b1b60				fallout shared/globalfunc.cpp	fallout shared	
1754	3	42	005b5e40				fallout shared/tesscriptfunctions.cpp	fallout shared	
1755	3	43	0046f090				fallout shared/tesdatahandler.cpp	fallout shared	
1756	3	44	00406d00						
1757	3	45	00456a20	FileFinder::Exist	cg	8293cf28	BSSystem/filefinder.cpp	BSSystem	
1758	3	46	00401170						
1759	3	47	004b1b60				fallout shared/globalfunc.cpp	fallout shared	
1760	3	48	005b5e40				fallout shared/tesscriptfunctions.cpp	fallout shared	
1761	3	49	00ec408c						
1762	2	8	00460140				fallout shared/tesdatahandler.cpp	fallout shared	
1763	2	9	004619b0				fallout shared/tesdatahandler.cpp	fallout shared	
1764	3	1	00600bc0						
1765	3	2	009938b0				fallout/ai/combat/combatmanager.cpp	fallout/ai	
1766	3	3	00877a30				fallout/misc/main.cpp	fallout/misc	
1767	3	4	00877a30				fallout/misc/main.cpp	fallout/misc	
1768	3	5	00451cb0				fallout shared/tes.cpp	fallout shared	
1769	3	6	00451cb0				fallout shared/tes.cpp	fallout shared	
1770	3	7	00404dc0				fallout shared/magic/effectitem.cpp	fallout shared/magic	
1771	3	8	0096ae90					fallout/ai	
1772	3	9	0096ae90					fallout/ai	
1773	2	10	00461960				fallout shared/tesdatahandler.cpp	fallout shared	
1774	3	1	009938b0				fallout/ai/combat/combatmanager.cpp	fallout/ai	
1775	2	11	006815c0					fallout shared	
1776	2	12	00460140				fallout shared/tesdatahandler.cpp	fallout shared	
1777	2	13	006815c0					fallout shared	
1778	2	14	00726070				fallout/interface/menumanager.cpp	fallout/interface	
1779	2	15	004619b0				fallout shared/tesdatahandler.cpp	fallout shared	
1780	3	1	00600bc0						
1781	3	2	009938b0				fallout/ai/combat/combatmanager.cpp	fallout/ai	
1782	3	3	00877a30				fallout/misc/main.cpp	fallout/misc	
1783	3	4	00877a30				fallout/misc/main.cpp	fallout/misc	
1784	3	5	00451cb0				fallout shared/tes.cpp	fallout shared	
1785	3	6	00451cb0				fallout shared/tes.cpp	fallout shared	
1786	3	7	00404dc0				fallout shared/magic/effectitem.cpp	fallout shared/magic	
1787	3	8	0096ae90					fallout/ai	
1788	3	9	0096ae90					fallout/ai	
1789	2	16	00461960				fallout shared/tesdatahandler.cpp	fallout shared	
1790	3	1	009938b0				fallout/ai/combat/combatmanager.cpp	fallout/ai	
1791	2	17	004619b0				fallout shared/tesdatahandler.cpp	fallout shared	
1792	3	1	00600bc0						
1793	3	2	009938b0				fallout/ai/combat/combatmanager.cpp	fallout/ai	
1794	3	3	00877a30				fallout/misc/main.cpp	fallout/misc	
1795	3	4	00877a30				fallout/misc/main.cpp	fallout/misc	
1796	3	5	00451cb0				fallout shared/tes.cpp	fallout shared	
1797	3	6	00451cb0				fallout shared/tes.cpp	fallout shared	
1798	3	7	00404dc0				fallout shared/magic/effectitem.cpp	fallout shared/magic	
1799	3	8	0096ae90					fallout/ai	
1800	3	9	0096ae90					fallout/ai	
1801	2	18	00461960				fallout shared/tesdatahandler.cpp	fallout shared	
1802	3	1	009938b0				fallout/ai/combat/combatmanager.cpp	fallout/ai	
1803	2	19	0043b2b0	MessageHandler::IncDisableWarningCount	cg	82284b40	fallout shared/modelloader.cpp	fallout shared	
1804	3	1	0040b460				fallout shared/magic/magicitem.cpp	fallout shared/magic	
1805	3	2	004019a0	WaitForSingleObjectEx	cg	82ed3478	XAPILIB/waitforsingleobjectex.c	XAPILIB	
1806	2	20	00ec7d50						
1807	3	1	00ecc300	__allmul	fid			LIBCMT	
1808	3	2	00ecc590	__aulldiv	fid			LIBCMT	
1809	2	21	006815c0					fallout shared	
1810	2	22	004564f0						
1811	3	1	00ec7ec0						
1812	2	23	00726070				fallout/interface/menumanager.cpp	fallout/interface	
1813	2	24	006815c0					fallout shared	
1814	2	25	00458200	TES::SetWorldSpace	cg	822a61d8	fallout shared/tes.cpp	fallout shared	
1815	3	1	00408d60						
1816	3	2	005f36f0	ActorMover::GetPreferredMoveMode	vt	824c0938	fallout/ai/movement/actormover.cpp	fallout/ai	
1817	3	3	00453940						
1818	3	4	00455200				fallout shared/tes.cpp	fallout shared	
1819	3	5	005f36f0	ActorMover::GetPreferredMoveMode	vt	824c0938	fallout/ai/movement/actormover.cpp	fallout/ai	
1820	3	6	00454d50				fallout shared/tes.cpp	fallout shared	
1821	3	7	00452490	TES::CleanUpUnusedTextures	cg	822a2388	fallout shared/tes.cpp	fallout shared	
1822	3	8	00458400				fallout shared/tes.cpp	fallout shared	
1823	3	9	00526270				fallout shared/bgsencounterzone.cpp	fallout shared	
1824	3	10	006733e0	LowProcess::GetSecondGenericLocation	vt	82636af8	fallout/ai/highprocess.cpp	fallout/ai	
1825	3	11	0058eeb0				fallout shared/bgsimpactdataset.cpp	fallout shared	
1826	3	12	00453940						
1827	3	13	00450d80				fallout shared/tes.cpp	fallout shared	
1828	3	14	007043c0					fallout/interface	
1829	3	15	00709d20	Interface::SetRootMapSpace	cg	8253fa60	fallout/interface/interface.cpp	fallout/interface	
1830	3	16	00454b50				fallout shared/tes.cpp	fallout shared	
1831	3	17	00404eb0				fallout shared/magic/effectitem.cpp	fallout shared/magic	
1832	3	18	00633c90					fallout shared/sky	
1833	3	19	00454b50				fallout shared/tes.cpp	fallout shared	
1834	3	20	004568c0	TES::CreateTextureImage	str	822a4fe0	fallout shared/tes.cpp	fallout shared	
1835	3	21	00559450						
1836	3	22	0070ec90	DetailedActorPathHandler::GetCurrentNodeIndex	vt	827f1958	fallout/ai/movement/detailedactorpathhandler.cpp	fallout/ai	
1837	3	23	0052d3b0				fallout shared/tesimagespacemodifier.cpp	fallout shared	
1838	3	24	0045cec0						
1839	3	25	00404ee0				fallout shared/magic/effectitem.cpp	fallout shared/magic	
1840	3	26	0070ec90	DetailedActorPathHandler::GetCurrentNodeIndex	vt	827f1958	fallout/ai/movement/detailedactorpathhandler.cpp	fallout/ai	
1841	3	27	0052d3b0				fallout shared/tesimagespacemodifier.cpp	fallout shared	
1842	3	28	005862e0				fallout shared/tesworldspace.cpp	fallout shared	
1843	3	29	004583f0				fallout shared/tes.cpp	fallout shared	
1844	2	26	004565f0						
1845	2	27	00ec62c0					LIBCMT	
1846	2	28	00812870	LowProcess::GetEssentialDownTimer	vt	8270d9c0	fallout/ai/highprocess.cpp	fallout/ai	
1847	2	29	00ec62c0					LIBCMT	
1848	2	30	009b88a0	LowProcess::GetDeathTime	vt	8270dae8	fallout/ai/highprocess.cpp	fallout/ai	
1849	2	31	00ec62c0					LIBCMT	
1850	2	32	009b88c0	LowProcess::GetTrackedDamage	vt	8270daf8	fallout/ai/highprocess.cpp	fallout/ai	
1851	2	33	00ec62c0					LIBCMT	
1852	2	34	005b5e40				fallout shared/tesscriptfunctions.cpp	fallout shared	
1853	2	35	00585b30	TESWorldSpace::LoadCell	str	823c4398	fallout shared/tesworldspace.cpp	fallout shared	
1854	3	1	00404eb0				fallout shared/magic/effectitem.cpp	fallout shared/magic	
1855	3	2	005875a0	TESWorldSpace::GetCellFromCellCoord	cg	823c1bd0	fallout shared/tesworldspace.cpp	fallout shared	
1856	3	3	00551420				fallout shared/tesobjectcell.cpp	fallout shared	
1857	3	4	005504e0				fallout shared/tesobjectcell.cpp	fallout shared	
1858	3	5	00484e60	TESForm::GetFile	cg	822d5b30	fallout shared/tesform.cpp	fallout shared	
1859	3	6	004739b0	TESFile::GetThreadSafeFile	cg	822c4528	fallout shared/tesfile.cpp	fallout shared	
1860	3	7	005854f0	TESWorldSpace::FindCellInFile	cg	823c3c78	fallout shared/tesworldspace.cpp	fallout shared	
1861	3	8	00401000						
1862	3	9	005415b0	TESObjectCELL::TESObjectCELL	cg	82393788	fallout shared/tesobjectcell.cpp	fallout shared	
1863	3	10	00544300	TESObjectCELL::SetInterior	cg	82381568	fallout shared/tesobjectcell.cpp	fallout shared	
1864	3	11	00544630	TESObjectCELL::CreateCellData	cg	82381688	fallout shared/tesobjectcell.cpp	fallout shared	
1865	3	12	00544c90	TESObjectCELL::SetDataCoord	cg	823817f0	fallout shared/tesobjectcell.cpp	fallout shared	
1866	3	13	00587670	TESWorldSpace::AddCell	str	823c1cb0	fallout shared/tesworldspace.cpp	fallout shared	
1867	3	14	0084e3a0					fallout/misc	
1868	3	15	00861640	TESSaveLoadGame::GetCreatedExteriorCellFormID	cg	82689210	fallout shared/tessaveloadgame.cpp	fallout shared	
1869	3	16	004601d0	TESDataHandler::LoadForm	cg	822ae5a8	fallout shared/tesdatahandler.cpp	fallout shared	
1870	3	17	00462270				fallout shared/tesdatahandler.cpp	fallout shared	
1871	3	18	004601d0	TESDataHandler::LoadForm	cg	822ae5a8	fallout shared/tesdatahandler.cpp	fallout shared	
1872	3	19	00550500	TESObjectCELL::LoadTempDataFromFile	cg	8238dcf0	fallout shared/tesobjectcell.cpp	fallout shared	
1873	3	20	00551440	TESObjectCELL::SetHasTempData	cg	82381f68	fallout shared/tesobjectcell.cpp	fallout shared	
1874	3	21	0047c850				fallout shared/tesactorbasedata.cpp	fallout shared	
1875	3	22	004534f0				fallout shared/tes.cpp	fallout shared	
1876	3	23	004534f0				fallout shared/tes.cpp	fallout shared	
1877	3	24	00588150	TESWorldSpace::AssignPersistentRefsToCell	cg	823c1fe0	fallout shared/tesworldspace.cpp	fallout shared	
1878	3	25	0084e3a0					fallout/misc	
1879	3	26	005b5e40				fallout shared/tesscriptfunctions.cpp	fallout shared	
1880	3	27	00404ee0				fallout shared/magic/effectitem.cpp	fallout shared/magic	
1881	2	36	00454e70	TES::AddToExteriorBuffer	align-sim	822a4850	fallout shared/tes.cpp	fallout shared	
1882	3	1	00454fc0	TES::SortExteriorBuffer	cg	822a2898	fallout shared/tes.cpp	fallout shared	
1883	3	2	00450ff0				fallout shared/tes.cpp	fallout shared	
1884	3	3	004523c0				fallout shared/tes.cpp	fallout shared	
1885	3	4	0043d4d0				fallout shared/modelloader.cpp	fallout shared	
1886	3	5	0043d4d0				fallout shared/modelloader.cpp	fallout shared	
1887	3	6	004503f0				fallout shared/tes.cpp	fallout shared	
1888	3	7	0043d4d0				fallout shared/modelloader.cpp	fallout shared	
1889	3	8	0043d4d0				fallout shared/modelloader.cpp	fallout shared	
1890	3	9	0043d4d0				fallout shared/modelloader.cpp	fallout shared	
1891	3	10	0043d4d0				fallout shared/modelloader.cpp	fallout shared	
1892	3	11	004503f0				fallout shared/tes.cpp	fallout shared	
1893	3	12	00462290	TESDataHandler::UnloadCell	cg	822b1518	fallout shared/tesdatahandler.cpp	fallout shared	
1894	3	13	00452e50				fallout shared/tes.cpp	fallout shared	
1895	2	37	009b88c0	LowProcess::GetTrackedDamage	vt	8270daf8	fallout/ai/highprocess.cpp	fallout/ai	
1896	2	38	00ec62c0					LIBCMT	
1897	2	39	00812870	LowProcess::GetEssentialDownTimer	vt	8270d9c0	fallout/ai/highprocess.cpp	fallout/ai	
1898	2	40	00ec62c0					LIBCMT	
1899	2	41	009b88a0	LowProcess::GetDeathTime	vt	8270dae8	fallout/ai/highprocess.cpp	fallout/ai	
1900	2	42	00ec62c0					LIBCMT	
1901	2	43	00726070				fallout/interface/menumanager.cpp	fallout/interface	
1902	2	44	005b5e40				fallout shared/tesscriptfunctions.cpp	fallout shared	
1903	2	45	00461980				fallout shared/tesdatahandler.cpp	fallout shared	
1904	3	1	00600bc0						
1905	3	2	00877a30				fallout/misc/main.cpp	fallout/misc	
1906	2	46	004564f0						
1907	3	1	00ec7ec0						
1908	2	47	00461980				fallout shared/tesdatahandler.cpp	fallout shared	
1909	3	1	00600bc0						
1910	3	2	00877a30				fallout/misc/main.cpp	fallout/misc	
1911	2	48	00440d80				fallout shared/modelloader.cpp	fallout shared	
1912	2	49	0054cee0	TESObjectCELL::GetFirstRefr	cg	823853f8	fallout shared/tesobjectcell.cpp	fallout shared	
1913	3	1	00541ac0				fallout shared/tesobjectcell.cpp	fallout shared	
1914	3	2	009604f0				fallout/ai/playercharacter.cpp	fallout/ai	
1915	3	3	006815c0					fallout shared	
1916	3	4	00541ae0				fallout shared/tesobjectcell.cpp	fallout shared	
1917	2	50	00547110	TESObjectCELL::GetRegionList	cg	82381a50	fallout shared/tesobjectcell.cpp	fallout shared	
1918	3	1	00425fd0						
1919	3	2	0041bce0	ExtraDataList::GetRegionList	cg	822620b8	fallout shared/extradatalist.cpp	fallout shared	
1920	3	3	00401000						
1921	3	4	004f6320	TESRegionList::TESRegionList	cg	82338438	fallout shared/region system/tesregionlist.cpp	fallout shared/region system	
1922	3	5	0041bbd0	ExtraDataList::SetRegionList	cg	82267f98	fallout shared/extradatalist.cpp	fallout shared	
1923	2	51	005f65d0					fallout shared	
1924	2	52	00575d70	TESObjectREFR::GetWorldSpace	cg	8239ee90	fallout shared/tesobjectrefr.cpp	fallout shared	
1925	3	1	008d6f30					fallout/ai	
1926	3	2	0054ddd0	TESObjectCELL::GetWorldSpace	cg	82381c00	fallout shared/tesobjectcell.cpp	fallout shared	
1927	2	53	00867a40	Calendar::Update	frame	82690510	fallout/misc/calendar.cpp	fallout/misc	
1928	3	1	00526ac0	BSMultiBoundCapsule::QMultiBoundRadius	vt	829efa38	BSMain/bsmultiboundcapsule.obj	BSMain	
1929	3	2	00526ac0	BSMultiBoundCapsule::QMultiBoundRadius	vt	829efa38	BSMain/bsmultiboundcapsule.obj	BSMain	
1930	3	3	00526ac0	BSMultiBoundCapsule::QMultiBoundRadius	vt	829efa38	BSMain/bsmultiboundcapsule.obj	BSMain	
1931	3	4	00ec62c0					LIBCMT	
1932	3	5	0046dce0				fallout shared/tesdatahandler.cpp	fallout shared	
1933	3	6	00526ac0	BSMultiBoundCapsule::QMultiBoundRadius	vt	829efa38	BSMain/bsmultiboundcapsule.obj	BSMain	
1934	3	7	00526ac0	BSMultiBoundCapsule::QMultiBoundRadius	vt	829efa38	BSMain/bsmultiboundcapsule.obj	BSMain	
1935	3	8	00526ac0	BSMultiBoundCapsule::QMultiBoundRadius	vt	829efa38	BSMain/bsmultiboundcapsule.obj	BSMain	
1936	3	9	00ec62c0					LIBCMT	
1937	3	10	004b10d0					fallout shared	
1938	3	11	0046dce0				fallout shared/tesdatahandler.cpp	fallout shared	
1939	3	12	0046dce0				fallout shared/tesdatahandler.cpp	fallout shared	
1940	3	13	0046dce0				fallout shared/tesdatahandler.cpp	fallout shared	
1941	3	14	00526ac0	BSMultiBoundCapsule::QMultiBoundRadius	vt	829efa38	BSMain/bsmultiboundcapsule.obj	BSMain	
1942	3	15	0046dce0				fallout shared/tesdatahandler.cpp	fallout shared	
1943	3	16	0046dce0				fallout shared/tesdatahandler.cpp	fallout shared	
1944	2	54	00425fd0						
1945	2	55	00544c60	TESObjectCELL::GetDataY	cg	823817c0	fallout shared/tesobjectcell.cpp	fallout shared	
1946	3	1	005445d0				fallout shared/tesobjectcell.cpp	fallout shared	
1947	2	56	00544c30	TESObjectCELL::GetDataX	cg	82381790	fallout shared/tesobjectcell.cpp	fallout shared	
1948	3	1	005445d0				fallout shared/tesobjectcell.cpp	fallout shared	
1949	2	57	00416870				fallout shared/extradatalist.cpp	fallout shared	
1950	2	58	00425fd0						
1951	2	59	00550340	TESObjectCELL::LoadAllTempData	cg	82392028	fallout shared/tesobjectcell.cpp	fallout shared	
1952	3	1	00551420				fallout shared/tesobjectcell.cpp	fallout shared	
1953	3	2	005504e0				fallout shared/tesobjectcell.cpp	fallout shared	
1954	3	3	00484e60	TESForm::GetFile	cg	822d5b30	fallout shared/tesform.cpp	fallout shared	
1955	3	4	004739b0	TESFile::GetThreadSafeFile	cg	822c4528	fallout shared/tesfile.cpp	fallout shared	
1956	3	5	00471c20	TESFile::GetMaster	cg	822c0950	fallout shared/tesfile.cpp	fallout shared	
1957	3	6	00464df0				fallout shared/tesdatahandler.cpp	fallout shared	
1958	3	7	008256d0					fallout/magic	
1959	3	8	0054de40				fallout shared/tesobjectcell.cpp	fallout shared	
1960	3	9	004723a0	TESFile::SetOffset	cg	822c3660	fallout shared/tesfile.cpp	fallout shared	
1961	3	10	004734d0	TESFile::FindForm	cg	822c3730	fallout shared/tesfile.cpp	fallout shared	
1962	3	11	00550500	TESObjectCELL::LoadTempDataFromFile	cg	8238dcf0	fallout shared/tesobjectcell.cpp	fallout shared	
1963	3	12	00450fd0				fallout shared/tes.cpp	fallout shared	
1964	3	13	00425fd0						
1965	3	14	00551440	TESObjectCELL::SetHasTempData	cg	82381f68	fallout shared/tesobjectcell.cpp	fallout shared	
1966	3	15	0047c850				fallout shared/tesactorbasedata.cpp	fallout shared	
1967	3	16	004534f0				fallout shared/tes.cpp	fallout shared	
1968	3	17	004534f0				fallout shared/tes.cpp	fallout shared	
1969	2	60	006815c0					fallout shared	
1970	2	61	0054cfd0	TESObjectCELL::GetCOCPlacementInfo	cg	823952d0	fallout shared/tesobjectcell.cpp	fallout shared	
1971	3	1	00544c60	TESObjectCELL::GetDataY	cg	823817c0	fallout shared/tesobjectcell.cpp	fallout shared	
1972	3	2	00544c30	TESObjectCELL::GetDataX	cg	82381790	fallout shared/tesobjectcell.cpp	fallout shared	
1973	3	3	00416870				fallout shared/extradatalist.cpp	fallout shared	
1974	3	4	00408d60						
1975	3	5	00425fd0						
1976	3	6	00550340	TESObjectCELL::LoadAllTempData	cg	82392028	fallout shared/tesobjectcell.cpp	fallout shared	
1977	3	7	0054d090	TESObjectCELL::DetermineCOCPlacement	cg	82385520	fallout shared/tesobjectcell.cpp	fallout shared	
1978	2	62	00453dc0	TES::LoadInterior	align-sim	822ac888	fallout shared/tes.cpp	fallout shared	
1979	3	1	00451530				fallout shared/tes.cpp	fallout shared	
1980	3	2	00871dc0	Main::RenderMenuBackground	cg	8269e468	fallout/misc/main.cpp	fallout/misc	
1981	3	3	00451010				fallout shared/tes.cpp	fallout shared	
1982	3	4	00454380				fallout shared/tes.cpp	fallout shared	
1983	3	5	00451010				fallout shared/tes.cpp	fallout shared	
1984	3	6	00c6a640	bhkWorld::SetVisualDebugger	cg	82b1ce00	BSHavok/bhkworld.obj	BSHavok	
1985	3	7	005f36f0	ActorMover::GetPreferredMoveMode	vt	824c0938	fallout/ai/movement/actormover.cpp	fallout/ai	
1986	3	8	00452580	TES::UpdateCurrentGridCell	str	822ac060	fallout shared/tes.cpp	fallout shared	
1987	3	9	00b4f5c0	BSShaderManager::GetAccumulator	cg	82a39380	BSShader/bsshadermanager.cpp	BSShader	
1988	3	10	00b4f5c0	BSShaderManager::GetAccumulator	cg	82a39380	BSShader/bsshadermanager.cpp	BSShader	
1989	3	11	00b65570				BSShader/bsshaderaccumulator.cpp	BSShader	
1990	3	12	00408d60						
1991	3	13	00455200				fallout shared/tes.cpp	fallout shared	
1992	3	14	00452490	TES::CleanUpUnusedTextures	cg	822a2388	fallout shared/tes.cpp	fallout shared	
1993	3	15	00453940						
1994	3	16	00455200				fallout shared/tes.cpp	fallout shared	
1995	3	17	00452490	TES::CleanUpUnusedTextures	cg	822a2388	fallout shared/tes.cpp	fallout shared	
1996	3	18	0042ce10				fallout shared/extradatalist.cpp	fallout shared	
1997	3	19	00702680	Interface::IsMenuIDVisible	cg	8253fa68	fallout/interface/interface.cpp	fallout/interface	
1998	3	20	00ec17c0	MoviePlayer::GetPlayingSequence	cg	829b0fd0	BSMovie/movieplayer_xenon.obj	BSMovie	
1999	3	21	0086ff70	Main::Swap	frame	8269ed48	fallout/misc/main.cpp	fallout/misc	
2000	3	22	00546c20				fallout shared/tesobjectcell.cpp	fallout shared	
2001	3	23	00526270				fallout shared/bgsencounterzone.cpp	fallout shared	
2002	3	24	00547610				fallout shared/tesobjectcell.cpp	fallout shared	
2003	3	25	0058eeb0				fallout shared/bgsimpactdataset.cpp	fallout shared	
2004	3	26	00450b80				fallout shared/tes.cpp	fallout shared	
2005	3	27	00b5ddf0				BSShader/shadowscenenode.cpp	BSShader	
2006	3	28	00450b80				fallout shared/tes.cpp	fallout shared	
2007	3	29	00b5fd60					BSShader	
2008	3	30	00450b80				fallout shared/tes.cpp	fallout shared	
2009	3	31	00b5d180				BSShader/shadowscenenode.cpp	BSShader	
2010	3	32	00552bd0	TESObjectCELL::Detach	cg	82399720	fallout shared/tesobjectcell.cpp	fallout shared	
2011	3	33	00b4f9a0				BSShader/bsshadermanager.cpp	BSShader	
2012	3	34	00950bb0				fallout/ai/playercharacter.cpp	fallout/ai	
2013	3	35	00450b80				fallout shared/tes.cpp	fallout shared	
2014	3	36	00b5cbd0				BSShader/shadowscenenode.cpp	BSShader	
2015	3	37	00454bd0				fallout shared/tes.cpp	fallout shared	
2016	3	38	0043d4d0				fallout shared/modelloader.cpp	fallout shared	
2017	3	39	00454420				fallout shared/tes.cpp	fallout shared	
2018	3	40	00455330				fallout shared/tes.cpp	fallout shared	
2019	3	41	008d7dc0	LowProcess::SetItemBeingUsed	vt	82ee97f8	fallout/ai/highprocess.cpp	fallout/ai	
2020	3	42	00454440				fallout shared/tes.cpp	fallout shared	
2021	3	43	00450dd0	TES::CullGridCells	cg	822a3a58	fallout shared/tes.cpp	fallout shared	
2022	3	44	00406d90						
2023	3	45	00406d90						
2024	3	46	00550340	TESObjectCELL::LoadAllTempData	cg	82392028	fallout shared/tesobjectcell.cpp	fallout shared	
2025	3	47	0042ce10				fallout shared/extradatalist.cpp	fallout shared	
2026	3	48	0047c850				fallout shared/tesactorbasedata.cpp	fallout shared	
2027	3	49	00454400				fallout shared/tes.cpp	fallout shared	
2028	3	50	00450fb0				fallout shared/tes.cpp	fallout shared	
2029	3	51	00457d70	TES::ShowLoadingMenu	frame	822a5e50	fallout shared/tes.cpp	fallout shared	
2030	3	52	00552970	TESObjectCELL::AttachToWorld	cg	82399400	fallout shared/tesobjectcell.cpp	fallout shared	
2031	3	53	004543c0				fallout shared/tes.cpp	fallout shared	
2032	3	54	00559450						
2033	3	55	00559450						
2034	3	56	00628da0						
2035	3	57	00c66300				BSHavok/bhkworld.obj	BSHavok	
2036	3	58	0054bcf0	TESObjectCELL::AttachModels	align-sim	82398bf0	fallout shared/tesobjectcell.cpp	fallout shared	
2037	3	59	00447950				fallout shared/modelloader.cpp	fallout shared	
2038	3	60	00457d70	TES::ShowLoadingMenu	frame	822a5e50	fallout shared/tes.cpp	fallout shared	
2039	3	61	00455400				fallout shared/tes.cpp	fallout shared	
2040	3	62	00c3dfa0				BSMain/iomanager.obj	BSMain	
2041	3	63	00c6b540					BSHavok	
2042	3	64	0045cda0						
2043	3	65	00451530				fallout shared/tes.cpp	fallout shared	
2044	3	66	00700960	FaderManager::CreateFader	str	8253c020	fallout/interface/fadermanager.cpp	fallout/interface	
2045	3	67	00975f90	ProcessLists::HandleInvalidPositions	align-gap	8277f068	fallout/ai/processlists.cpp	fallout/ai	
2046	3	68	00459870	TES::CreateFurnitureList	cg	822a30a8	fallout shared/tes.cpp	fallout shared	
2047	3	69	00972d30	ProcessLists::PlaceActorsinBedsOrChairs	cg	82783028	fallout/ai/processlists.cpp	fallout/ai	
2048	3	70	00972bb0	ProcessLists::AnimateDeadActors	align-sim	8277dfd8	fallout/ai/processlists.cpp	fallout/ai	
2049	3	71	00452490	TES::CleanUpUnusedTextures	cg	822a2388	fallout shared/tes.cpp	fallout shared	
2050	3	72	00460360	TESDataHandler::CloseAllTES	align-gap	822b0d48	fallout shared/tesdatahandler.cpp	fallout shared	
2051	3	73	00545cf0	TESObjectCELL::Load3D	str	82396fc8	fallout shared/tesobjectcell.cpp	fallout shared	
2052	3	74	00a5a040	NiAVObject::UpdateProperties	cg	82e29628	NiMain/niavobject.cpp	NiMain	
2053	3	75	00453470				fallout shared/tes.cpp	fallout shared	
2054	3	76	0043d410				fallout shared/modelloader.cpp	fallout shared	
2055	3	77	00a59c60					NiMain	
2056	3	78	0054ba80	TESObjectCELL::AttachLights	cg	82385170	fallout shared/tesobjectcell.cpp	fallout shared	
2057	3	79	00454c20	TES::AddToInteriorBuffer	align-gap	822a2650	fallout shared/tes.cpp	fallout shared	
2058	3	80	00b4f5c0	BSShaderManager::GetAccumulator	cg	82a39380	BSShader/bsshadermanager.cpp	BSShader	
2059	3	81	00b631d0						
2060	3	82	00b62a20					BSShader	
2061	3	83	004baec0	GridCellArray::ClearCanopyShadowMaskTexture	cg	823097c8	fallout shared/gridcell.cpp	fallout shared	
2062	3	84	00451530				fallout shared/tes.cpp	fallout shared	
2063	3	85	00457d70	TES::ShowLoadingMenu	frame	822a5e50	fallout shared/tes.cpp	fallout shared	
2064	3	86	00452490	TES::CleanUpUnusedTextures	cg	822a2388	fallout shared/tes.cpp	fallout shared	
2065	3	87	007038b0	Interface::SetEnemyActor	cg	8253da90	fallout/interface/interface.cpp	fallout/interface	
2066	3	88	004543a0				fallout shared/tes.cpp	fallout shared	
2067	3	89	00404eb0				fallout shared/magic/effectitem.cpp	fallout shared/magic	
2068	3	90	00633c90					fallout shared/sky	
2069	3	91	004543a0				fallout shared/tes.cpp	fallout shared	
2070	3	92	004568c0	TES::CreateTextureImage	str	822a4fe0	fallout shared/tes.cpp	fallout shared	
2071	3	93	00559450						
2072	3	94	0070ec90	DetailedActorPathHandler::GetCurrentNodeIndex	vt	827f1958	fallout/ai/movement/detailedactorpathhandler.cpp	fallout/ai	
2073	3	95	0052d3b0				fallout shared/tesimagespacemodifier.cpp	fallout shared	
2074	3	96	0045cec0						
2075	3	97	00404ee0				fallout shared/magic/effectitem.cpp	fallout shared/magic	
2076	3	98	0070ec90	DetailedActorPathHandler::GetCurrentNodeIndex	vt	827f1958	fallout/ai/movement/detailedactorpathhandler.cpp	fallout/ai	
2077	3	99	0052d3b0				fallout shared/tesimagespacemodifier.cpp	fallout shared	
2078	3	100	0042ce10				fallout shared/extradatalist.cpp	fallout shared	
2079	3	101	006c0720	NavMeshObstacleManager::GetInstance	frame	824f8568	fallout shared/pathfinding/navmeshobstaclemanager.cpp	fallout shared/pathfinding	
2080	3	102	006c39c0	NavMeshObstacleManager::ForceUpdateAllObstacles	align-sim	824f7d30	fallout shared/pathfinding/navmeshobstaclemanager.cpp	fallout shared/pathfinding	
2081	2	63	005f36f0	ActorMover::GetPreferredMoveMode	vt	824c0938	fallout/ai/movement/actormover.cpp	fallout/ai	
2082	2	64	00454450	TES::LeaveInterior	align-sim	822acf70	fallout shared/tes.cpp	fallout shared	
2083	3	1	004fd3e0	TES::GetWorldSpace	cg	82aa9780	fallout shared/tes.cpp	fallout shared	
2084	3	2	00586170	TESWorldSpace::GetTerrainManager	cg	823c1b28	fallout shared/tesworldspace.cpp	fallout shared	
2085	3	3	006fca90	BGSTerrainManager::Update	cg	82538a20	fallout shared/distant terrain system/bgsterrainmanager.cpp	fallout shared/distant terrain system	
2086	3	4	00586170	TESWorldSpace::GetTerrainManager	cg	823c1b28	fallout shared/tesworldspace.cpp	fallout shared	
2087	3	5	006fcdb0	BGSTerrainManager::UpdateMorphParameters	cg	82537f98	fallout shared/distant terrain system/bgsterrainmanager.cpp	fallout shared/distant terrain system	
2088	3	6	00454440				fallout shared/tes.cpp	fallout shared	
2089	3	7	006733e0	LowProcess::GetSecondGenericLocation	vt	82636af8	fallout/ai/highprocess.cpp	fallout/ai	
2090	3	8	0058eeb0				fallout shared/bgsimpactdataset.cpp	fallout shared	
2091	3	9	00b58070					BSShader	
2092	3	10	00451010				fallout shared/tes.cpp	fallout shared	
2093	3	11	00454380				fallout shared/tes.cpp	fallout shared	
2094	3	12	005f36f0	ActorMover::GetPreferredMoveMode	vt	824c0938	fallout/ai/movement/actormover.cpp	fallout/ai	
2095	3	13	00450b80				fallout shared/tes.cpp	fallout shared	
2096	3	14	00454b30				fallout shared/tes.cpp	fallout shared	
2097	3	15	009d9f20						
2098	3	16	00450b80				fallout shared/tes.cpp	fallout shared	
2099	3	17	00b5ddf0				BSShader/shadowscenenode.cpp	BSShader	
2100	3	18	00552bd0	TESObjectCELL::Detach	cg	82399720	fallout shared/tesobjectcell.cpp	fallout shared	
2101	3	19	00454bd0				fallout shared/tes.cpp	fallout shared	
2102	3	20	00462290	TESDataHandler::UnloadCell	cg	822b1518	fallout shared/tesdatahandler.cpp	fallout shared	
2103	3	21	0054af40				fallout shared/tesobjectcell.cpp	fallout shared	
2104	3	22	008d7dc0	LowProcess::SetItemBeingUsed	vt	82ee97f8	fallout/ai/highprocess.cpp	fallout/ai	
2105	3	23	0042ce10				fallout shared/extradatalist.cpp	fallout shared	
2106	3	24	00450dd0	TES::CullGridCells	cg	822a3a58	fallout shared/tes.cpp	fallout shared	
2107	3	25	00457620	TES::GetLandGeometry	align-sim	822a5998	fallout shared/tes.cpp	fallout shared	
2108	3	26	00450b80				fallout shared/tes.cpp	fallout shared	
2109	3	27	00b5d180				BSShader/shadowscenenode.cpp	BSShader	
2110	3	28	00950bb0				fallout/ai/playercharacter.cpp	fallout/ai	
2111	3	29	00450b80				fallout shared/tes.cpp	fallout shared	
2112	3	30	00b5cbd0				BSShader/shadowscenenode.cpp	BSShader	
2113	3	31	009611e0				fallout/ai/playercharacter.cpp	fallout/ai	
2114	3	32	00450f90				fallout shared/tes.cpp	fallout shared	
2115	3	33	006fd1f0					fallout shared/distant terrain system	
2116	3	34	00451010				fallout shared/tes.cpp	fallout shared	
2117	3	35	00454ae0				fallout shared/tes.cpp	fallout shared	
2118	3	36	00451010				fallout shared/tes.cpp	fallout shared	
2119	3	37	00c6a640	bhkWorld::SetVisualDebugger	cg	82b1ce00	BSHavok/bhkworld.obj	BSHavok	
2120	3	38	0042ce10				fallout shared/extradatalist.cpp	fallout shared	
2121	3	39	0047c850				fallout shared/tesactorbasedata.cpp	fallout shared	
2122	3	40	00452580	TES::UpdateCurrentGridCell	str	822ac060	fallout shared/tes.cpp	fallout shared	
2123	3	41	00451900	TES::GetGridCellCell	align-sim	822a3c08	fallout shared/tes.cpp	fallout shared	
2124	3	42	00447950				fallout shared/modelloader.cpp	fallout shared	
2125	3	43	00457d70	TES::ShowLoadingMenu	frame	822a5e50	fallout shared/tes.cpp	fallout shared	
2126	3	44	00451010				fallout shared/tes.cpp	fallout shared	
2127	3	45	00451010				fallout shared/tes.cpp	fallout shared	
2128	3	46	00c66300				BSHavok/bhkworld.obj	BSHavok	
2129	3	47	00c3dfa0				BSMain/iomanager.obj	BSMain	
2130	3	48	0044ddc0					fallout shared	
2131	3	49	004ba7d0	GridCellArray::AttachAllLand3D	align-sim	82308f58	fallout shared/gridcell.cpp	fallout shared	
2132	3	50	0045c840				fallout shared/tes.cpp	fallout shared	
2133	3	51	0045c780				fallout shared/tes.cpp	fallout shared	
2134	3	52	00451010				fallout shared/tes.cpp	fallout shared	
2135	3	53	00451010				fallout shared/tes.cpp	fallout shared	
2136	3	54	00c6b540					BSHavok	
2137	3	55	0045cda0						
2138	3	56	00416870				fallout shared/extradatalist.cpp	fallout shared	
2139	3	57	004572e0	TES::GetLandHeight	align-sim	822a55f0	fallout shared/tes.cpp	fallout shared	
2140	3	58	00451590				fallout shared/tes.cpp	fallout shared	
2141	3	59	0057d0a0	TESTerrainLODManager::UpdateGrass	align-sim	823bcb48		fallout shared	
2142	3	60	00451590				fallout shared/tes.cpp	fallout shared	
2143	3	61	00451530				fallout shared/tes.cpp	fallout shared	
2144	3	62	00403e20				fallout shared/magic/effectitem.cpp	fallout shared/magic	
2145	3	63	00700960	FaderManager::CreateFader	str	8253c020	fallout/interface/fadermanager.cpp	fallout/interface	
2146	3	64	00975f90	ProcessLists::HandleInvalidPositions	align-gap	8277f068	fallout/ai/processlists.cpp	fallout/ai	
2147	3	65	00459870	TES::CreateFurnitureList	cg	822a30a8	fallout shared/tes.cpp	fallout shared	
2148	3	66	00972d30	ProcessLists::PlaceActorsinBedsOrChairs	cg	82783028	fallout/ai/processlists.cpp	fallout/ai	
2149	3	67	00972bb0	ProcessLists::AnimateDeadActors	align-sim	8277dfd8	fallout/ai/processlists.cpp	fallout/ai	
2150	3	68	00454b10				fallout shared/tes.cpp	fallout shared	
2151	3	69	0044edb0	BaseProcess::GetCurrentProcedureIndex	cg	826569e8	fallout/ai/baseprocess.cpp	fallout/ai	
2152	3	70	0063ddb0	Sky::ActivateWeatherSounds	align-sim	82471d60	fallout shared/sky/sky.cpp	fallout shared/sky	
2153	3	71	00825c00					fallout/magic	
2154	3	72	0063ddb0	Sky::ActivateWeatherSounds	align-sim	82471d60	fallout shared/sky/sky.cpp	fallout shared/sky	
2155	3	73	00451cf0	TES::UpdateGridLights	cg	822a2190	fallout shared/tes.cpp	fallout shared	
2156	3	74	00455400				fallout shared/tes.cpp	fallout shared	
2157	3	75	00a5a040	NiAVObject::UpdateProperties	cg	82e29628	NiMain/niavobject.cpp	NiMain	
2158	3	76	007038b0	Interface::SetEnemyActor	cg	8253da90	fallout/interface/interface.cpp	fallout/interface	
2159	3	77	00451530				fallout shared/tes.cpp	fallout shared	
2160	3	78	00457d70	TES::ShowLoadingMenu	frame	822a5e50	fallout shared/tes.cpp	fallout shared	
2161	3	79	00452490	TES::CleanUpUnusedTextures	cg	822a2388	fallout shared/tes.cpp	fallout shared	
2162	3	80	00454b50				fallout shared/tes.cpp	fallout shared	
2163	3	81	00404eb0				fallout shared/magic/effectitem.cpp	fallout shared/magic	
2164	3	82	00633c90					fallout shared/sky	
2165	3	83	00454b50				fallout shared/tes.cpp	fallout shared	
2166	3	84	004568c0	TES::CreateTextureImage	str	822a4fe0	fallout shared/tes.cpp	fallout shared	
2167	3	85	00559450						
2168	3	86	0070ec90	DetailedActorPathHandler::GetCurrentNodeIndex	vt	827f1958	fallout/ai/movement/detailedactorpathhandler.cpp	fallout/ai	
2169	3	87	0052d3b0				fallout shared/tesimagespacemodifier.cpp	fallout shared	
2170	3	88	0045cec0						
2171	3	89	00404ee0				fallout shared/magic/effectitem.cpp	fallout shared/magic	
2172	3	90	0070ec90	DetailedActorPathHandler::GetCurrentNodeIndex	vt	827f1958	fallout/ai/movement/detailedactorpathhandler.cpp	fallout/ai	
2173	3	91	0052d3b0				fallout shared/tesimagespacemodifier.cpp	fallout shared	
2174	3	92	00452dc0				fallout shared/tes.cpp	fallout shared	
2175	3	93	00452e70				fallout shared/tes.cpp	fallout shared	
2176	3	94	004fd3e0	TES::GetWorldSpace	cg	82aa9780	fallout shared/tes.cpp	fallout shared	
2177	3	95	00586170	TESWorldSpace::GetTerrainManager	cg	823c1b28	fallout shared/tesworldspace.cpp	fallout shared	
2178	3	96	00454b70				fallout shared/tes.cpp	fallout shared	
2179	3	97	0042ce10				fallout shared/extradatalist.cpp	fallout shared	
2180	3	98	006c0720	NavMeshObstacleManager::GetInstance	frame	824f8568	fallout shared/pathfinding/navmeshobstaclemanager.cpp	fallout shared/pathfinding	
2181	3	99	006c39c0	NavMeshObstacleManager::ForceUpdateAllObstacles	align-sim	824f7d30	fallout shared/pathfinding/navmeshobstaclemanager.cpp	fallout shared/pathfinding	
2182	2	65	00546fb0	TESObjectCELL::GetLand	cg	82383eb8	fallout shared/tesobjectcell.cpp	fallout shared	
2183	3	1	00425fd0						
2184	3	2	005516c0				fallout shared/tesobjectcell.cpp	fallout shared	
2185	3	3	00404eb0				fallout shared/magic/effectitem.cpp	fallout shared/magic	
2186	3	4	00401000						
2187	3	5	00533120	TESObjectLAND::TESObjectLAND	cg	823778a0	fallout shared/tesland.cpp	fallout shared	
2188	3	6	005340e0	TESObjectLAND::SetCell	cg	823730a0	fallout shared/tesland.cpp	fallout shared	
2189	3	7	00404ee0				fallout shared/magic/effectitem.cpp	fallout shared/magic	
2190	2	66	0053f180	TESObjectLAND::GetLandHeight	cg	82377d38	fallout shared/tesland.cpp	fallout shared	
2191	3	1	0053a510				fallout shared/tesland.cpp	fallout shared	
2192	3	2	0053b550	TESObjectLAND::GetCoordData	cg	82373f60	fallout shared/tesland.cpp	fallout shared	
2193	3	3	0053a550				fallout shared/tesland.cpp	fallout shared	
2194	3	4	0053f1e0				fallout shared/tesland.cpp	fallout shared	
2195	2	67	00452580	TES::UpdateCurrentGridCell	str	822ac060	fallout shared/tes.cpp	fallout shared	
2196	3	1	0045bb80				fallout shared/tes.cpp	fallout shared	
2197	3	2	00470470						
2198	3	3	0045c840				fallout shared/tes.cpp	fallout shared	
2199	3	4	005f36f0	ActorMover::GetPreferredMoveMode	vt	824c0938	fallout/ai/movement/actormover.cpp	fallout/ai	
2200	3	5	0045c780				fallout shared/tes.cpp	fallout shared	
2201	3	6	0042ce10				fallout shared/extradatalist.cpp	fallout shared	
2202	3	7	00559450						
2203	3	8	00628da0						
2204	3	9	00457070	TES::GetCurrentCell	cg	822a5440	fallout shared/tes.cpp	fallout shared	
2205	3	10	00559450						
2206	3	11	006271b0	LoadedAreaBound::Update	align-sim	82462320			
2207	3	12	00406d90						
2208	3	13	00406d90						
2209	3	14	00457d70	TES::ShowLoadingMenu	frame	822a5e50	fallout shared/tes.cpp	fallout shared	
2210	3	15	004515a0				fallout shared/tes.cpp	fallout shared	
2211	3	16	00406d90						
2212	3	17	00406d90						
2213	3	18	0043d4d0				fallout shared/modelloader.cpp	fallout shared	
2214	3	19	00ec7d40						
2215	3	20	00ec7d40						
2216	3	21	0042ce10				fallout shared/extradatalist.cpp	fallout shared	
2217	3	22	00408d60						
2218	3	23	005f36f0	ActorMover::GetPreferredMoveMode	vt	824c0938	fallout/ai/movement/actormover.cpp	fallout/ai	
2219	3	24	00408d60						
2220	3	25	00454d50				fallout shared/tes.cpp	fallout shared	
2221	3	26	00452490	TES::CleanUpUnusedTextures	cg	822a2388	fallout shared/tes.cpp	fallout shared	
2222	3	27	0043d4d0				fallout shared/modelloader.cpp	fallout shared	
2223	3	28	004fd3e0	TES::GetWorldSpace	cg	82aa9780	fallout shared/tes.cpp	fallout shared	
2224	3	29	005283c0	ExteriorCellLoader::QueueCellLoad	cg	82366058	fallout shared/exteriorcellloader.cpp	fallout shared	
2225	3	30	004fd3e0	TES::GetWorldSpace	cg	82aa9780	fallout shared/tes.cpp	fallout shared	
2226	3	31	005283c0	ExteriorCellLoader::QueueCellLoad	cg	82366058	fallout shared/exteriorcellloader.cpp	fallout shared	
2227	3	32	004fd3e0	TES::GetWorldSpace	cg	82aa9780	fallout shared/tes.cpp	fallout shared	
2228	3	33	005283c0	ExteriorCellLoader::QueueCellLoad	cg	82366058	fallout shared/exteriorcellloader.cpp	fallout shared	
2229	3	34	00452e40				fallout shared/tes.cpp	fallout shared	
2230	3	35	00705e80	Interface::GetLoadingMenuVisible	cg	8253ee68	fallout/interface/interface.cpp	fallout/interface	
2231	3	36	005285a0				fallout shared/exteriorcellloader.cpp	fallout shared	
2232	3	37	0042ce10				fallout shared/extradatalist.cpp	fallout shared	
2233	3	38	004581e0				fallout shared/tes.cpp	fallout shared	
2234	3	39	0042ce10				fallout shared/extradatalist.cpp	fallout shared	
2235	3	40	00452e90				fallout shared/tes.cpp	fallout shared	
2236	3	41	00452dc0				fallout shared/tes.cpp	fallout shared	
2237	3	42	00452df0				fallout shared/tes.cpp	fallout shared	
2238	3	43	00ec7d40						
2239	3	44	00ec7d40						
2240	3	45	00452e70				fallout shared/tes.cpp	fallout shared	
2241	3	46	0045c840				fallout shared/tes.cpp	fallout shared	
2242	3	47	0045c780				fallout shared/tes.cpp	fallout shared	
2243	3	48	00528110				fallout shared/exteriorcellloader.cpp	fallout shared	
2244	3	49	005281f0	ExteriorCellLoader::TryCancelTasks	cg	82367aa8	fallout shared/exteriorcellloader.cpp	fallout shared	
2245	3	50	005282d0				fallout shared/exteriorcellloader.cpp	fallout shared	
2246	3	51	005f36f0	ActorMover::GetPreferredMoveMode	vt	824c0938	fallout/ai/movement/actormover.cpp	fallout/ai	
2247	3	52	00408d60						
2248	3	53	00454d50				fallout shared/tes.cpp	fallout shared	
2249	3	54	00452490	TES::CleanUpUnusedTextures	cg	822a2388	fallout shared/tes.cpp	fallout shared	
2250	3	55	004fd3e0	TES::GetWorldSpace	cg	82aa9780	fallout shared/tes.cpp	fallout shared	
2251	3	56	00460140				fallout shared/tesdatahandler.cpp	fallout shared	
2252	3	57	006815c0					fallout shared	
2253	3	58	00458200	TES::SetWorldSpace	cg	822a61d8	fallout shared/tes.cpp	fallout shared	
2254	3	59	00ec7d40						
2255	3	60	00ec7d40						
2256	3	61	00451010				fallout shared/tes.cpp	fallout shared	
2257	3	62	00451010				fallout shared/tes.cpp	fallout shared	
2258	3	63	00c6b540					BSHavok	
2259	3	64	00451010				fallout shared/tes.cpp	fallout shared	
2260	3	65	00c68f00				BSHavok/bhkworld.obj	BSHavok	
2261	3	66	00451010				fallout shared/tes.cpp	fallout shared	
2262	3	67	00c66310				BSHavok/bhkworld.obj	BSHavok	
2263	3	68	00451010				fallout shared/tes.cpp	fallout shared	
2264	3	69	005285a0				fallout shared/exteriorcellloader.cpp	fallout shared	
2265	3	70	00451010				fallout shared/tes.cpp	fallout shared	
2266	3	71	0068a830				fallout shared/tempeffects/bstempeffectparticle.cpp	fallout shared/tempeffects	
2267	3	72	00451010				fallout shared/tes.cpp	fallout shared	
2268	3	73	00c68f00				BSHavok/bhkworld.obj	BSHavok	
2269	3	74	00451010				fallout shared/tes.cpp	fallout shared	
2270	3	75	00c68f00				BSHavok/bhkworld.obj	BSHavok	
2271	3	76	00452ed0	TES::AllCellsInGridLoaded	cg	822a4290	fallout shared/tes.cpp	fallout shared	
2272	3	77	0042ce10				fallout shared/extradatalist.cpp	fallout shared	
2273	3	78	004581e0				fallout shared/tes.cpp	fallout shared	
2274	3	79	00ec7d40						
2275	3	80	00ec7d40						
2276	3	81	00457be0	TES::InitModelsToLoad	cg	822a90f0	fallout shared/tes.cpp	fallout shared	
2277	3	82	00451010				fallout shared/tes.cpp	fallout shared	
2278	3	83	00451010				fallout shared/tes.cpp	fallout shared	
2279	3	84	00c66300				BSHavok/bhkworld.obj	BSHavok	
2280	3	85	00452ff0	TES::GridArrayLoad	cg	822ab088	fallout shared/tes.cpp	fallout shared	
2281	3	86	00452e50				fallout shared/tes.cpp	fallout shared	
2282	3	87	00451010				fallout shared/tes.cpp	fallout shared	
2283	3	88	00451010				fallout shared/tes.cpp	fallout shared	
2284	3	89	00c6b540					BSHavok	
2285	3	90	00451010				fallout shared/tes.cpp	fallout shared	
2286	3	91	00c6b540					BSHavok	
2287	3	92	00452490	TES::CleanUpUnusedTextures	cg	822a2388	fallout shared/tes.cpp	fallout shared	
2288	3	93	0062f460	TESWaterListener::RefreshExteriorWaterHeights	align-sim	82467cd0	fallout shared/havok/teswaterlistener.cpp	fallout shared/havok	
2289	3	94	005f36f0	ActorMover::GetPreferredMoveMode	vt	824c0938	fallout/ai/movement/actormover.cpp	fallout/ai	
2290	3	95	00586170	TESWorldSpace::GetTerrainManager	cg	823c1b28	fallout shared/tesworldspace.cpp	fallout shared	
2291	3	96	006fca90	BGSTerrainManager::Update	cg	82538a20	fallout shared/distant terrain system/bgsterrainmanager.cpp	fallout shared/distant terrain system	
2292	3	97	00452e40				fallout shared/tes.cpp	fallout shared	
2293	2	68	00546fb0	TESObjectCELL::GetLand	cg	82383eb8	fallout shared/tesobjectcell.cpp	fallout shared	
2294	3	1	00425fd0						
2295	3	2	005516c0				fallout shared/tesobjectcell.cpp	fallout shared	
2296	3	3	00404eb0				fallout shared/magic/effectitem.cpp	fallout shared/magic	
2297	3	4	00401000						
2298	3	5	00533120	TESObjectLAND::TESObjectLAND	cg	823778a0	fallout shared/tesland.cpp	fallout shared	
2299	3	6	005340e0	TESObjectLAND::SetCell	cg	823730a0	fallout shared/tesland.cpp	fallout shared	
2300	3	7	00404ee0				fallout shared/magic/effectitem.cpp	fallout shared/magic	
2301	2	69	0053f180	TESObjectLAND::GetLandHeight	cg	82377d38	fallout shared/tesland.cpp	fallout shared	
2302	3	1	0053a510				fallout shared/tesland.cpp	fallout shared	
2303	3	2	0053b550	TESObjectLAND::GetCoordData	cg	82373f60	fallout shared/tesland.cpp	fallout shared	
2304	3	3	0053a550				fallout shared/tesland.cpp	fallout shared	
2305	3	4	0053f1e0				fallout shared/tesland.cpp	fallout shared	
2306	2	70	00401000						
2307	3	1	00401020						
2308	3	2	00aa3e40				BSCore/memorymanager.cpp	BSCore	
2309	2	71	00456540						
2310	3	1	006815c0					fallout shared	
2311	3	2	006815c0					fallout shared	
2312	2	72	00430830				fallout shared/extradataobjects.cpp	fallout shared	
2313	2	73	00425fd0						
2314	2	74	0054ddd0	TESObjectCELL::GetWorldSpace	cg	82381c00	fallout shared/tesobjectcell.cpp	fallout shared	
2315	3	1	00425fd0						
2316	2	75	0093be30	PlayerCharacter::RequestPositionPlayer	str	82773df8	fallout/ai/playercharacter.cpp	fallout/ai	
2317	3	1	005b5e40				fallout shared/tesscriptfunctions.cpp	fallout shared	
2318	3	2	00401030						
2319	3	3	00451530				fallout shared/tes.cpp	fallout shared	
2320	3	4	0093bea0	PlayerCharacter::HandlePositionPlayerRequest	str	82772bc0	fallout/ai/playercharacter.cpp	fallout/ai	
2321	2	76	0093bea0	PlayerCharacter::HandlePositionPlayerRequest	str	82772bc0	fallout/ai/playercharacter.cpp	fallout/ai	
2322	3	1	00452eb0	TES::CancelExteriorCellLoads	cg	822a2420	fallout shared/tes.cpp	fallout shared	
2323	3	2	0066b0d0					fallout shared/speedtree	
2324	3	3	00569b80				fallout shared/tesobjectrefr.cpp	fallout shared	
2325	3	4	0093cdf0	PlayerCharacter::FastTravel	str	82770300	fallout/ai/playercharacter.cpp	fallout/ai	
2326	3	5	0093cce0	PlayerCharacter::PositionPlayerExterior	cg	827701e8	fallout/ai/playercharacter.cpp	fallout/ai	
2327	3	6	0093c200	PlayerCharacter::PositionPlayer	cg	8276f5f0	fallout/ai/playercharacter.cpp	fallout/ai	
2328	3	7	009306d0	MobileObject::GetCharController	cg	82747158	fallout/ai/mobileobject.cpp	fallout/ai	
2329	3	8	00573f20				fallout shared/tesobjectrefr.cpp	fallout shared	
2330	3	9	005b5e40				fallout shared/tesscriptfunctions.cpp	fallout shared	
2331	3	10	00568680	TESObjectREFR::IsFurniture	cg	8239c960	fallout shared/tesobjectrefr.cpp	fallout shared	
2332	3	11	008d8520	MiddleHighProcess::GetSavedAcquireObject	vt	82a648c8	fallout/ai/highprocess.cpp	fallout/ai	
2333	3	12	007af430	BGSSaveFormBuffer::GetForm	vt	823391d0	fallout/misc/saveload/bgssaveformbuffer.cpp	fallout/misc	
2334	3	13	00509420	TESFurniture::CanSleepOn	cg	823490f8	fallout shared/tesfurniture.cpp	fallout shared	
2335	3	14	005682c0	TESObjectREFR::GetFirstFreeMarkerIndex	cg	8239c728	fallout shared/tesobjectrefr.cpp	fallout shared	
2336	3	15	00568500	TESObjectREFR::GetMarkerAtIndex	cg	823abaa8	fallout shared/tesobjectrefr.cpp	fallout shared	
2337	3	16	0088d2f0	Actor::PutActorInChairBedQuick	str	826b29a0	fallout/ai/actor.cpp	fallout/ai	
2338	3	17	00868d70	GarbageCollector::ClearAll	str	826923b8	fallout/misc/garbagecollector.cpp	fallout/misc	
2339	3	18	00401030						
2340	3	19	0042ce10				fallout shared/extradatalist.cpp	fallout shared	
2341	3	20	0093c1e0				fallout/ai/playercharacter.cpp	fallout/ai	
2342	3	21	005d14d0				fallout shared/tesscriptfunctions.cpp	fallout shared	
2343	2	77	00456520	IOManager::LoadQueuedPriority	cg	829c21e8	BSMain/iomanager.obj	BSMain	
2344	3	1	00c3dfa0				BSMain/iomanager.obj	BSMain	
2345	2	78	00ec7d50						
2346	3	1	00ecc300	__allmul	fid			LIBCMT	
2347	3	2	00ecc590	__aulldiv	fid			LIBCMT	
2348	2	79	00878160					fallout/misc	
2349	3	1	00c3e310				BSMain/iomanager.obj	BSMain	
2350	3	2	00652160				fallout shared/facegen/bsfacegenmanager.cpp	fallout shared/facegen	
2351	3	3	0043c4b0				fallout shared/modelloader.cpp	fallout shared	
2352	3	4	004a0370				fallout shared/bgsdecalmanager.cpp	fallout shared	
2353	3	5	008781f0					fallout/misc	
2354	3	6	008781e0					fallout/misc	
2355	3	7	00703980				fallout/interface/interface.cpp	fallout/interface	
2356	2	80	004539a0						
2357	3	1	0045bb80				fallout shared/tes.cpp	fallout shared	
2358	3	2	00470470						
2359	3	3	005f36f0	ActorMover::GetPreferredMoveMode	vt	824c0938	fallout/ai/movement/actormover.cpp	fallout/ai	
2360	3	4	00453940						
2361	3	5	00453a70	BSAudio::QInstance	cg	822a1ca0	fallout shared/tes.cpp	fallout shared	
2362	3	6	00483710				fallout shared/tesform.cpp	fallout shared	
2363	3	7	00455200				fallout shared/tes.cpp	fallout shared	
2364	3	8	005f36f0	ActorMover::GetPreferredMoveMode	vt	824c0938	fallout/ai/movement/actormover.cpp	fallout/ai	
2365	3	9	005f36f0	ActorMover::GetPreferredMoveMode	vt	824c0938	fallout/ai/movement/actormover.cpp	fallout/ai	
2366	3	10	00454bd0				fallout shared/tes.cpp	fallout shared	
2367	3	11	005f36f0	ActorMover::GetPreferredMoveMode	vt	824c0938	fallout/ai/movement/actormover.cpp	fallout/ai	
2368	3	12	00462290	TESDataHandler::UnloadCell	cg	822b1518	fallout shared/tesdatahandler.cpp	fallout shared	
2369	3	13	00454d50				fallout shared/tes.cpp	fallout shared	
2370	3	14	008d7dc0	LowProcess::SetItemBeingUsed	vt	82ee97f8	fallout/ai/highprocess.cpp	fallout/ai	
2371	2	81	00878250	MemoryLevelManager::FreeReleasedObjects	cg	826a0c98	fallout/misc/memorylevelmanager.cpp	fallout/misc	
2372	3	1	00868d70	GarbageCollector::ClearAll	str	826923b8	fallout/misc/garbagecollector.cpp	fallout/misc	
2373	3	2	00450b80				fallout shared/tes.cpp	fallout shared	
2374	3	3	00b5fd60					BSShader	
2375	3	4	00c459d0					BSMain	
2376	3	5	00651e30				fallout shared/facegen/bsfacegenmanager.cpp	fallout shared/facegen	
2377	3	6	00651f40				fallout shared/facegen/bsfacegenmanager.cpp	fallout shared/facegen	
2378	3	7	00448620				fallout shared/modelloader.cpp	fallout shared	
2379	3	8	00452490	TES::CleanUpUnusedTextures	cg	822a2388	fallout shared/tes.cpp	fallout shared	
2380	2	82	00878200					fallout/misc	
2381	3	1	00a5b460						
2382	3	2	00aa7030					BSCore	
2383	3	3	00652190				fallout shared/facegen/bsfacegenmanager.cpp	fallout shared/facegen	
2384	3	4	008781e0					fallout/misc	
2385	3	5	0043c4b0				fallout shared/modelloader.cpp	fallout shared	
2386	3	6	004a03c0				fallout shared/bgsdecalmanager.cpp	fallout shared	
2387	3	7	00c3e340				BSMain/iomanager.obj	BSMain	
2388	2	83	004037b0					fallout shared/magic	
2389	3	1	00403970					fallout shared/magic	
2390	2	84	004a8bb0	BGSSceneInfo::CollectSceneDataForLoadedArea	align-sim	822f7d38		fallout shared	
2391	3	1	004a8fe0					fallout shared	
2392	3	2	004a8f50					fallout shared	
2393	3	3	0096a2d0				fallout/ai/playercharacter.cpp	fallout/ai	
2394	3	4	005f36f0	ActorMover::GetPreferredMoveMode	vt	824c0938	fallout/ai/movement/actormover.cpp	fallout/ai	
2395	3	5	005f36f0	ActorMover::GetPreferredMoveMode	vt	824c0938	fallout/ai/movement/actormover.cpp	fallout/ai	
2396	3	6	00401000						
2397	3	7	004a7c40					fallout shared	
2398	3	8	008d8040	LowProcess::SetGenericLocation	vt	8270da60	fallout/ai/highprocess.cpp	fallout/ai	
2399	3	9	00545cb0	TESObjectCELL::Get3D	cg	82383e48	fallout shared/tesobjectcell.cpp	fallout shared	
2400	3	10	004a8230	BGSSceneInfo::CollectSceneDataFromNode	cg	822f7c08	fallout shared/bgssceneinfo.cpp	fallout shared	
2401	3	11	004a7d20				fallout shared/bgssceneinfo.cpp	fallout shared	
2402	3	12	00545cb0	TESObjectCELL::Get3D	cg	82383e48	fallout shared/tesobjectcell.cpp	fallout shared	
2403	3	13	004aa3a0					fallout shared	
2404	3	14	005ae3d0						
2405	3	15	0043d4d0				fallout shared/modelloader.cpp	fallout shared	
2406	3	16	004a8f20					fallout shared	
2407	3	17	004a8f20					fallout shared	
2408	3	18	00457050						
2409	3	19	00401000						
2410	3	20	004a7c40					fallout shared	
2411	3	21	008d8040	LowProcess::SetGenericLocation	vt	8270da60	fallout/ai/highprocess.cpp	fallout/ai	
2412	3	22	00545cb0	TESObjectCELL::Get3D	cg	82383e48	fallout shared/tesobjectcell.cpp	fallout shared	
2413	3	23	004a8230	BGSSceneInfo::CollectSceneDataFromNode	cg	822f7c08	fallout shared/bgssceneinfo.cpp	fallout shared	
2414	3	24	00545cb0	TESObjectCELL::Get3D	cg	82383e48	fallout shared/tesobjectcell.cpp	fallout shared	
2415	3	25	004aa3a0					fallout shared	
2416	3	26	004a7d20				fallout shared/bgssceneinfo.cpp	fallout shared	
2417	3	27	005ae3d0						
2418	3	28	008256d0					fallout/magic	
2419	3	29	006815c0					fallout shared	
2420	3	30	0063f7b0					fallout shared/sky	
2421	3	31	004a7cf0				fallout shared/bgssceneinfo.cpp	fallout shared	
2422	3	32	004a8f70					fallout shared	
2423	3	33	004aa890					fallout shared	
2424	3	34	00438af0					fallout shared	
2425	3	35	0046ffb0						
2426	3	36	004aa340					fallout shared	
2427	2	85	004a9120	BGSSceneInfo::BuildMNumberString	str	822f77f0	fallout shared/bgssceneinfo.cpp	fallout shared	
2428	3	1	004a9100				fallout shared/bgssceneinfo.cpp	fallout shared	
2429	3	2	004a9050				fallout shared/bgssceneinfo.cpp	fallout shared	
2430	3	3	00406f60					fallout shared/magic	
2431	3	4	00406f60					fallout shared/magic	
2432	3	5	00406f60					fallout shared/magic	
2433	2	86	009d9f20						
2434	3	1	00559450						
2435	2	87	00891170				fallout/ai/actor.cpp	fallout/ai	
2436	2	88	0076b610						
2437	2	89	00456510						
2438	2	90	0059bb30	D3DTexture_LockRect	cg	828440f8	d3d9/texture.cpp	d3d9	
2439	2	91	005b5e40				fallout shared/tesscriptfunctions.cpp	fallout shared	
2440	2	92	0055b980				fallout shared/tesobjectrefr.cpp	fallout shared	
2441	2	93	0096bc50					fallout/ai	
2442	3	1	005de0f0				fallout shared/tesscriptfunctions.cpp	fallout shared	
2443	3	2	005be5c0				fallout shared/tesscriptfunctions.cpp	fallout shared	
2444	3	3	00968670				fallout/ai/playercharacter.cpp	fallout/ai	
2445	2	94	00425fd0						
2446	2	95	0054bb90				fallout shared/tesobjectcell.cpp	fallout shared	
2447	3	1	00541ac0				fallout shared/tesobjectcell.cpp	fallout shared	
2448	3	2	009604f0				fallout/ai/playercharacter.cpp	fallout/ai	
2449	3	3	006815c0					fallout shared	
2450	3	4	00726070				fallout/interface/menumanager.cpp	fallout/interface	
2451	3	5	007af430	BGSSaveFormBuffer::GetForm	vt	823391d0	fallout/misc/saveload/bgssaveformbuffer.cpp	fallout/misc	
2452	3	6	00401170						
2453	3	7	00541ae0				fallout shared/tesobjectcell.cpp	fallout shared	
2454	2	96	00559450						
2455	2	97	005b5e40				fallout shared/tesscriptfunctions.cpp	fallout shared	
2456	2	98	0054bb90				fallout shared/tesobjectcell.cpp	fallout shared	
2457	3	1	00541ac0				fallout shared/tesobjectcell.cpp	fallout shared	
2458	3	2	009604f0				fallout/ai/playercharacter.cpp	fallout/ai	
2459	3	3	006815c0					fallout shared	
2460	3	4	00726070				fallout/interface/menumanager.cpp	fallout/interface	
2461	3	5	007af430	BGSSaveFormBuffer::GetForm	vt	823391d0	fallout/misc/saveload/bgssaveformbuffer.cpp	fallout/misc	
2462	3	6	00401170						
2463	3	7	00541ae0				fallout shared/tesobjectcell.cpp	fallout shared	
2464	2	99	00559450						
2465	2	100	00c3c220	MessageHandler::Output	cg	829b41e8	BSMain/messagehandler.obj	BSMain	
2466	2	101	00559450						
2467	2	102	00544c60	TESObjectCELL::GetDataY	cg	823817c0	fallout shared/tesobjectcell.cpp	fallout shared	
2468	3	1	005445d0				fallout shared/tesobjectcell.cpp	fallout shared	
2469	2	103	00544c30	TESObjectCELL::GetDataX	cg	82381790	fallout shared/tesobjectcell.cpp	fallout shared	
2470	3	1	005445d0				fallout shared/tesobjectcell.cpp	fallout shared	
2471	2	104	005b5e40				fallout shared/tesscriptfunctions.cpp	fallout shared	
2472	2	105	00559450						
2473	2	106	00544c60	TESObjectCELL::GetDataY	cg	823817c0	fallout shared/tesobjectcell.cpp	fallout shared	
2474	3	1	005445d0				fallout shared/tesobjectcell.cpp	fallout shared	
2475	2	107	00544c30	TESObjectCELL::GetDataX	cg	82381790	fallout shared/tesobjectcell.cpp	fallout shared	
2476	3	1	005445d0				fallout shared/tesobjectcell.cpp	fallout shared	
2477	2	108	00c3c220	MessageHandler::Output	cg	829b41e8	BSMain/messagehandler.obj	BSMain	
2478	2	109	004037d0					fallout shared/magic	
2479	3	1	004037f0					fallout shared/magic	
2480	2	110	00861f20	TESSaveLoadGame::TestAllCells	str	8268c720	fallout shared/tessaveloadgame.cpp	fallout shared	
2481	3	1	00453980						
2482	3	2	005f36f0	ActorMover::GetPreferredMoveMode	vt	824c0938	fallout/ai/movement/actormover.cpp	fallout/ai	
2483	3	3	005f36f0	ActorMover::GetPreferredMoveMode	vt	824c0938	fallout/ai/movement/actormover.cpp	fallout/ai	
2484	3	4	00459470				fallout shared/tes.cpp	fallout shared	
2485	3	5	0054b5b0	TESObjectCELL::SaveGameTest	cg	82390d98	fallout shared/tesobjectcell.cpp	fallout shared	
2486	3	6	00575d70	TESObjectREFR::GetWorldSpace	cg	8239ee90	fallout shared/tesobjectrefr.cpp	fallout shared	
2487	3	7	008d6f30					fallout/ai	
2488	3	8	00430830				fallout shared/extradataobjects.cpp	fallout shared	
2489	3	9	004698a0	TESDataHandler::CreateReferenceAtLocation	align-sim	822b56f8	fallout shared/tesdatahandler.cpp	fallout shared	
2490	3	10	00575830	TESObjectREFR::SetLocationOnReference	cg	823a6ea8	fallout shared/tesobjectrefr.cpp	fallout shared	
2491	3	11	00406d00						
2492	3	12	00856ca0	TESSaveLoadGame::SaveGame	align-sim	8268c088	fallout shared/tessaveloadgame.cpp	fallout shared	
2493	3	13	00ec408c						
2494	2	111	0043b2b0	MessageHandler::IncDisableWarningCount	cg	82284b40	fallout shared/modelloader.cpp	fallout shared	
2495	3	1	0040b460				fallout shared/magic/magicitem.cpp	fallout shared/magic	
2496	3	2	004019a0	WaitForSingleObjectEx	cg	82ed3478	XAPILIB/waitforsingleobjectex.c	XAPILIB	
2497	1	53	00559450						
2498	1	54	0084d030				fallout/misc/saveload/bgssaveloadglobaldata.cpp	fallout/misc	
2499	1	55	0084d030				fallout/misc/saveload/bgssaveloadglobaldata.cpp	fallout/misc	
2500	1	56	00867a40	Calendar::Update	frame	82690510	fallout/misc/calendar.cpp	fallout/misc	
2501	2	1	00526ac0	BSMultiBoundCapsule::QMultiBoundRadius	vt	829efa38	BSMain/bsmultiboundcapsule.obj	BSMain	
2502	2	2	00526ac0	BSMultiBoundCapsule::QMultiBoundRadius	vt	829efa38	BSMain/bsmultiboundcapsule.obj	BSMain	
2503	2	3	00526ac0	BSMultiBoundCapsule::QMultiBoundRadius	vt	829efa38	BSMain/bsmultiboundcapsule.obj	BSMain	
2504	2	4	00ec62c0					LIBCMT	
2505	2	5	0046dce0				fallout shared/tesdatahandler.cpp	fallout shared	
2506	2	6	00526ac0	BSMultiBoundCapsule::QMultiBoundRadius	vt	829efa38	BSMain/bsmultiboundcapsule.obj	BSMain	
2507	2	7	00526ac0	BSMultiBoundCapsule::QMultiBoundRadius	vt	829efa38	BSMain/bsmultiboundcapsule.obj	BSMain	
2508	2	8	00526ac0	BSMultiBoundCapsule::QMultiBoundRadius	vt	829efa38	BSMain/bsmultiboundcapsule.obj	BSMain	
2509	2	9	00ec62c0					LIBCMT	
2510	2	10	004b10d0					fallout shared	
2511	2	11	0046dce0				fallout shared/tesdatahandler.cpp	fallout shared	
2512	2	12	0046dce0				fallout shared/tesdatahandler.cpp	fallout shared	
2513	2	13	0046dce0				fallout shared/tesdatahandler.cpp	fallout shared	
2514	2	14	00526ac0	BSMultiBoundCapsule::QMultiBoundRadius	vt	829efa38	BSMain/bsmultiboundcapsule.obj	BSMain	
2515	2	15	0046dce0				fallout shared/tesdatahandler.cpp	fallout shared	
2516	2	16	0046dce0				fallout shared/tesdatahandler.cpp	fallout shared	
2517	1	57	0043d4d0				fallout shared/modelloader.cpp	fallout shared	
2518	1	58	00455640	TES::RunAnimations	frame	822a2b58	fallout shared/tes.cpp	fallout shared	
2519	2	1	00455680				fallout shared/tes.cpp	fallout shared	
2520	2	2	005f36f0	ActorMover::GetPreferredMoveMode	vt	824c0938	fallout/ai/movement/actormover.cpp	fallout/ai	
2521	2	3	005f36f0	ActorMover::GetPreferredMoveMode	vt	824c0938	fallout/ai/movement/actormover.cpp	fallout/ai	
2522	2	4	00553820	TESObjectCELL::RunAnimations	frame	823866a8	fallout shared/tesobjectcell.cpp	fallout shared	
2523	3	1	00450ff0				fallout shared/tes.cpp	fallout shared	
2524	3	2	004b9ba0				fallout shared/globalfunc.cpp	fallout shared	
2525	3	3	006b7f20				fallout shared/pathfinding/navmeshinfomap.cpp	fallout shared/pathfinding	
2526	3	4	007af430	BGSSaveFormBuffer::GetForm	vt	823391d0	fallout/misc/saveload/bgssaveformbuffer.cpp	fallout/misc	
2527	3	5	007af430	BGSSaveFormBuffer::GetForm	vt	823391d0	fallout/misc/saveload/bgssaveformbuffer.cpp	fallout/misc	
2528	3	6	00401170						
2529	2	5	004baba0	GridCellArray::RunAnimations	frame	823093b0	fallout shared/gridcell.cpp	fallout shared	
2530	3	1	0084e3a0					fallout/misc	
2531	3	2	0084e3a0					fallout/misc	
2532	3	3	004ba490	GridCellArray::Get	cg	82308ad8	fallout shared/gridcell.cpp	fallout shared	
2533	3	4	00553820	TESObjectCELL::RunAnimations	frame	823866a8	fallout shared/tesobjectcell.cpp	fallout shared	
2534	1	59	0040fbf0					fallout shared	
2535	2	1	0040fc90					fallout shared	
2536	2	2	0043b460				fallout shared/modelloader.cpp	fallout shared	
2537	2	3	0040fca0					fallout shared	
2538	2	4	0040fca0					fallout shared	
2539	2	5	0040fbe0	Error	cg	822ae3c8	fallout shared/tesdatahandler.cpp	fallout shared	
2540	1	60	00978550	ProcessLists::RunActorScripts	frame	8277f8e0	fallout/ai/processlists.cpp	fallout/ai	
2541	2	1	005de0f0				fallout shared/tesscriptfunctions.cpp	fallout shared	
2542	2	2	005be5c0				fallout shared/tesscriptfunctions.cpp	fallout shared	
2543	2	3	00968670				fallout/ai/playercharacter.cpp	fallout/ai	
2544	3	1	00877a30				fallout/misc/main.cpp	fallout/misc	
2545	2	4	00565870	TESObjectREFR::RunScript	cg	8239c1f8	fallout shared/tesobjectrefr.cpp	fallout shared	
2546	3	1	00440d80				fallout shared/modelloader.cpp	fallout shared	
2547	3	2	007af430	BGSSaveFormBuffer::GetForm	vt	823391d0	fallout/misc/saveload/bgssaveformbuffer.cpp	fallout/misc	
2548	3	3	007af430	BGSSaveFormBuffer::GetForm	vt	823391d0	fallout/misc/saveload/bgssaveformbuffer.cpp	fallout/misc	
2549	3	4	00401170						
2550	3	5	008d8520	MiddleHighProcess::GetSavedAcquireObject	vt	82a648c8	fallout/ai/highprocess.cpp	fallout/ai	
2551	3	6	00931850	MobileObject::GetCurrentProcessType	cg	82747468	fallout/ai/mobileobject.cpp	fallout/ai	
2552	3	7	0055d310	TESObjectREFR::HasContainer	cg	8239b5d8	fallout shared/tesobjectrefr.cpp	fallout shared	
2553	3	8	004bf220	InventoryChanges::GetInventoryChanges	cg	8230c1d0	fallout shared/inventorychanges.cpp	fallout shared	
2554	3	9	004d2480	InventoryChanges::RunScripts	cg	8230e238	fallout shared/inventorychanges.cpp	fallout shared	
2555	3	10	005d43c0				fallout shared/tesscriptfunctions.cpp	fallout shared	
2556	3	11	00418800	ExtraDataList::GetScript	cg	82260bb8	fallout shared/extradatalist.cpp	fallout shared	
2557	3	12	005d43c0				fallout shared/tesscriptfunctions.cpp	fallout shared	
2558	3	13	00418830	ExtraDataList::GetScriptLocals	cg	82260c00	fallout shared/extradatalist.cpp	fallout shared	
2559	3	14	005ac1e0	Script::Run	cg	823ea818	fallout shared/tesscript.cpp	fallout shared	
2560	3	15	005d43c0				fallout shared/tesscriptfunctions.cpp	fallout shared	
2561	3	16	0042ede0	ExtraDataList::GetSayToExtra	cg	82265c28	fallout shared/extradatalist.cpp	fallout shared	
2562	1	61	0043d4d0				fallout shared/modelloader.cpp	fallout shared	
2563	1	62	009777a0	ProcessLists::UpdateRadiationList	frame	8277f498	fallout/ai/processlists.cpp	fallout/ai	
2564	2	1	009c1a50				fallout/ai/combat/projectile.cpp	fallout/ai	
2565	2	2	004b9ba0				fallout shared/globalfunc.cpp	fallout shared	
2566	2	3	006b7f20				fallout shared/pathfinding/navmeshinfomap.cpp	fallout shared/pathfinding	
2567	2	4	005d43c0				fallout shared/tesscriptfunctions.cpp	fallout shared	
2568	2	5	00422320	ExtraDataList::GetRadius	cg	82264b68	fallout shared/extradatalist.cpp	fallout shared	
2569	3	1	00410220	BaseExtraList::GetExtraData	str	8225ff08	fallout shared/extradatalist.cpp	fallout shared	
2570	2	6	00422450				fallout shared/extradatalist.cpp	fallout shared	
2571	3	1	00410220	BaseExtraList::GetExtraData	str	8225ff08	fallout shared/extradatalist.cpp	fallout shared	
2572	2	7	005be5c0				fallout shared/tesscriptfunctions.cpp	fallout shared	
2573	2	8	00968670				fallout/ai/playercharacter.cpp	fallout/ai	
2574	3	1	00877a30				fallout/misc/main.cpp	fallout/misc	
2575	2	9	008d8520	MiddleHighProcess::GetSavedAcquireObject	vt	82a648c8	fallout/ai/highprocess.cpp	fallout/ai	
2576	2	10	00977c70				fallout/ai/processlists.cpp	fallout/ai	
2577	2	11	00403e20				fallout shared/magic/effectitem.cpp	fallout shared/magic	
2578	2	12	005723b0	TESObjectREFR::GetDistanceFromReference	cg	823a55e8	fallout shared/tesobjectrefr.cpp	fallout shared	
2579	3	1	00440da0				fallout shared/modelloader.cpp	fallout shared	
2580	3	2	00440d80				fallout shared/modelloader.cpp	fallout shared	
2581	3	3	008d6f30					fallout/ai	
2582	3	4	008d6f30					fallout/ai	
2583	3	5	00425fd0						
2584	3	6	00425fd0						
2585	3	7	0054ddd0	TESObjectCELL::GetWorldSpace	cg	82381c00	fallout shared/tesobjectcell.cpp	fallout shared	
2586	3	8	00575d70	TESObjectREFR::GetWorldSpace	cg	8239ee90	fallout shared/tesobjectrefr.cpp	fallout shared	
2587	3	9	0054ddd0	TESObjectCELL::GetWorldSpace	cg	82381c00	fallout shared/tesobjectcell.cpp	fallout shared	
2588	3	10	00575d70	TESObjectREFR::GetWorldSpace	cg	8239ee90	fallout shared/tesobjectrefr.cpp	fallout shared	
2589	3	11	00572380				fallout shared/tesobjectrefr.cpp	fallout shared	
2590	2	13	00648e50	GamePlayFormulas::GetRadiationLevel	align-gap	8247d520	fallout shared/gameplayformulas.cpp	fallout shared	
2591	3	1	00404010				fallout shared/magic/effectitem.cpp	fallout shared/magic	
2592	3	2	0040ebd0					fallout shared	
2593	2	14	008c4330	Actor::GetRadiationResistanceMult	cg	826e8410	fallout/ai/actor_magic.cpp	fallout/ai	
2594	3	1	00403e20				fallout shared/magic/effectitem.cpp	fallout shared/magic	
2595	3	2	0040ebd0					fallout shared	
2596	2	15	00403e20				fallout shared/magic/effectitem.cpp	fallout shared/magic	
2597	2	16	00904430				fallout/ai/highprocess.cpp	fallout/ai	
2598	2	17	008bcc80	Actor::ShouldActorAvoidRadiation	cg	826aeaa0	fallout/ai/actor.cpp	fallout/ai	
2599	3	1	00493bb0				fallout shared/animation.cpp	fallout shared	
2600	3	2	00403e20				fallout shared/magic/effectitem.cpp	fallout shared/magic	
2601	3	3	009344a0	MobileObject::GetCurrentPackage	cg	82748b38	fallout/ai/mobileobject.cpp	fallout/ai	
2602	3	4	0067a380					fallout shared	
2603	3	5	0067ac50					fallout shared	
2604	2	18	009042a0	HighProcess::AddAvoidPathingArea	cg	82717b90	fallout/ai/highprocess.cpp	fallout/ai	
2605	3	1	00401000						
2606	3	2	008fdb90	BSSimpleList<AvoidAreaStruct_P>::AddHead	cg	8270d148	fallout/ai/highprocess.cpp	fallout/ai	
2607	3	3	006915d0				fallout shared/pathfinding/navmesh.cpp	fallout shared/pathfinding	
2608	3	4	00564db0	TESObjectREFR::SetTargeted	cg	8239bb78	fallout shared/tesobjectrefr.cpp	fallout shared	
2609	3	5	00401000						
2610	3	6	0096a2d0				fallout/ai/playercharacter.cpp	fallout/ai	
2611	3	7	005ae3d0						
2612	3	8	00904430				fallout/ai/highprocess.cpp	fallout/ai	
2613	3	9	008b3bd0	Actor::IsPathing	cg	826ad2e8	fallout/ai/actor.cpp	fallout/ai	
2614	3	10	008982c0	Actor::InitiateAvoidPackage	cg	826a97c8	fallout/ai/actor.cpp	fallout/ai	
2615	2	19	008b3bb0	Actor::IsPathingComplete	cg	826ad2e0	fallout/ai/actor.cpp	fallout/ai	
2616	3	1	009dcd40	ActorMover::IsPathingComplete	cg	827eb098	fallout/ai/movement/actormover.cpp	fallout/ai	
2617	2	20	008b39f0	Actor::SetMoveMode	cg	826ad1e0	fallout/ai/actor.cpp	fallout/ai	
2618	2	21	008982c0	Actor::InitiateAvoidPackage	cg	826a97c8	fallout/ai/actor.cpp	fallout/ai	
2619	3	1	0087faa0	Actor::EndMovement	cg	826a7128	fallout/ai/actor.cpp	fallout/ai	
2620	3	2	00670b90	TESPackage::CreatePackage	cg	824aec60	fallout shared/package.cpp	fallout shared	
2621	3	3	00826b40				fallout/magic/reanimateeffect.cpp	fallout/magic	
2622	3	4	00826b90				fallout/magic/reanimateeffect.cpp	fallout/magic	
2623	3	5	00401000						
2624	3	6	0067f030	PackageLocation::PackageLocation	cg	824b2f18	fallout shared/packagelocation.cpp	fallout shared	
2625	3	7	0067f3c0	PackageLocation::SetLocReference	cg	824b3088	fallout shared/packagelocation.cpp	fallout shared	
2626	3	8	00671d30	TESPackage::SetPackageLocation	cg	824a6a68	fallout shared/package.cpp	fallout shared	
2627	3	9	00670b30	PackageLocation::~PackageLocation	cg	824b2f98	fallout shared/packagelocation.cpp	fallout shared	
2628	3	10	00401000						
2629	3	11	0067ff70	PackageTarget::PackageTarget	cg	824b3e80	fallout shared/packagetarget.cpp	fallout shared	
2630	3	12	00672fc0	TESPackage::SetPackageTarget	cg	824a71c0	fallout shared/package.cpp	fallout shared	
2631	3	13	00671d10				fallout shared/package.cpp	fallout shared	
2632	3	14	006800b0	PackageTarget::SetTargType	cg	824b3f18	fallout shared/packagetarget.cpp	fallout shared	
2633	3	15	00671d10				fallout shared/package.cpp	fallout shared	
2634	3	16	00680110	PackageTarget::SetTargReference	cg	824b3f50	fallout shared/packagetarget.cpp	fallout shared	
2635	3	17	00564db0	TESObjectREFR::SetTargeted	cg	8239bb78	fallout shared/tesobjectrefr.cpp	fallout shared	
2636	3	18	007b3fa0				fallout/interface/menus/racesexmenu.cpp	fallout/interface	
2637	3	19	006777b0	TESPackage::CalculateProcedureType	str	824ae4c8	fallout shared/package.cpp	fallout shared	
2638	3	20	008d8520	MiddleHighProcess::GetSavedAcquireObject	vt	82a648c8	fallout/ai/highprocess.cpp	fallout/ai	
2639	3	21	0067a1b0					fallout shared	
2640	2	22	00977c90				fallout/ai/processlists.cpp	fallout/ai	
2641	2	23	00904430				fallout/ai/highprocess.cpp	fallout/ai	
2642	2	24	008d8520	MiddleHighProcess::GetSavedAcquireObject	vt	82a648c8	fallout/ai/highprocess.cpp	fallout/ai	
2643	2	25	005723b0	TESObjectREFR::GetDistanceFromReference	cg	823a55e8	fallout shared/tesobjectrefr.cpp	fallout shared	
2644	3	1	00440da0				fallout shared/modelloader.cpp	fallout shared	
2645	3	2	00440d80				fallout shared/modelloader.cpp	fallout shared	
2646	3	3	008d6f30					fallout/ai	
2647	3	4	008d6f30					fallout/ai	
2648	3	5	00425fd0						
2649	3	6	00425fd0						
2650	3	7	0054ddd0	TESObjectCELL::GetWorldSpace	cg	82381c00	fallout shared/tesobjectcell.cpp	fallout shared	
2651	3	8	00575d70	TESObjectREFR::GetWorldSpace	cg	8239ee90	fallout shared/tesobjectrefr.cpp	fallout shared	
2652	3	9	0054ddd0	TESObjectCELL::GetWorldSpace	cg	82381c00	fallout shared/tesobjectcell.cpp	fallout shared	
2653	3	10	00575d70	TESObjectREFR::GetWorldSpace	cg	8239ee90	fallout shared/tesobjectrefr.cpp	fallout shared	
2654	3	11	00572380				fallout shared/tesobjectrefr.cpp	fallout shared	
2655	2	26	00648e50	GamePlayFormulas::GetRadiationLevel	align-gap	8247d520	fallout shared/gameplayformulas.cpp	fallout shared	
2656	3	1	00404010				fallout shared/magic/effectitem.cpp	fallout shared/magic	
2657	3	2	0040ebd0					fallout shared	
2658	2	27	008c4330	Actor::GetRadiationResistanceMult	cg	826e8410	fallout/ai/actor_magic.cpp	fallout/ai	
2659	3	1	00403e20				fallout shared/magic/effectitem.cpp	fallout shared/magic	
2660	3	2	0040ebd0					fallout shared	
2661	2	28	00904430				fallout/ai/highprocess.cpp	fallout/ai	
2662	2	29	00977c90				fallout/ai/processlists.cpp	fallout/ai	
2663	2	30	00904430				fallout/ai/highprocess.cpp	fallout/ai	
2664	2	31	005be5c0				fallout shared/tesscriptfunctions.cpp	fallout shared	
2665	2	32	00968670				fallout/ai/playercharacter.cpp	fallout/ai	
2666	3	1	00877a30				fallout/misc/main.cpp	fallout/misc	
2667	2	33	008d8520	MiddleHighProcess::GetSavedAcquireObject	vt	82a648c8	fallout/ai/highprocess.cpp	fallout/ai	
2668	2	34	008d8520	MiddleHighProcess::GetSavedAcquireObject	vt	82a648c8	fallout/ai/highprocess.cpp	fallout/ai	
2669	1	63	0096eb40	ProcessLists::ChangeProcessLevelTempList	cg	82780a88	fallout/ai/processlists.cpp	fallout/ai	
2670	2	1	0094df60	PlayerCharacter::IsSleepingorResting	cg	82750e48	fallout/ai/playercharacter.cpp	fallout/ai	
2671	2	2	006815c0					fallout shared	
2672	2	3	006815c0					fallout shared	
2673	2	4	006815c0					fallout shared	
2674	2	5	00726070				fallout/interface/menumanager.cpp	fallout/interface	
2675	2	6	00576d30				fallout shared/tesobjectrefr.cpp	fallout shared	
2676	2	7	008d8520	MiddleHighProcess::GetSavedAcquireObject	vt	82a648c8	fallout/ai/highprocess.cpp	fallout/ai	
2677	2	8	00574900						
2678	2	9	00705190	Interface::InDialogWith	cg	8253e4c0	fallout/interface/interface.cpp	fallout/interface	
2679	3	1	004b7210				fallout shared/globalfunc.cpp	fallout shared	
2680	3	2	004b7210				fallout shared/globalfunc.cpp	fallout shared	
2681	3	3	009373f0				fallout/ai/modifierlist.cpp	fallout/ai	
2682	3	4	00a09030	Tile::GetMenuByClass	cg	828efd80	BSMenu/tile.cpp	BSMenu	
2683	3	5	00a03c90	Tile::GetMenu	cg	828ea0b0	BSMenu/tile.cpp	BSMenu	
2684	3	6	00ec43fb	__RTDynamicCast	str	82eb3b00	LIBCMT/rtti.cpp	LIBCMT	
2685	3	7	004fb070				fallout shared/bgsexplosion.cpp	fallout shared	
2686	2	10	00574900						
2687	2	11	0092f160	MobileObject::IsTalking	cg	82747110	fallout/ai/mobileobject.cpp	fallout/ai	
2688	2	12	0096d450	ProcessLists::AddReference	cg	8277b958	fallout/ai/processlists.cpp	fallout/ai	
2689	3	1	0096a970	ProcessArray::AddActor	cg	8277b8a0	fallout/ai/processarray.cpp	fallout/ai	
2690	2	13	00440d80				fallout shared/modelloader.cpp	fallout shared	
2691	2	14	00484e60	TESForm::GetFile	cg	822d5b30	fallout shared/tesform.cpp	fallout shared	
2692	3	1	00460140				fallout shared/tesdatahandler.cpp	fallout shared	
2693	3	2	006815c0					fallout shared	
2694	3	3	00726070				fallout/interface/menumanager.cpp	fallout/interface	
2695	2	15	00574900						
2696	2	16	0092f160	MobileObject::IsTalking	cg	82747110	fallout/ai/mobileobject.cpp	fallout/ai	
2697	2	17	008d8520	MiddleHighProcess::GetSavedAcquireObject	vt	82a648c8	fallout/ai/highprocess.cpp	fallout/ai	
2698	2	18	00931850	MobileObject::GetCurrentProcessType	cg	82747468	fallout/ai/mobileobject.cpp	fallout/ai	
2699	3	1	0045cd60						
2700	2	19	0096aaf0	ProcessArray::RemoveActor	cg	8277b758	fallout/ai/processarray.cpp	fallout/ai	
2701	3	1	0096abc0				fallout/ai/processarray.cpp	fallout/ai	
2702	3	2	0096aa40				fallout/ai/processarray.cpp	fallout/ai	
2703	2	20	0040fbf0					fallout shared	
2704	3	1	0040fc90					fallout shared	
2705	3	2	0043b460				fallout shared/modelloader.cpp	fallout shared	
2706	3	3	0040fca0					fallout shared	
2707	3	4	0040fca0					fallout shared	
2708	3	5	0040fbe0	Error	cg	822ae3c8	fallout shared/tesdatahandler.cpp	fallout shared	
2709	2	21	0040fba0					fallout shared	
2710	3	1	0040fbe0	Error	cg	822ae3c8	fallout shared/tesdatahandler.cpp	fallout shared	
2711	2	22	00440d80				fallout shared/modelloader.cpp	fallout shared	
2712	2	23	00440da0				fallout shared/modelloader.cpp	fallout shared	
2713	2	24	008d8520	MiddleHighProcess::GetSavedAcquireObject	vt	82a648c8	fallout/ai/highprocess.cpp	fallout/ai	
2714	2	25	0078d200				fallout/interface/menus/loadingmenu.cpp	fallout/interface	
2715	3	1	0040fc90					fallout shared	
2716	3	2	0043b460				fallout shared/modelloader.cpp	fallout shared	
2717	3	3	0040fbe0	Error	cg	822ae3c8	fallout shared/tesdatahandler.cpp	fallout shared	
2718	2	26	00931850	MobileObject::GetCurrentProcessType	cg	82747468	fallout/ai/mobileobject.cpp	fallout/ai	
2719	3	1	0045cd60						
2720	2	27	0096aaf0	ProcessArray::RemoveActor	cg	8277b758	fallout/ai/processarray.cpp	fallout/ai	
2721	3	1	0096abc0				fallout/ai/processarray.cpp	fallout/ai	
2722	3	2	0096aa40				fallout/ai/processarray.cpp	fallout/ai	
2723	2	28	00931e80				fallout/ai/mobileobject.cpp	fallout/ai	
2724	2	29	0040fba0					fallout shared	
2725	3	1	0040fbe0	Error	cg	822ae3c8	fallout shared/tesdatahandler.cpp	fallout shared	
2726	2	30	00905330				fallout/ai/highprocess.cpp	fallout/ai	
2727	3	1	008256d0					fallout/magic	
2728	3	2	004702f0						
2729	3	3	004702f0						
2730	2	31	0087f3d0	Actor::GetEssential	cg	826b0608	fallout/ai/actor.cpp	fallout/ai	
2731	3	1	004181e0				fallout shared/extradatalist.cpp	fallout shared	
2732	3	2	005d43c0				fallout shared/tesscriptfunctions.cpp	fallout shared	
2733	3	3	004216f0	ExtraDataList::GetLevCreaOriginalBase	cg	82264178	fallout shared/extradatalist.cpp	fallout shared	
2734	3	4	005d43c0				fallout shared/tesscriptfunctions.cpp	fallout shared	
2735	3	5	004216f0	ExtraDataList::GetLevCreaOriginalBase	cg	82264178	fallout shared/extradatalist.cpp	fallout shared	
2736	3	6	00566950	MiddleHighProcess::GetForceNextUpdate	vt	8270dcf8	fallout/ai/highprocess.cpp	fallout/ai	
2737	3	7	004d1360				fallout shared/inventorychanges.cpp	fallout shared	
2738	3	8	0087f480				fallout/ai/actor.cpp	fallout/ai	
2739	3	9	008c1b30				fallout/ai/actor.cpp	fallout/ai	
2740	2	32	0087f4a0				fallout/ai/actor.cpp	fallout/ai	
2741	3	1	004181e0				fallout shared/extradatalist.cpp	fallout shared	
2742	3	2	0056af00				fallout shared/tesobjectrefr.cpp	fallout shared	
2743	2	33	008d6f30					fallout/ai	
2744	2	34	004511e0	TES::IsCellLoaded	cg	822a1f90	fallout shared/tes.cpp	fallout shared	
2745	3	1	00450fd0				fallout shared/tes.cpp	fallout shared	
2746	2	35	008d8520	MiddleHighProcess::GetSavedAcquireObject	vt	82a648c8	fallout/ai/highprocess.cpp	fallout/ai	
2747	2	36	008d8520	MiddleHighProcess::GetSavedAcquireObject	vt	82a648c8	fallout/ai/highprocess.cpp	fallout/ai	
2748	2	37	00526100				fallout shared/bgsencounterzone.cpp	fallout shared	
2749	3	1	0043d4d0				fallout shared/modelloader.cpp	fallout shared	
2750	2	38	00867e30					fallout/misc	
2751	3	1	00526ac0	BSMultiBoundCapsule::QMultiBoundRadius	vt	829efa38	BSMain/bsmultiboundcapsule.obj	BSMain	
2752	3	2	00406cc0						
2753	2	39	00567d20	TESObjectREFR::GetEncounterZone	cg	823a36d8	fallout shared/tesobjectrefr.cpp	fallout shared	
2754	3	1	005d43c0				fallout shared/tesscriptfunctions.cpp	fallout shared	
2755	3	2	00421c30				fallout shared/extradatalist.cpp	fallout shared	
2756	3	3	008d6f30					fallout/ai	
2757	3	4	008d6f30					fallout/ai	
2758	3	5	00546c20				fallout shared/tesobjectcell.cpp	fallout shared	
2759	3	6	00575d70	TESObjectREFR::GetWorldSpace	cg	8239ee90	fallout shared/tesobjectrefr.cpp	fallout shared	
2760	3	7	00575d70	TESObjectREFR::GetWorldSpace	cg	8239ee90	fallout shared/tesobjectrefr.cpp	fallout shared	
2761	3	8	00458400				fallout shared/tes.cpp	fallout shared	
2762	2	40	00526320				fallout shared/bgsencounterzone.cpp	fallout shared	
2763	2	41	005d43c0				fallout shared/tesscriptfunctions.cpp	fallout shared	
2764	2	42	0041df90	ExtraDataList::GetDroppedItemList	cg	82263018	fallout shared/extradatalist.cpp	fallout shared	
2765	3	1	00410220	BaseExtraList::GetExtraData	str	8225ff08	fallout shared/extradatalist.cpp	fallout shared	
2766	2	43	008256d0					fallout/magic	
2767	2	44	006815c0					fallout shared	
2768	2	45	005d43c0				fallout shared/tesscriptfunctions.cpp	fallout shared	
2769	2	46	0041de40	ExtraDataList::AddDroppedItem	cg	8226c2d8	fallout shared/extradatalist.cpp	fallout shared	
2770	3	1	00410220	BaseExtraList::GetExtraData	str	8225ff08	fallout shared/extradatalist.cpp	fallout shared	
2771	3	2	00401000						
2772	3	3	00435920				fallout shared/extradataobjects.cpp	fallout shared	
2773	3	4	0040ff60	BaseExtraList::AddExtra	str	8225fd70	fallout shared/extradatalist.cpp	fallout shared	
2774	3	5	00410140	BaseExtraList::RemoveExtra_ov2	cg	8225fe48	fallout shared/extradatalist.cpp	fallout shared	
2775	2	47	00572270	TESObjectREFR::MarkAsDeleted	cg	8239dbc8	fallout shared/tesobjectrefr.cpp	fallout shared	
2776	2	48	0063f7b0					fallout shared/sky	
2777	3	1	004702f0						
2778	2	49	005d43c0				fallout shared/tesscriptfunctions.cpp	fallout shared	
2779	2	50	0041dfd0	ExtraDataList::RemoveDroppedItemList	cg	82263058	fallout shared/extradatalist.cpp	fallout shared	
2780	3	1	00410220	BaseExtraList::GetExtraData	str	8225ff08	fallout shared/extradatalist.cpp	fallout shared	
2781	3	2	00410140	BaseExtraList::RemoveExtra_ov2	cg	8225fe48	fallout shared/extradatalist.cpp	fallout shared	
2782	2	51	00905330				fallout/ai/highprocess.cpp	fallout/ai	
2783	3	1	008256d0					fallout/magic	
2784	3	2	004702f0						
2785	3	3	004702f0						
2786	2	52	00440da0				fallout shared/modelloader.cpp	fallout shared	
2787	2	53	0078d200				fallout/interface/menus/loadingmenu.cpp	fallout/interface	
2788	3	1	0040fc90					fallout shared	
2789	3	2	0043b460				fallout shared/modelloader.cpp	fallout shared	
2790	3	3	0040fbe0	Error	cg	822ae3c8	fallout shared/tesdatahandler.cpp	fallout shared	
2791	2	54	008d8520	MiddleHighProcess::GetSavedAcquireObject	vt	82a648c8	fallout/ai/highprocess.cpp	fallout/ai	
2792	2	55	00931850	MobileObject::GetCurrentProcessType	cg	82747468	fallout/ai/mobileobject.cpp	fallout/ai	
2793	3	1	0045cd60						
2794	2	56	0096aaf0	ProcessArray::RemoveActor	cg	8277b758	fallout/ai/processarray.cpp	fallout/ai	
2795	3	1	0096abc0				fallout/ai/processarray.cpp	fallout/ai	
2796	3	2	0096aa40				fallout/ai/processarray.cpp	fallout/ai	
2797	2	57	00931e80				fallout/ai/mobileobject.cpp	fallout/ai	
2798	2	58	00905330				fallout/ai/highprocess.cpp	fallout/ai	
2799	3	1	008256d0					fallout/magic	
2800	3	2	004702f0						
2801	3	3	004702f0						
2802	2	59	0040fba0					fallout shared	
2803	3	1	0040fbe0	Error	cg	822ae3c8	fallout shared/tesdatahandler.cpp	fallout shared	
2804	2	60	00574900						
2805	2	61	00702640	Interface::GetMenuModeType	cg	8253d618	fallout/interface/interface.cpp	fallout/interface	
2806	3	1	004b7210				fallout shared/globalfunc.cpp	fallout shared	
2807	3	2	004b7210				fallout shared/globalfunc.cpp	fallout shared	
2808	3	3	009373f0				fallout/ai/modifierlist.cpp	fallout/ai	
2809	3	4	004b7210				fallout shared/globalfunc.cpp	fallout shared	
2810	3	5	00714f70	InterfaceManager::GetEnterStack	cg	82544ba8	fallout/interface/interfacemanager.cpp	fallout/interface	
2811	2	62	0044ddc0					fallout shared	
2812	2	63	00574900						
2813	2	64	00905330				fallout/ai/highprocess.cpp	fallout/ai	
2814	3	1	008256d0					fallout/magic	
2815	3	2	004702f0						
2816	3	3	004702f0						
2817	2	65	00440d80				fallout shared/modelloader.cpp	fallout shared	
2818	2	66	00484e60	TESForm::GetFile	cg	822d5b30	fallout shared/tesform.cpp	fallout shared	
2819	3	1	00460140				fallout shared/tesdatahandler.cpp	fallout shared	
2820	3	2	006815c0					fallout shared	
2821	3	3	00726070				fallout/interface/menumanager.cpp	fallout/interface	
2822	2	67	008d8520	MiddleHighProcess::GetSavedAcquireObject	vt	82a648c8	fallout/ai/highprocess.cpp	fallout/ai	
2823	2	68	00931850	MobileObject::GetCurrentProcessType	cg	82747468	fallout/ai/mobileobject.cpp	fallout/ai	
2824	3	1	0045cd60						
2825	2	69	0096aaf0	ProcessArray::RemoveActor	cg	8277b758	fallout/ai/processarray.cpp	fallout/ai	
2826	3	1	0096abc0				fallout/ai/processarray.cpp	fallout/ai	
2827	3	2	0096aa40				fallout/ai/processarray.cpp	fallout/ai	
2828	2	70	0040fbf0					fallout shared	
2829	3	1	0040fc90					fallout shared	
2830	3	2	0043b460				fallout shared/modelloader.cpp	fallout shared	
2831	3	3	0040fca0					fallout shared	
2832	3	4	0040fca0					fallout shared	
2833	3	5	0040fbe0	Error	cg	822ae3c8	fallout shared/tesdatahandler.cpp	fallout shared	
2834	2	71	0040fba0					fallout shared	
2835	3	1	0040fbe0	Error	cg	822ae3c8	fallout shared/tesdatahandler.cpp	fallout shared	
2836	2	72	00440d80				fallout shared/modelloader.cpp	fallout shared	
2837	2	73	00440da0				fallout shared/modelloader.cpp	fallout shared	
2838	2	74	008d8520	MiddleHighProcess::GetSavedAcquireObject	vt	82a648c8	fallout/ai/highprocess.cpp	fallout/ai	
2839	2	75	0078d200				fallout/interface/menus/loadingmenu.cpp	fallout/interface	
2840	3	1	0040fc90					fallout shared	
2841	3	2	0043b460				fallout shared/modelloader.cpp	fallout shared	
2842	3	3	0040fbe0	Error	cg	822ae3c8	fallout shared/tesdatahandler.cpp	fallout shared	
2843	2	76	00931850	MobileObject::GetCurrentProcessType	cg	82747468	fallout/ai/mobileobject.cpp	fallout/ai	
2844	3	1	0045cd60						
2845	2	77	0096aaf0	ProcessArray::RemoveActor	cg	8277b758	fallout/ai/processarray.cpp	fallout/ai	
2846	3	1	0096abc0				fallout/ai/processarray.cpp	fallout/ai	
2847	3	2	0096aa40				fallout/ai/processarray.cpp	fallout/ai	
2848	2	78	00931e80				fallout/ai/mobileobject.cpp	fallout/ai	
2849	2	79	0040fba0					fallout shared	
2850	3	1	0040fbe0	Error	cg	822ae3c8	fallout shared/tesdatahandler.cpp	fallout shared	
2851	2	80	008d8520	MiddleHighProcess::GetSavedAcquireObject	vt	82a648c8	fallout/ai/highprocess.cpp	fallout/ai	
2852	2	81	008d8520	MiddleHighProcess::GetSavedAcquireObject	vt	82a648c8	fallout/ai/highprocess.cpp	fallout/ai	
2853	2	82	008d8520	MiddleHighProcess::GetSavedAcquireObject	vt	82a648c8	fallout/ai/highprocess.cpp	fallout/ai	
2854	2	83	0041ca90				fallout shared/extradatalist.cpp	fallout shared	
2855	2	84	0041ca90				fallout shared/extradatalist.cpp	fallout shared	
2856	2	85	008d8520	MiddleHighProcess::GetSavedAcquireObject	vt	82a648c8	fallout/ai/highprocess.cpp	fallout/ai	
2857	2	86	008d8520	MiddleHighProcess::GetSavedAcquireObject	vt	82a648c8	fallout/ai/highprocess.cpp	fallout/ai	
2858	2	87	0045cd60						
2859	2	88	0096a970	ProcessArray::AddActor	cg	8277b8a0	fallout/ai/processarray.cpp	fallout/ai	
2860	3	1	00877a30				fallout/misc/main.cpp	fallout/misc	
2861	3	2	0096a970	ProcessArray::AddActor	cg	8277b8a0	fallout/ai/processarray.cpp	fallout/ai	recursive
2862	3	3	0096ae90					fallout/ai	
2863	3	4	00658930						
2864	3	5	0096aca0				fallout/ai/processarray.cpp	fallout/ai	
2865	3	6	0096ac30				fallout/ai/processarray.cpp	fallout/ai	
2866	2	89	0044ddc0					fallout shared	
2867	2	90	006815c0					fallout shared	
2868	2	91	006815c0					fallout shared	
2869	2	92	00726070				fallout/interface/menumanager.cpp	fallout/interface	
2870	1	64	0096e9b0	ProcessLists::UpdateFollowerTempList	frame	8277d180	fallout/ai/processlists.cpp	fallout/ai	
2871	2	1	006815c0					fallout shared	
2872	2	2	006815c0					fallout shared	
2873	2	3	006815c0					fallout shared	
2874	2	4	00576d30				fallout shared/tesobjectrefr.cpp	fallout shared	
2875	2	5	008d8520	MiddleHighProcess::GetSavedAcquireObject	vt	82a648c8	fallout/ai/highprocess.cpp	fallout/ai	
2876	2	6	008d8520	MiddleHighProcess::GetSavedAcquireObject	vt	82a648c8	fallout/ai/highprocess.cpp	fallout/ai	
2877	2	7	00881650	Actor::GetCurrentPackageTarget	cg	826a7e68	fallout/ai/actor.cpp	fallout/ai	
2878	3	1	0044ddc0					fallout shared	
2879	2	8	008d8520	MiddleHighProcess::GetSavedAcquireObject	vt	82a648c8	fallout/ai/highprocess.cpp	fallout/ai	
2880	2	9	0041ca90				fallout shared/extradatalist.cpp	fallout shared	
2881	2	10	00881650	Actor::GetCurrentPackageTarget	cg	826a7e68	fallout/ai/actor.cpp	fallout/ai	
2882	3	1	0044ddc0					fallout shared	
2883	2	11	008d8520	MiddleHighProcess::GetSavedAcquireObject	vt	82a648c8	fallout/ai/highprocess.cpp	fallout/ai	
2884	2	12	008bc790	Actor::AddFollower	cg	826ae858	fallout/ai/actor.cpp	fallout/ai	
2885	3	1	005d43c0				fallout shared/tesscriptfunctions.cpp	fallout shared	
2886	3	2	00422480	ExtraDataList::AddFollower	cg	8226d068	fallout shared/extradatalist.cpp	fallout shared	
2887	2	13	00726070				fallout/interface/menumanager.cpp	fallout/interface	
2888	1	65	009777a0	ProcessLists::UpdateRadiationList	frame	8277f498	fallout/ai/processlists.cpp	fallout/ai	
2889	2	1	009c1a50				fallout/ai/combat/projectile.cpp	fallout/ai	
2890	2	2	004b9ba0				fallout shared/globalfunc.cpp	fallout shared	
2891	2	3	006b7f20				fallout shared/pathfinding/navmeshinfomap.cpp	fallout shared/pathfinding	
2892	2	4	005d43c0				fallout shared/tesscriptfunctions.cpp	fallout shared	
2893	2	5	00422320	ExtraDataList::GetRadius	cg	82264b68	fallout shared/extradatalist.cpp	fallout shared	
2894	3	1	00410220	BaseExtraList::GetExtraData	str	8225ff08	fallout shared/extradatalist.cpp	fallout shared	
2895	2	6	00422450				fallout shared/extradatalist.cpp	fallout shared	
2896	3	1	00410220	BaseExtraList::GetExtraData	str	8225ff08	fallout shared/extradatalist.cpp	fallout shared	
2897	2	7	005be5c0				fallout shared/tesscriptfunctions.cpp	fallout shared	
2898	2	8	00968670				fallout/ai/playercharacter.cpp	fallout/ai	
2899	3	1	00877a30				fallout/misc/main.cpp	fallout/misc	
2900	2	9	008d8520	MiddleHighProcess::GetSavedAcquireObject	vt	82a648c8	fallout/ai/highprocess.cpp	fallout/ai	
2901	2	10	00977c70				fallout/ai/processlists.cpp	fallout/ai	
2902	2	11	00403e20				fallout shared/magic/effectitem.cpp	fallout shared/magic	
2903	2	12	005723b0	TESObjectREFR::GetDistanceFromReference	cg	823a55e8	fallout shared/tesobjectrefr.cpp	fallout shared	
2904	3	1	00440da0				fallout shared/modelloader.cpp	fallout shared	
2905	3	2	00440d80				fallout shared/modelloader.cpp	fallout shared	
2906	3	3	008d6f30					fallout/ai	
2907	3	4	008d6f30					fallout/ai	
2908	3	5	00425fd0						
2909	3	6	00425fd0						
2910	3	7	0054ddd0	TESObjectCELL::GetWorldSpace	cg	82381c00	fallout shared/tesobjectcell.cpp	fallout shared	
2911	3	8	00575d70	TESObjectREFR::GetWorldSpace	cg	8239ee90	fallout shared/tesobjectrefr.cpp	fallout shared	
2912	3	9	0054ddd0	TESObjectCELL::GetWorldSpace	cg	82381c00	fallout shared/tesobjectcell.cpp	fallout shared	
2913	3	10	00575d70	TESObjectREFR::GetWorldSpace	cg	8239ee90	fallout shared/tesobjectrefr.cpp	fallout shared	
2914	3	11	00572380				fallout shared/tesobjectrefr.cpp	fallout shared	
2915	2	13	00648e50	GamePlayFormulas::GetRadiationLevel	align-gap	8247d520	fallout shared/gameplayformulas.cpp	fallout shared	
2916	3	1	00404010				fallout shared/magic/effectitem.cpp	fallout shared/magic	
2917	3	2	0040ebd0					fallout shared	
2918	2	14	008c4330	Actor::GetRadiationResistanceMult	cg	826e8410	fallout/ai/actor_magic.cpp	fallout/ai	
2919	3	1	00403e20				fallout shared/magic/effectitem.cpp	fallout shared/magic	
2920	3	2	0040ebd0					fallout shared	
2921	2	15	00403e20				fallout shared/magic/effectitem.cpp	fallout shared/magic	
2922	2	16	00904430				fallout/ai/highprocess.cpp	fallout/ai	
2923	2	17	008bcc80	Actor::ShouldActorAvoidRadiation	cg	826aeaa0	fallout/ai/actor.cpp	fallout/ai	
2924	3	1	00493bb0				fallout shared/animation.cpp	fallout shared	
2925	3	2	00403e20				fallout shared/magic/effectitem.cpp	fallout shared/magic	
2926	3	3	009344a0	MobileObject::GetCurrentPackage	cg	82748b38	fallout/ai/mobileobject.cpp	fallout/ai	
2927	3	4	0067a380					fallout shared	
2928	3	5	0067ac50					fallout shared	
2929	2	18	009042a0	HighProcess::AddAvoidPathingArea	cg	82717b90	fallout/ai/highprocess.cpp	fallout/ai	
2930	3	1	00401000						
2931	3	2	008fdb90	BSSimpleList<AvoidAreaStruct_P>::AddHead	cg	8270d148	fallout/ai/highprocess.cpp	fallout/ai	
2932	3	3	006915d0				fallout shared/pathfinding/navmesh.cpp	fallout shared/pathfinding	
2933	3	4	00564db0	TESObjectREFR::SetTargeted	cg	8239bb78	fallout shared/tesobjectrefr.cpp	fallout shared	
2934	3	5	00401000						
2935	3	6	0096a2d0				fallout/ai/playercharacter.cpp	fallout/ai	
2936	3	7	005ae3d0						
2937	3	8	00904430				fallout/ai/highprocess.cpp	fallout/ai	
2938	3	9	008b3bd0	Actor::IsPathing	cg	826ad2e8	fallout/ai/actor.cpp	fallout/ai	
2939	3	10	008982c0	Actor::InitiateAvoidPackage	cg	826a97c8	fallout/ai/actor.cpp	fallout/ai	
2940	2	19	008b3bb0	Actor::IsPathingComplete	cg	826ad2e0	fallout/ai/actor.cpp	fallout/ai	
2941	3	1	009dcd40	ActorMover::IsPathingComplete	cg	827eb098	fallout/ai/movement/actormover.cpp	fallout/ai	
2942	2	20	008b39f0	Actor::SetMoveMode	cg	826ad1e0	fallout/ai/actor.cpp	fallout/ai	
2943	2	21	008982c0	Actor::InitiateAvoidPackage	cg	826a97c8	fallout/ai/actor.cpp	fallout/ai	
2944	3	1	0087faa0	Actor::EndMovement	cg	826a7128	fallout/ai/actor.cpp	fallout/ai	
2945	3	2	00670b90	TESPackage::CreatePackage	cg	824aec60	fallout shared/package.cpp	fallout shared	
2946	3	3	00826b40				fallout/magic/reanimateeffect.cpp	fallout/magic	
2947	3	4	00826b90				fallout/magic/reanimateeffect.cpp	fallout/magic	
2948	3	5	00401000						
2949	3	6	0067f030	PackageLocation::PackageLocation	cg	824b2f18	fallout shared/packagelocation.cpp	fallout shared	
2950	3	7	0067f3c0	PackageLocation::SetLocReference	cg	824b3088	fallout shared/packagelocation.cpp	fallout shared	
2951	3	8	00671d30	TESPackage::SetPackageLocation	cg	824a6a68	fallout shared/package.cpp	fallout shared	
2952	3	9	00670b30	PackageLocation::~PackageLocation	cg	824b2f98	fallout shared/packagelocation.cpp	fallout shared	
2953	3	10	00401000						
2954	3	11	0067ff70	PackageTarget::PackageTarget	cg	824b3e80	fallout shared/packagetarget.cpp	fallout shared	
2955	3	12	00672fc0	TESPackage::SetPackageTarget	cg	824a71c0	fallout shared/package.cpp	fallout shared	
2956	3	13	00671d10				fallout shared/package.cpp	fallout shared	
2957	3	14	006800b0	PackageTarget::SetTargType	cg	824b3f18	fallout shared/packagetarget.cpp	fallout shared	
2958	3	15	00671d10				fallout shared/package.cpp	fallout shared	
2959	3	16	00680110	PackageTarget::SetTargReference	cg	824b3f50	fallout shared/packagetarget.cpp	fallout shared	
2960	3	17	00564db0	TESObjectREFR::SetTargeted	cg	8239bb78	fallout shared/tesobjectrefr.cpp	fallout shared	
2961	3	18	007b3fa0				fallout/interface/menus/racesexmenu.cpp	fallout/interface	
2962	3	19	006777b0	TESPackage::CalculateProcedureType	str	824ae4c8	fallout shared/package.cpp	fallout shared	
2963	3	20	008d8520	MiddleHighProcess::GetSavedAcquireObject	vt	82a648c8	fallout/ai/highprocess.cpp	fallout/ai	
2964	3	21	0067a1b0					fallout shared	
2965	2	22	00977c90				fallout/ai/processlists.cpp	fallout/ai	
2966	2	23	00904430				fallout/ai/highprocess.cpp	fallout/ai	
2967	2	24	008d8520	MiddleHighProcess::GetSavedAcquireObject	vt	82a648c8	fallout/ai/highprocess.cpp	fallout/ai	
2968	2	25	005723b0	TESObjectREFR::GetDistanceFromReference	cg	823a55e8	fallout shared/tesobjectrefr.cpp	fallout shared	
2969	3	1	00440da0				fallout shared/modelloader.cpp	fallout shared	
2970	3	2	00440d80				fallout shared/modelloader.cpp	fallout shared	
2971	3	3	008d6f30					fallout/ai	
2972	3	4	008d6f30					fallout/ai	
2973	3	5	00425fd0						
2974	3	6	00425fd0						
2975	3	7	0054ddd0	TESObjectCELL::GetWorldSpace	cg	82381c00	fallout shared/tesobjectcell.cpp	fallout shared	
2976	3	8	00575d70	TESObjectREFR::GetWorldSpace	cg	8239ee90	fallout shared/tesobjectrefr.cpp	fallout shared	
2977	3	9	0054ddd0	TESObjectCELL::GetWorldSpace	cg	82381c00	fallout shared/tesobjectcell.cpp	fallout shared	
2978	3	10	00575d70	TESObjectREFR::GetWorldSpace	cg	8239ee90	fallout shared/tesobjectrefr.cpp	fallout shared	
2979	3	11	00572380				fallout shared/tesobjectrefr.cpp	fallout shared	
2980	2	26	00648e50	GamePlayFormulas::GetRadiationLevel	align-gap	8247d520	fallout shared/gameplayformulas.cpp	fallout shared	
2981	3	1	00404010				fallout shared/magic/effectitem.cpp	fallout shared/magic	
2982	3	2	0040ebd0					fallout shared	
2983	2	27	008c4330	Actor::GetRadiationResistanceMult	cg	826e8410	fallout/ai/actor_magic.cpp	fallout/ai	
2984	3	1	00403e20				fallout shared/magic/effectitem.cpp	fallout shared/magic	
2985	3	2	0040ebd0					fallout shared	
2986	2	28	00904430				fallout/ai/highprocess.cpp	fallout/ai	
2987	2	29	00977c90				fallout/ai/processlists.cpp	fallout/ai	
2988	2	30	00904430				fallout/ai/highprocess.cpp	fallout/ai	
2989	2	31	005be5c0				fallout shared/tesscriptfunctions.cpp	fallout shared	
2990	2	32	00968670				fallout/ai/playercharacter.cpp	fallout/ai	
2991	3	1	00877a30				fallout/misc/main.cpp	fallout/misc	
2992	2	33	008d8520	MiddleHighProcess::GetSavedAcquireObject	vt	82a648c8	fallout/ai/highprocess.cpp	fallout/ai	
2993	2	34	008d8520	MiddleHighProcess::GetSavedAcquireObject	vt	82a648c8	fallout/ai/highprocess.cpp	fallout/ai	
2994	1	66	008d0600	ProcessLists::PrintLists	cg	8277e768	fallout/ai/processlists.cpp	fallout/ai	
2995	1	67	0096eb40	ProcessLists::ChangeProcessLevelTempList	cg	82780a88	fallout/ai/processlists.cpp	fallout/ai	
2996	2	1	0094df60	PlayerCharacter::IsSleepingorResting	cg	82750e48	fallout/ai/playercharacter.cpp	fallout/ai	
2997	2	2	006815c0					fallout shared	
2998	2	3	006815c0					fallout shared	
2999	2	4	006815c0					fallout shared	
3000	2	5	00726070				fallout/interface/menumanager.cpp	fallout/interface	
3001	2	6	00576d30				fallout shared/tesobjectrefr.cpp	fallout shared	
3002	2	7	008d8520	MiddleHighProcess::GetSavedAcquireObject	vt	82a648c8	fallout/ai/highprocess.cpp	fallout/ai	
3003	2	8	00574900						
3004	2	9	00705190	Interface::InDialogWith	cg	8253e4c0	fallout/interface/interface.cpp	fallout/interface	
3005	3	1	004b7210				fallout shared/globalfunc.cpp	fallout shared	
3006	3	2	004b7210				fallout shared/globalfunc.cpp	fallout shared	
3007	3	3	009373f0				fallout/ai/modifierlist.cpp	fallout/ai	
3008	3	4	00a09030	Tile::GetMenuByClass	cg	828efd80	BSMenu/tile.cpp	BSMenu	
3009	3	5	00a03c90	Tile::GetMenu	cg	828ea0b0	BSMenu/tile.cpp	BSMenu	
3010	3	6	00ec43fb	__RTDynamicCast	str	82eb3b00	LIBCMT/rtti.cpp	LIBCMT	
3011	3	7	004fb070				fallout shared/bgsexplosion.cpp	fallout shared	
3012	2	10	00574900						
3013	2	11	0092f160	MobileObject::IsTalking	cg	82747110	fallout/ai/mobileobject.cpp	fallout/ai	
3014	2	12	0096d450	ProcessLists::AddReference	cg	8277b958	fallout/ai/processlists.cpp	fallout/ai	
3015	3	1	0096a970	ProcessArray::AddActor	cg	8277b8a0	fallout/ai/processarray.cpp	fallout/ai	
3016	2	13	00440d80				fallout shared/modelloader.cpp	fallout shared	
3017	2	14	00484e60	TESForm::GetFile	cg	822d5b30	fallout shared/tesform.cpp	fallout shared	
3018	3	1	00460140				fallout shared/tesdatahandler.cpp	fallout shared	
3019	3	2	006815c0					fallout shared	
3020	3	3	00726070				fallout/interface/menumanager.cpp	fallout/interface	
3021	2	15	00574900						
3022	2	16	0092f160	MobileObject::IsTalking	cg	82747110	fallout/ai/mobileobject.cpp	fallout/ai	
3023	2	17	008d8520	MiddleHighProcess::GetSavedAcquireObject	vt	82a648c8	fallout/ai/highprocess.cpp	fallout/ai	
3024	2	18	00931850	MobileObject::GetCurrentProcessType	cg	82747468	fallout/ai/mobileobject.cpp	fallout/ai	
3025	3	1	0045cd60						
3026	2	19	0096aaf0	ProcessArray::RemoveActor	cg	8277b758	fallout/ai/processarray.cpp	fallout/ai	
3027	3	1	0096abc0				fallout/ai/processarray.cpp	fallout/ai	
3028	3	2	0096aa40				fallout/ai/processarray.cpp	fallout/ai	
3029	2	20	0040fbf0					fallout shared	
3030	3	1	0040fc90					fallout shared	
3031	3	2	0043b460				fallout shared/modelloader.cpp	fallout shared	
3032	3	3	0040fca0					fallout shared	
3033	3	4	0040fca0					fallout shared	
3034	3	5	0040fbe0	Error	cg	822ae3c8	fallout shared/tesdatahandler.cpp	fallout shared	
3035	2	21	0040fba0					fallout shared	
3036	3	1	0040fbe0	Error	cg	822ae3c8	fallout shared/tesdatahandler.cpp	fallout shared	
3037	2	22	00440d80				fallout shared/modelloader.cpp	fallout shared	
3038	2	23	00440da0				fallout shared/modelloader.cpp	fallout shared	
3039	2	24	008d8520	MiddleHighProcess::GetSavedAcquireObject	vt	82a648c8	fallout/ai/highprocess.cpp	fallout/ai	
3040	2	25	0078d200				fallout/interface/menus/loadingmenu.cpp	fallout/interface	
3041	3	1	0040fc90					fallout shared	
3042	3	2	0043b460				fallout shared/modelloader.cpp	fallout shared	
3043	3	3	0040fbe0	Error	cg	822ae3c8	fallout shared/tesdatahandler.cpp	fallout shared	
3044	2	26	00931850	MobileObject::GetCurrentProcessType	cg	82747468	fallout/ai/mobileobject.cpp	fallout/ai	
3045	3	1	0045cd60						
3046	2	27	0096aaf0	ProcessArray::RemoveActor	cg	8277b758	fallout/ai/processarray.cpp	fallout/ai	
3047	3	1	0096abc0				fallout/ai/processarray.cpp	fallout/ai	
3048	3	2	0096aa40				fallout/ai/processarray.cpp	fallout/ai	
3049	2	28	00931e80				fallout/ai/mobileobject.cpp	fallout/ai	
3050	2	29	0040fba0					fallout shared	
3051	3	1	0040fbe0	Error	cg	822ae3c8	fallout shared/tesdatahandler.cpp	fallout shared	
3052	2	30	00905330				fallout/ai/highprocess.cpp	fallout/ai	
3053	3	1	008256d0					fallout/magic	
3054	3	2	004702f0						
3055	3	3	004702f0						
3056	2	31	0087f3d0	Actor::GetEssential	cg	826b0608	fallout/ai/actor.cpp	fallout/ai	
3057	3	1	004181e0				fallout shared/extradatalist.cpp	fallout shared	
3058	3	2	005d43c0				fallout shared/tesscriptfunctions.cpp	fallout shared	
3059	3	3	004216f0	ExtraDataList::GetLevCreaOriginalBase	cg	82264178	fallout shared/extradatalist.cpp	fallout shared	
3060	3	4	005d43c0				fallout shared/tesscriptfunctions.cpp	fallout shared	
3061	3	5	004216f0	ExtraDataList::GetLevCreaOriginalBase	cg	82264178	fallout shared/extradatalist.cpp	fallout shared	
3062	3	6	00566950	MiddleHighProcess::GetForceNextUpdate	vt	8270dcf8	fallout/ai/highprocess.cpp	fallout/ai	
3063	3	7	004d1360				fallout shared/inventorychanges.cpp	fallout shared	
3064	3	8	0087f480				fallout/ai/actor.cpp	fallout/ai	
3065	3	9	008c1b30				fallout/ai/actor.cpp	fallout/ai	
3066	2	32	0087f4a0				fallout/ai/actor.cpp	fallout/ai	
3067	3	1	004181e0				fallout shared/extradatalist.cpp	fallout shared	
3068	3	2	0056af00				fallout shared/tesobjectrefr.cpp	fallout shared	
3069	2	33	008d6f30					fallout/ai	
3070	2	34	004511e0	TES::IsCellLoaded	cg	822a1f90	fallout shared/tes.cpp	fallout shared	
3071	3	1	00450fd0				fallout shared/tes.cpp	fallout shared	
3072	2	35	008d8520	MiddleHighProcess::GetSavedAcquireObject	vt	82a648c8	fallout/ai/highprocess.cpp	fallout/ai	
3073	2	36	008d8520	MiddleHighProcess::GetSavedAcquireObject	vt	82a648c8	fallout/ai/highprocess.cpp	fallout/ai	
3074	2	37	00526100				fallout shared/bgsencounterzone.cpp	fallout shared	
3075	3	1	0043d4d0				fallout shared/modelloader.cpp	fallout shared	
3076	2	38	00867e30					fallout/misc	
3077	3	1	00526ac0	BSMultiBoundCapsule::QMultiBoundRadius	vt	829efa38	BSMain/bsmultiboundcapsule.obj	BSMain	
3078	3	2	00406cc0						
3079	2	39	00567d20	TESObjectREFR::GetEncounterZone	cg	823a36d8	fallout shared/tesobjectrefr.cpp	fallout shared	
3080	3	1	005d43c0				fallout shared/tesscriptfunctions.cpp	fallout shared	
3081	3	2	00421c30				fallout shared/extradatalist.cpp	fallout shared	
3082	3	3	008d6f30					fallout/ai	
3083	3	4	008d6f30					fallout/ai	
3084	3	5	00546c20				fallout shared/tesobjectcell.cpp	fallout shared	
3085	3	6	00575d70	TESObjectREFR::GetWorldSpace	cg	8239ee90	fallout shared/tesobjectrefr.cpp	fallout shared	
3086	3	7	00575d70	TESObjectREFR::GetWorldSpace	cg	8239ee90	fallout shared/tesobjectrefr.cpp	fallout shared	
3087	3	8	00458400				fallout shared/tes.cpp	fallout shared	
3088	2	40	00526320				fallout shared/bgsencounterzone.cpp	fallout shared	
3089	2	41	005d43c0				fallout shared/tesscriptfunctions.cpp	fallout shared	
3090	2	42	0041df90	ExtraDataList::GetDroppedItemList	cg	82263018	fallout shared/extradatalist.cpp	fallout shared	
3091	3	1	00410220	BaseExtraList::GetExtraData	str	8225ff08	fallout shared/extradatalist.cpp	fallout shared	
3092	2	43	008256d0					fallout/magic	
3093	2	44	006815c0					fallout shared	
3094	2	45	005d43c0				fallout shared/tesscriptfunctions.cpp	fallout shared	
3095	2	46	0041de40	ExtraDataList::AddDroppedItem	cg	8226c2d8	fallout shared/extradatalist.cpp	fallout shared	
3096	3	1	00410220	BaseExtraList::GetExtraData	str	8225ff08	fallout shared/extradatalist.cpp	fallout shared	
3097	3	2	00401000						
3098	3	3	00435920				fallout shared/extradataobjects.cpp	fallout shared	
3099	3	4	0040ff60	BaseExtraList::AddExtra	str	8225fd70	fallout shared/extradatalist.cpp	fallout shared	
3100	3	5	00410140	BaseExtraList::RemoveExtra_ov2	cg	8225fe48	fallout shared/extradatalist.cpp	fallout shared	
3101	2	47	00572270	TESObjectREFR::MarkAsDeleted	cg	8239dbc8	fallout shared/tesobjectrefr.cpp	fallout shared	
3102	2	48	0063f7b0					fallout shared/sky	
3103	3	1	004702f0						
3104	2	49	005d43c0				fallout shared/tesscriptfunctions.cpp	fallout shared	
3105	2	50	0041dfd0	ExtraDataList::RemoveDroppedItemList	cg	82263058	fallout shared/extradatalist.cpp	fallout shared	
3106	3	1	00410220	BaseExtraList::GetExtraData	str	8225ff08	fallout shared/extradatalist.cpp	fallout shared	
3107	3	2	00410140	BaseExtraList::RemoveExtra_ov2	cg	8225fe48	fallout shared/extradatalist.cpp	fallout shared	
3108	2	51	00905330				fallout/ai/highprocess.cpp	fallout/ai	
3109	3	1	008256d0					fallout/magic	
3110	3	2	004702f0						
3111	3	3	004702f0						
3112	2	52	00440da0				fallout shared/modelloader.cpp	fallout shared	
3113	2	53	0078d200				fallout/interface/menus/loadingmenu.cpp	fallout/interface	
3114	3	1	0040fc90					fallout shared	
3115	3	2	0043b460				fallout shared/modelloader.cpp	fallout shared	
3116	3	3	0040fbe0	Error	cg	822ae3c8	fallout shared/tesdatahandler.cpp	fallout shared	
3117	2	54	008d8520	MiddleHighProcess::GetSavedAcquireObject	vt	82a648c8	fallout/ai/highprocess.cpp	fallout/ai	
3118	2	55	00931850	MobileObject::GetCurrentProcessType	cg	82747468	fallout/ai/mobileobject.cpp	fallout/ai	
3119	3	1	0045cd60						
3120	2	56	0096aaf0	ProcessArray::RemoveActor	cg	8277b758	fallout/ai/processarray.cpp	fallout/ai	
3121	3	1	0096abc0				fallout/ai/processarray.cpp	fallout/ai	
3122	3	2	0096aa40				fallout/ai/processarray.cpp	fallout/ai	
3123	2	57	00931e80				fallout/ai/mobileobject.cpp	fallout/ai	
3124	2	58	00905330				fallout/ai/highprocess.cpp	fallout/ai	
3125	3	1	008256d0					fallout/magic	
3126	3	2	004702f0						
3127	3	3	004702f0						
3128	2	59	0040fba0					fallout shared	
3129	3	1	0040fbe0	Error	cg	822ae3c8	fallout shared/tesdatahandler.cpp	fallout shared	
3130	2	60	00574900						
3131	2	61	00702640	Interface::GetMenuModeType	cg	8253d618	fallout/interface/interface.cpp	fallout/interface	
3132	3	1	004b7210				fallout shared/globalfunc.cpp	fallout shared	
3133	3	2	004b7210				fallout shared/globalfunc.cpp	fallout shared	
3134	3	3	009373f0				fallout/ai/modifierlist.cpp	fallout/ai	
3135	3	4	004b7210				fallout shared/globalfunc.cpp	fallout shared	
3136	3	5	00714f70	InterfaceManager::GetEnterStack	cg	82544ba8	fallout/interface/interfacemanager.cpp	fallout/interface	
3137	2	62	0044ddc0					fallout shared	
3138	2	63	00574900						
3139	2	64	00905330				fallout/ai/highprocess.cpp	fallout/ai	
3140	3	1	008256d0					fallout/magic	
3141	3	2	004702f0						
3142	3	3	004702f0						
3143	2	65	00440d80				fallout shared/modelloader.cpp	fallout shared	
3144	2	66	00484e60	TESForm::GetFile	cg	822d5b30	fallout shared/tesform.cpp	fallout shared	
3145	3	1	00460140				fallout shared/tesdatahandler.cpp	fallout shared	
3146	3	2	006815c0					fallout shared	
3147	3	3	00726070				fallout/interface/menumanager.cpp	fallout/interface	
3148	2	67	008d8520	MiddleHighProcess::GetSavedAcquireObject	vt	82a648c8	fallout/ai/highprocess.cpp	fallout/ai	
3149	2	68	00931850	MobileObject::GetCurrentProcessType	cg	82747468	fallout/ai/mobileobject.cpp	fallout/ai	
3150	3	1	0045cd60						
3151	2	69	0096aaf0	ProcessArray::RemoveActor	cg	8277b758	fallout/ai/processarray.cpp	fallout/ai	
3152	3	1	0096abc0				fallout/ai/processarray.cpp	fallout/ai	
3153	3	2	0096aa40				fallout/ai/processarray.cpp	fallout/ai	
3154	2	70	0040fbf0					fallout shared	
3155	3	1	0040fc90					fallout shared	
3156	3	2	0043b460				fallout shared/modelloader.cpp	fallout shared	
3157	3	3	0040fca0					fallout shared	
3158	3	4	0040fca0					fallout shared	
3159	3	5	0040fbe0	Error	cg	822ae3c8	fallout shared/tesdatahandler.cpp	fallout shared	
3160	2	71	0040fba0					fallout shared	
3161	3	1	0040fbe0	Error	cg	822ae3c8	fallout shared/tesdatahandler.cpp	fallout shared	
3162	2	72	00440d80				fallout shared/modelloader.cpp	fallout shared	
3163	2	73	00440da0				fallout shared/modelloader.cpp	fallout shared	
3164	2	74	008d8520	MiddleHighProcess::GetSavedAcquireObject	vt	82a648c8	fallout/ai/highprocess.cpp	fallout/ai	
3165	2	75	0078d200				fallout/interface/menus/loadingmenu.cpp	fallout/interface	
3166	3	1	0040fc90					fallout shared	
3167	3	2	0043b460				fallout shared/modelloader.cpp	fallout shared	
3168	3	3	0040fbe0	Error	cg	822ae3c8	fallout shared/tesdatahandler.cpp	fallout shared	
3169	2	76	00931850	MobileObject::GetCurrentProcessType	cg	82747468	fallout/ai/mobileobject.cpp	fallout/ai	
3170	3	1	0045cd60						
3171	2	77	0096aaf0	ProcessArray::RemoveActor	cg	8277b758	fallout/ai/processarray.cpp	fallout/ai	
3172	3	1	0096abc0				fallout/ai/processarray.cpp	fallout/ai	
3173	3	2	0096aa40				fallout/ai/processarray.cpp	fallout/ai	
3174	2	78	00931e80				fallout/ai/mobileobject.cpp	fallout/ai	
3175	2	79	0040fba0					fallout shared	
3176	3	1	0040fbe0	Error	cg	822ae3c8	fallout shared/tesdatahandler.cpp	fallout shared	
3177	2	80	008d8520	MiddleHighProcess::GetSavedAcquireObject	vt	82a648c8	fallout/ai/highprocess.cpp	fallout/ai	
3178	2	81	008d8520	MiddleHighProcess::GetSavedAcquireObject	vt	82a648c8	fallout/ai/highprocess.cpp	fallout/ai	
3179	2	82	008d8520	MiddleHighProcess::GetSavedAcquireObject	vt	82a648c8	fallout/ai/highprocess.cpp	fallout/ai	
3180	2	83	0041ca90				fallout shared/extradatalist.cpp	fallout shared	
3181	2	84	0041ca90				fallout shared/extradatalist.cpp	fallout shared	
3182	2	85	008d8520	MiddleHighProcess::GetSavedAcquireObject	vt	82a648c8	fallout/ai/highprocess.cpp	fallout/ai	
3183	2	86	008d8520	MiddleHighProcess::GetSavedAcquireObject	vt	82a648c8	fallout/ai/highprocess.cpp	fallout/ai	
3184	2	87	0045cd60						
3185	2	88	0096a970	ProcessArray::AddActor	cg	8277b8a0	fallout/ai/processarray.cpp	fallout/ai	
3186	3	1	00877a30				fallout/misc/main.cpp	fallout/misc	
3187	3	2	0096a970	ProcessArray::AddActor	cg	8277b8a0	fallout/ai/processarray.cpp	fallout/ai	recursive
3188	3	3	0096ae90					fallout/ai	
3189	3	4	00658930						
3190	3	5	0096aca0				fallout/ai/processarray.cpp	fallout/ai	
3191	3	6	0096ac30				fallout/ai/processarray.cpp	fallout/ai	
3192	2	89	0044ddc0					fallout shared	
3193	2	90	006815c0					fallout shared	
3194	2	91	006815c0					fallout shared	
3195	2	92	00726070				fallout/interface/menumanager.cpp	fallout/interface	
3196	1	68	0096e9b0	ProcessLists::UpdateFollowerTempList	frame	8277d180	fallout/ai/processlists.cpp	fallout/ai	
3197	2	1	006815c0					fallout shared	
3198	2	2	006815c0					fallout shared	
3199	2	3	006815c0					fallout shared	
3200	2	4	00576d30				fallout shared/tesobjectrefr.cpp	fallout shared	
3201	2	5	008d8520	MiddleHighProcess::GetSavedAcquireObject	vt	82a648c8	fallout/ai/highprocess.cpp	fallout/ai	
3202	2	6	008d8520	MiddleHighProcess::GetSavedAcquireObject	vt	82a648c8	fallout/ai/highprocess.cpp	fallout/ai	
3203	2	7	00881650	Actor::GetCurrentPackageTarget	cg	826a7e68	fallout/ai/actor.cpp	fallout/ai	
3204	3	1	0044ddc0					fallout shared	
3205	2	8	008d8520	MiddleHighProcess::GetSavedAcquireObject	vt	82a648c8	fallout/ai/highprocess.cpp	fallout/ai	
3206	2	9	0041ca90				fallout shared/extradatalist.cpp	fallout shared	
3207	2	10	00881650	Actor::GetCurrentPackageTarget	cg	826a7e68	fallout/ai/actor.cpp	fallout/ai	
3208	3	1	0044ddc0					fallout shared	
3209	2	11	008d8520	MiddleHighProcess::GetSavedAcquireObject	vt	82a648c8	fallout/ai/highprocess.cpp	fallout/ai	
3210	2	12	008bc790	Actor::AddFollower	cg	826ae858	fallout/ai/actor.cpp	fallout/ai	
3211	3	1	005d43c0				fallout shared/tesscriptfunctions.cpp	fallout shared	
3212	3	2	00422480	ExtraDataList::AddFollower	cg	8226d068	fallout shared/extradatalist.cpp	fallout shared	
3213	2	13	00726070				fallout/interface/menumanager.cpp	fallout/interface	
3214	1	69	0040fba0					fallout shared	
3215	2	1	0040fbe0	Error	cg	822ae3c8	fallout shared/tesdatahandler.cpp	fallout shared	
3216	1	70	00446ef0				fallout shared/modelloader.cpp	fallout shared	
3217	1	71	00878080					fallout/misc	
3218	2	1	0044b130				fallout shared/modelloader.cpp	fallout shared	
3219	2	2	00401020						
3220	2	3	00878110					fallout/misc	
3221	2	4	00401020						
3222	2	5	00878110					fallout/misc	
3223	2	6	00401020						
3224	2	7	00866a90				fallout/misc/appmemory.cpp	fallout/misc	
3225	3	1	0040fc90					fallout shared	
3226	3	2	0044edb0	BaseProcess::GetCurrentProcedureIndex	cg	826569e8	fallout/ai/baseprocess.cpp	fallout/ai	
3227	3	3	00452490	TES::CleanUpUnusedTextures	cg	822a2388	fallout shared/tes.cpp	fallout shared	
3228	3	4	00866d10	ScrapHeapManager::Instance	cg	8268f0a0	fallout/misc/appmemory.cpp	fallout/misc	
3229	3	5	00aa5c80	ScrapHeapManager::FreeAllBuffers	str	829fa040	BSCore/scrapheap.cpp	BSCore	
3230	3	6	00652110	BSFaceGenManager::GetModelCache	cg	82487248	fallout shared/facegen/bsfacegenmanager.cpp	fallout shared/facegen	
3231	3	7	00652110	BSFaceGenManager::GetModelCache	cg	82487248	fallout shared/facegen/bsfacegenmanager.cpp	fallout shared/facegen	
3232	3	8	00529ea0				fallout shared/imagespacemodifierinstance.cpp	fallout shared	
3233	3	9	00652160				fallout shared/facegen/bsfacegenmanager.cpp	fallout shared/facegen	
3234	3	10	00652130				fallout shared/facegen/bsfacegenmanager.cpp	fallout shared/facegen	
3235	3	11	00652110	BSFaceGenManager::GetModelCache	cg	82487248	fallout shared/facegen/bsfacegenmanager.cpp	fallout shared/facegen	
3236	3	12	00650a30						
3237	3	13	00652190				fallout shared/facegen/bsfacegenmanager.cpp	fallout shared/facegen	
3238	3	14	00869190				fallout/misc/garbagecollector.cpp	fallout/misc	
3239	3	15	00453a80				fallout shared/tes.cpp	fallout shared	
3240	3	16	004539a0						
3241	3	17	00452490	TES::CleanUpUnusedTextures	cg	822a2388	fallout shared/tes.cpp	fallout shared	
3242	3	18	00869190				fallout/misc/garbagecollector.cpp	fallout/misc	
3243	3	19	00868d70	GarbageCollector::ClearAll	str	826923b8	fallout/misc/garbagecollector.cpp	fallout/misc	
3244	3	20	0078d200				fallout/interface/menus/loadingmenu.cpp	fallout/interface	
3245	3	21	00868d70	GarbageCollector::ClearAll	str	826923b8	fallout/misc/garbagecollector.cpp	fallout/misc	
3246	3	22	0040fba0					fallout shared	
3247	3	23	00c459d0					BSMain	
3248	3	24	00aa7030					BSCore	
3249	3	25	00866da0				fallout/misc/appmemory.cpp	fallout/misc	
3250	3	26	0040fc90					fallout shared	
3251	3	27	00866dc0				fallout/misc/appmemory.cpp	fallout/misc	
3252	3	28	00866de0				fallout/misc/appmemory.cpp	fallout/misc	
3253	3	29	00866da0				fallout/misc/appmemory.cpp	fallout/misc	
3254	3	30	0040fc90					fallout shared	
3255	3	31	00866dc0				fallout/misc/appmemory.cpp	fallout/misc	
3256	3	32	00866de0				fallout/misc/appmemory.cpp	fallout/misc	
3257	3	33	0040fca0					fallout shared	
3258	2	8	00401020						
3259	2	9	00878130					fallout/misc	
3260	2	10	0082f1f0					fallout/audio	
3261	1	72	0086ef60				fallout/misc/main.cpp	fallout/misc	
3262	1	73	00a61cd0	BSTexturePalette::PurgeUnusedTextures	cg	82e32830	NiMain/bstexturepalette.cpp	NiMain	
3263	2	1	0040fbf0					fallout shared	
3264	3	1	0040fc90					fallout shared	
3265	3	2	0043b460				fallout shared/modelloader.cpp	fallout shared	
3266	3	3	0040fca0					fallout shared	
3267	3	4	0040fca0					fallout shared	
3268	3	5	0040fbe0	Error	cg	822ae3c8	fallout shared/tesdatahandler.cpp	fallout shared	
3269	2	2	00a616e0				NiMain/bstexturepalette.cpp	NiMain	
3270	2	3	00a619b0				NiMain/bstexturepalette.cpp	NiMain	
3271	2	4	00a61670	BSEntryMap::Remove	cg	82e31ce8	NiMain/bstexturepalette.cpp	NiMain	
3272	3	1	00aa4060				BSCore/memorymanager.cpp	BSCore	
3273	2	5	00a61890	BSTexMap::Remove	cg	82e314c0	NiMain/bstexturepalette.cpp	NiMain	
3274	3	1	00af4170	FindTexturePathOffset	str	82935368	BSSystem/archive.cpp	BSSystem	
3275	3	2	00a61530	BSTexMap::KeyToHashIndex	cg	82e33110	NiMain/bstexturepalette.cpp	NiMain	
3276	3	3	00aa4060				BSCore/memorymanager.cpp	BSCore	
3277	1	74	00868850	GarbageCollector::Update	str	82691e80	fallout/misc/garbagecollector.cpp	fallout/misc	
3278	2	1	00867f50				fallout/misc/garbagecollector.cpp	fallout/misc	
3279	3	1	0040fbf0					fallout shared	
3280	2	2	00446ef0				fallout shared/modelloader.cpp	fallout shared	
3281	2	3	00878360					fallout/misc	
3282	2	4	00658930						
3283	2	5	00868250				fallout/misc/garbagecollector.cpp	fallout/misc	
3284	3	1	008691b0				fallout/misc/garbagecollector.cpp	fallout/misc	
3285	2	6	00658930						
3286	2	7	00877a30				fallout/misc/main.cpp	fallout/misc	
3287	2	8	009e98d0				fallout/ai/movement/detailedactorpathhandler.cpp	fallout/ai	
3288	2	9	00418d20						
3289	3	1	0048fb50				fallout shared/animation.cpp	fallout shared	
3290	3	2	00401030						
3291	2	10	004aaf10				fallout shared/bipedanim.cpp	fallout shared	
3292	3	1	004afba0				fallout shared/bipedanim.cpp	fallout shared	
3293	2	11	00658930						
3294	2	12	00868250				fallout/misc/garbagecollector.cpp	fallout/misc	
3295	3	1	008691b0				fallout/misc/garbagecollector.cpp	fallout/misc	
3296	2	13	00658930						
3297	2	14	00877a30				fallout/misc/main.cpp	fallout/misc	
3298	2	15	009e98d0				fallout/ai/movement/detailedactorpathhandler.cpp	fallout/ai	
3299	2	16	00418e00	NiTArray<BipedAnim_P_NiTNewInterface<BipedAnim_P>_>::SetSize	cg	82691178	fallout/misc/garbagecollector.cpp	fallout/misc	
3300	3	1	004aae50				fallout shared/bipedanim.cpp	fallout shared	
3301	3	2	00401030						
3302	2	17	004aaf10				fallout shared/bipedanim.cpp	fallout shared	
3303	3	1	004afba0				fallout shared/bipedanim.cpp	fallout shared	
3304	2	18	00658930						
3305	2	19	008694c0				fallout/misc/garbagecollector.cpp	fallout/misc	
3306	3	1	00658930						
3307	3	2	00877a30				fallout/misc/main.cpp	fallout/misc	
3308	3	3	008693c0					fallout/misc	
3309	2	20	005e03d0				fallout shared/tesscriptfunctions.cpp	fallout shared	
3310	2	21	00658930						
3311	2	22	00658930						
3312	2	23	00869260	NiTArray<NiPointer<NiAVObject>_NiTNewInterface<NiPointer<NiAVObject>_>_>::RemoveAt	cg	82691038	fallout/misc/garbagecollector.cpp	fallout/misc	
3313	3	1	00633c90					fallout shared/sky	
3314	3	2	00559a40				fallout shared/tesobjectcell.cpp	fallout shared	
3315	3	3	00633c90					fallout shared/sky	
3316	3	4	006e5cc0	NiPointer<PathingDebugGeometryData>::operator_	cg	822ef3b8	fallout/ai/movement/actormover.cpp	fallout/ai	
3317	3	5	0045cec0						
3318	3	6	00633c90					fallout shared/sky	
3319	3	7	00631820				fallout shared/havok/teswaterlistener.cpp	fallout shared/havok	
3320	3	8	0045cec0						
3321	3	9	00559a40				fallout shared/tesobjectcell.cpp	fallout shared	
3322	3	10	0045cec0						
3323	2	24	0052aa80					fallout shared	
3324	2	25	00868ce0				fallout/misc/garbagecollector.cpp	fallout/misc	
3325	3	1	00868770				fallout/misc/garbagecollector.cpp	fallout/misc	
3326	2	26	0045cec0						
3327	3	1	00401970						
3328	2	27	00658930						
3329	2	28	00869420				fallout/misc/garbagecollector.cpp	fallout/misc	
3330	3	1	00658930						
3331	3	2	00877a30				fallout/misc/main.cpp	fallout/misc	
3332	3	3	00559a40				fallout shared/tesobjectcell.cpp	fallout shared	
3333	3	4	00559450						
3334	3	5	004afc50				fallout shared/bipedanim.cpp	fallout shared	
3335	3	6	0045cec0						
3336	2	29	004dffa0	NiTArray<NiPointer<BSTempEffect>_NiTNewInterface<NiPointer<BSTempEffect>_>_>::RemoveAll	cg	822a37b8	fallout/misc/garbagecollector.cpp	fallout/misc	
3337	3	1	00633c90					fallout shared/sky	
3338	3	2	006e5cc0	NiPointer<PathingDebugGeometryData>::operator_	cg	822ef3b8	fallout/ai/movement/actormover.cpp	fallout/ai	
3339	3	3	0045cec0						
3340	2	30	00658930						
3341	2	31	00868250				fallout/misc/garbagecollector.cpp	fallout/misc	
3342	3	1	008691b0				fallout/misc/garbagecollector.cpp	fallout/misc	
3343	2	32	00658930						
3344	2	33	00877a30				fallout/misc/main.cpp	fallout/misc	
3345	2	34	00564d80				fallout shared/tesobjectrefr.cpp	fallout shared	
3346	3	1	0044ddc0					fallout shared	
3347	2	35	004aaf10				fallout shared/bipedanim.cpp	fallout shared	
3348	3	1	004afba0				fallout shared/bipedanim.cpp	fallout shared	
3349	2	36	00658930						
3350	2	37	008694c0				fallout/misc/garbagecollector.cpp	fallout/misc	
3351	3	1	00658930						
3352	3	2	00877a30				fallout/misc/main.cpp	fallout/misc	
3353	3	3	008693c0					fallout/misc	
3354	2	38	005e03d0				fallout shared/tesscriptfunctions.cpp	fallout shared	
3355	2	39	0044ddc0					fallout shared	
3356	2	40	0044ddc0					fallout shared	
3357	2	41	00877a30				fallout/misc/main.cpp	fallout/misc	
3358	2	42	00401970						
3359	3	1	004019a0	WaitForSingleObjectEx	cg	82ed3478	XAPILIB/waitforsingleobjectex.c	XAPILIB	
3360	2	43	006bf8f0	BSSimpleArray<ItemChange_P_1024>::Remove	cg	82572238	fallout/ai/playercharacter.cpp	fallout/ai	
3361	3	1	006f3170					fallout shared/pathfinding	
3362	3	2	00869600					fallout/misc	
3363	3	3	0042fb60				fallout shared/extradatalist.cpp	fallout shared	
3364	3	4	0072ba80				fallout/interface/menus/recipemenu.cpp	fallout/interface	
3365	3	5	0042fb60				fallout shared/extradatalist.cpp	fallout shared	
3366	3	6	006a8500				fallout shared/pathfinding/navmeshsearch.cpp	fallout shared/pathfinding	
3367	3	7	0072ba80				fallout/interface/menus/recipemenu.cpp	fallout/interface	
3368	3	8	0042fb60				fallout shared/extradatalist.cpp	fallout shared	
3369	2	44	0044ddc0					fallout shared	
3370	2	45	00869510				fallout/misc/garbagecollector.cpp	fallout/misc	
3371	3	1	0044ddc0					fallout shared	
3372	3	2	006a7ad0				fallout shared/pathfinding/navmeshsearch.cpp	fallout shared/pathfinding	
3373	3	3	007cb2e0	BSSimpleArray<BGSBodyPart_P_1024>::AddUninitialized	cg	825bfa28	fallout/ai/combat/hitdata.cpp	fallout/ai	
3374	2	46	008454f0					fallout/misc	
3375	3	1	0072ba80				fallout/interface/menus/recipemenu.cpp	fallout/interface	
3376	3	2	006a8500				fallout shared/pathfinding/navmeshsearch.cpp	fallout shared/pathfinding	
3377	2	47	00867f80				fallout/misc/garbagecollector.cpp	fallout/misc	
3378	3	1	0040fba0					fallout shared	
3379	1	75	00868d10	GarbageCollector::ClearTempEffects	str	82692340	fallout/misc/garbagecollector.cpp	fallout/misc	
3380	2	1	00658930						
3381	2	2	00868250				fallout/misc/garbagecollector.cpp	fallout/misc	
3382	3	1	008691b0				fallout/misc/garbagecollector.cpp	fallout/misc	
3383	2	3	00867f50				fallout/misc/garbagecollector.cpp	fallout/misc	
3384	3	1	0040fbf0					fallout shared	
3385	2	4	004dffa0	NiTArray<NiPointer<BSTempEffect>_NiTNewInterface<NiPointer<BSTempEffect>_>_>::RemoveAll	cg	822a37b8	fallout/misc/garbagecollector.cpp	fallout/misc	
3386	3	1	00633c90					fallout shared/sky	
3387	3	2	006e5cc0	NiPointer<PathingDebugGeometryData>::operator_	cg	822ef3b8	fallout/ai/movement/actormover.cpp	fallout/ai	
3388	3	3	0045cec0						
3389	2	5	004aaf10				fallout shared/bipedanim.cpp	fallout shared	
3390	3	1	004afba0				fallout shared/bipedanim.cpp	fallout shared	
3391	2	6	00867f80				fallout/misc/garbagecollector.cpp	fallout/misc	
3392	3	1	0040fba0					fallout shared	
3393	1	76	00524c90				fallout shared/tesobjectweap.cpp	fallout shared	
3394	2	1	00559450						
3395	2	2	006629f0	BSFaceGenNiNode::GetAnimationData	vt	824994a8	fallout shared/facegen/bsfacegenninode.cpp	fallout shared/facegen	
3396	3	1	00559450						
3397	1	77	006652e0	BSTreeManager::Update	frame	8249cf10	fallout shared/speedtree/bstreemanager.cpp	fallout shared/speedtree	
3398	2	1	006815c0					fallout shared	
3399	2	2	0084d030				fallout/misc/saveload/bgssaveloadglobaldata.cpp	fallout/misc	
3400	2	3	00b07060				SpeedTree/speedtreert.cpp	SpeedTree	
3401	3	1	00b08ec0				SpeedTree/speedtreert.cpp	SpeedTree	
3402	2	4	0045bb80				fallout shared/tes.cpp	fallout shared	
3403	2	5	0045bb80				fallout shared/tes.cpp	fallout shared	
3404	2	6	0045bb80				fallout shared/tes.cpp	fallout shared	
3405	2	7	0045bba0				fallout shared/tes.cpp	fallout shared	
3406	3	1	006815c0					fallout shared	
3407	3	2	00439f50				fallout shared/multiboundmarkerdata.cpp	fallout shared	
3408	2	8	004a3760				fallout shared/bgsdecalmanager.cpp	fallout shared	
3409	3	1	00416870				fallout shared/extradatalist.cpp	fallout shared	
3410	2	9	00b06c10	CSpeedTreeRT::SetCamera	str	8296d930	SpeedTree/speedtreert.cpp	SpeedTree	
3411	3	1	00b08ec0				SpeedTree/speedtreert.cpp	SpeedTree	
3412	3	2	00b27080					SpeedTree	
3413	3	3	00b08ec0				SpeedTree/speedtreert.cpp	SpeedTree	
3414	3	4	00ec9610					LIBCMT	
3415	3	5	00b09270	CSpeedTreeRT::SetError	cg	829706e0	SpeedTree/speedtreert.cpp	SpeedTree	
3416	2	10	008d8520	MiddleHighProcess::GetSavedAcquireObject	vt	82a648c8	fallout/ai/highprocess.cpp	fallout/ai	
3417	2	11	005f36f0	ActorMover::GetPreferredMoveMode	vt	824c0938	fallout/ai/movement/actormover.cpp	fallout/ai	
3418	2	12	00664840						
3419	3	1	00664870						
3420	2	13	008d8520	MiddleHighProcess::GetSavedAcquireObject	vt	82a648c8	fallout/ai/highprocess.cpp	fallout/ai	
3421	2	14	004536e0				fallout shared/tes.cpp	fallout shared	
3422	2	15	00664840						
3423	3	1	00664870						
3424	2	16	00664840						
3425	3	1	00664870						
3426	2	17	00559450						
3427	2	18	008d8520	MiddleHighProcess::GetSavedAcquireObject	vt	82a648c8	fallout/ai/highprocess.cpp	fallout/ai	
3428	2	19	00450570				fallout shared/tes.cpp	fallout shared	
3429	3	1	0043b230				fallout shared/modelloader.cpp	fallout shared	
3430	2	20	008d8520	MiddleHighProcess::GetSavedAcquireObject	vt	82a648c8	fallout/ai/highprocess.cpp	fallout/ai	
3431	2	21	00450570				fallout shared/tes.cpp	fallout shared	
3432	3	1	0043b230				fallout shared/modelloader.cpp	fallout shared	
3433	2	22	00891170				fallout/ai/actor.cpp	fallout/ai	
3434	2	23	00664840						
3435	3	1	00664870						
3436	2	24	00559450						
3437	2	25	004534f0				fallout shared/tes.cpp	fallout shared	
3438	2	26	00664840						
3439	3	1	00664870						
3440	2	27	00559450						
3441	2	28	004534f0				fallout shared/tes.cpp	fallout shared	
3442	2	29	00664840						
3443	3	1	00664870						
3444	2	30	00559450						
3445	2	31	004bc450					fallout shared	
3446	3	1	004bc480					fallout shared	
3447	2	32	00664840						
3448	3	1	00664870						
3449	2	33	006658b0				fallout shared/speedtree/bstreemanager.cpp	fallout shared/speedtree	
3450	3	1	0084d030				fallout/misc/saveload/bgssaveloadglobaldata.cpp	fallout/misc	
3451	3	2	0063c600				fallout shared/sky/sky.cpp	fallout shared/sky	
3452	3	3	0057e960					fallout shared	
3453	3	4	00408840				fallout shared/magic/effectsetting.cpp	fallout shared/magic	
3454	3	5	00408840				fallout shared/magic/effectsetting.cpp	fallout shared/magic	
3455	3	6	00bb2fc0					BSShader	
3456	3	7	00403e20				fallout shared/magic/effectitem.cpp	fallout shared/magic	
3457	3	8	00403e20				fallout shared/magic/effectitem.cpp	fallout shared/magic	
3458	3	9	00403e20				fallout shared/magic/effectitem.cpp	fallout shared/magic	
3459	3	10	00403e20				fallout shared/magic/effectitem.cpp	fallout shared/magic	
3460	3	11	00403e20				fallout shared/magic/effectitem.cpp	fallout shared/magic	
3461	3	12	00403e20				fallout shared/magic/effectitem.cpp	fallout shared/magic	
3462	3	13	00403e20				fallout shared/magic/effectitem.cpp	fallout shared/magic	
3463	3	14	00403e20				fallout shared/magic/effectitem.cpp	fallout shared/magic	
3464	3	15	0084d030				fallout/misc/saveload/bgssaveloadglobaldata.cpp	fallout/misc	
3465	3	16	00403e20				fallout shared/magic/effectitem.cpp	fallout shared/magic	
3466	3	17	0084d030				fallout/misc/saveload/bgssaveloadglobaldata.cpp	fallout/misc	
3467	3	18	00403e20				fallout shared/magic/effectitem.cpp	fallout shared/magic	
3468	3	19	00bb1390					BSShader	
3469	2	34	0043d4d0				fallout shared/modelloader.cpp	fallout shared	
3470	2	35	00664720						
3471	2	36	00403e20				fallout shared/magic/effectitem.cpp	fallout shared/magic	
3472	2	37	00665520				fallout shared/speedtree/bstreemanager.cpp	fallout shared/speedtree	
3473	1	78	0086fbe0	Main::OnIdle_UpdateCurrentGridCell	frame	82693ec0	fallout/misc/main.cpp	fallout/misc	
3474	2	1	00436aa0				fallout shared/extradataobjects.cpp	fallout shared	
3475	2	2	00452580	TES::UpdateCurrentGridCell	str	822ac060	fallout shared/tes.cpp	fallout shared	
3476	3	1	0045bb80				fallout shared/tes.cpp	fallout shared	
3477	3	2	00470470						
3478	3	3	0045c840				fallout shared/tes.cpp	fallout shared	
3479	3	4	005f36f0	ActorMover::GetPreferredMoveMode	vt	824c0938	fallout/ai/movement/actormover.cpp	fallout/ai	
3480	3	5	0045c780				fallout shared/tes.cpp	fallout shared	
3481	3	6	0042ce10				fallout shared/extradatalist.cpp	fallout shared	
3482	3	7	00559450						
3483	3	8	00628da0						
3484	3	9	00457070	TES::GetCurrentCell	cg	822a5440	fallout shared/tes.cpp	fallout shared	
3485	3	10	00559450						
3486	3	11	006271b0	LoadedAreaBound::Update	align-sim	82462320			
3487	3	12	00406d90						
3488	3	13	00406d90						
3489	3	14	00457d70	TES::ShowLoadingMenu	frame	822a5e50	fallout shared/tes.cpp	fallout shared	
3490	3	15	004515a0				fallout shared/tes.cpp	fallout shared	
3491	3	16	00406d90						
3492	3	17	00406d90						
3493	3	18	0043d4d0				fallout shared/modelloader.cpp	fallout shared	
3494	3	19	00ec7d40						
3495	3	20	00ec7d40						
3496	3	21	0042ce10				fallout shared/extradatalist.cpp	fallout shared	
3497	3	22	00408d60						
3498	3	23	005f36f0	ActorMover::GetPreferredMoveMode	vt	824c0938	fallout/ai/movement/actormover.cpp	fallout/ai	
3499	3	24	00408d60						
3500	3	25	00454d50				fallout shared/tes.cpp	fallout shared	
3501	3	26	00452490	TES::CleanUpUnusedTextures	cg	822a2388	fallout shared/tes.cpp	fallout shared	
3502	3	27	0043d4d0				fallout shared/modelloader.cpp	fallout shared	
3503	3	28	004fd3e0	TES::GetWorldSpace	cg	82aa9780	fallout shared/tes.cpp	fallout shared	
3504	3	29	005283c0	ExteriorCellLoader::QueueCellLoad	cg	82366058	fallout shared/exteriorcellloader.cpp	fallout shared	
3505	3	30	004fd3e0	TES::GetWorldSpace	cg	82aa9780	fallout shared/tes.cpp	fallout shared	
3506	3	31	005283c0	ExteriorCellLoader::QueueCellLoad	cg	82366058	fallout shared/exteriorcellloader.cpp	fallout shared	
3507	3	32	004fd3e0	TES::GetWorldSpace	cg	82aa9780	fallout shared/tes.cpp	fallout shared	
3508	3	33	005283c0	ExteriorCellLoader::QueueCellLoad	cg	82366058	fallout shared/exteriorcellloader.cpp	fallout shared	
3509	3	34	00452e40				fallout shared/tes.cpp	fallout shared	
3510	3	35	00705e80	Interface::GetLoadingMenuVisible	cg	8253ee68	fallout/interface/interface.cpp	fallout/interface	
3511	3	36	005285a0				fallout shared/exteriorcellloader.cpp	fallout shared	
3512	3	37	0042ce10				fallout shared/extradatalist.cpp	fallout shared	
3513	3	38	004581e0				fallout shared/tes.cpp	fallout shared	
3514	3	39	0042ce10				fallout shared/extradatalist.cpp	fallout shared	
3515	3	40	00452e90				fallout shared/tes.cpp	fallout shared	
3516	3	41	00452dc0				fallout shared/tes.cpp	fallout shared	
3517	3	42	00452df0				fallout shared/tes.cpp	fallout shared	
3518	3	43	00ec7d40						
3519	3	44	00ec7d40						
3520	3	45	00452e70				fallout shared/tes.cpp	fallout shared	
3521	3	46	0045c840				fallout shared/tes.cpp	fallout shared	
3522	3	47	0045c780				fallout shared/tes.cpp	fallout shared	
3523	3	48	00528110				fallout shared/exteriorcellloader.cpp	fallout shared	
3524	3	49	005281f0	ExteriorCellLoader::TryCancelTasks	cg	82367aa8	fallout shared/exteriorcellloader.cpp	fallout shared	
3525	3	50	005282d0				fallout shared/exteriorcellloader.cpp	fallout shared	
3526	3	51	005f36f0	ActorMover::GetPreferredMoveMode	vt	824c0938	fallout/ai/movement/actormover.cpp	fallout/ai	
3527	3	52	00408d60						
3528	3	53	00454d50				fallout shared/tes.cpp	fallout shared	
3529	3	54	00452490	TES::CleanUpUnusedTextures	cg	822a2388	fallout shared/tes.cpp	fallout shared	
3530	3	55	004fd3e0	TES::GetWorldSpace	cg	82aa9780	fallout shared/tes.cpp	fallout shared	
3531	3	56	00460140				fallout shared/tesdatahandler.cpp	fallout shared	
3532	3	57	006815c0					fallout shared	
3533	3	58	00458200	TES::SetWorldSpace	cg	822a61d8	fallout shared/tes.cpp	fallout shared	
3534	3	59	00ec7d40						
3535	3	60	00ec7d40						
3536	3	61	00451010				fallout shared/tes.cpp	fallout shared	
3537	3	62	00451010				fallout shared/tes.cpp	fallout shared	
3538	3	63	00c6b540					BSHavok	
3539	3	64	00451010				fallout shared/tes.cpp	fallout shared	
3540	3	65	00c68f00				BSHavok/bhkworld.obj	BSHavok	
3541	3	66	00451010				fallout shared/tes.cpp	fallout shared	
3542	3	67	00c66310				BSHavok/bhkworld.obj	BSHavok	
3543	3	68	00451010				fallout shared/tes.cpp	fallout shared	
3544	3	69	005285a0				fallout shared/exteriorcellloader.cpp	fallout shared	
3545	3	70	00451010				fallout shared/tes.cpp	fallout shared	
3546	3	71	0068a830				fallout shared/tempeffects/bstempeffectparticle.cpp	fallout shared/tempeffects	
3547	3	72	00451010				fallout shared/tes.cpp	fallout shared	
3548	3	73	00c68f00				BSHavok/bhkworld.obj	BSHavok	
3549	3	74	00451010				fallout shared/tes.cpp	fallout shared	
3550	3	75	00c68f00				BSHavok/bhkworld.obj	BSHavok	
3551	3	76	00452ed0	TES::AllCellsInGridLoaded	cg	822a4290	fallout shared/tes.cpp	fallout shared	
3552	3	77	0042ce10				fallout shared/extradatalist.cpp	fallout shared	
3553	3	78	004581e0				fallout shared/tes.cpp	fallout shared	
3554	3	79	00ec7d40						
3555	3	80	00ec7d40						
3556	3	81	00457be0	TES::InitModelsToLoad	cg	822a90f0	fallout shared/tes.cpp	fallout shared	
3557	3	82	00451010				fallout shared/tes.cpp	fallout shared	
3558	3	83	00451010				fallout shared/tes.cpp	fallout shared	
3559	3	84	00c66300				BSHavok/bhkworld.obj	BSHavok	
3560	3	85	00452ff0	TES::GridArrayLoad	cg	822ab088	fallout shared/tes.cpp	fallout shared	
3561	3	86	00452e50				fallout shared/tes.cpp	fallout shared	
3562	3	87	00451010				fallout shared/tes.cpp	fallout shared	
3563	3	88	00451010				fallout shared/tes.cpp	fallout shared	
3564	3	89	00c6b540					BSHavok	
3565	3	90	00451010				fallout shared/tes.cpp	fallout shared	
3566	3	91	00c6b540					BSHavok	
3567	3	92	00452490	TES::CleanUpUnusedTextures	cg	822a2388	fallout shared/tes.cpp	fallout shared	
3568	3	93	0062f460	TESWaterListener::RefreshExteriorWaterHeights	align-sim	82467cd0	fallout shared/havok/teswaterlistener.cpp	fallout shared/havok	
3569	3	94	005f36f0	ActorMover::GetPreferredMoveMode	vt	824c0938	fallout/ai/movement/actormover.cpp	fallout/ai	
3570	3	95	00586170	TESWorldSpace::GetTerrainManager	cg	823c1b28	fallout shared/tesworldspace.cpp	fallout shared	
3571	3	96	006fca90	BGSTerrainManager::Update	cg	82538a20	fallout shared/distant terrain system/bgsterrainmanager.cpp	fallout shared/distant terrain system	
3572	3	97	00452e40				fallout shared/tes.cpp	fallout shared	
3573	2	3	00451530				fallout shared/tes.cpp	fallout shared	
3574	2	4	005f36f0	ActorMover::GetPreferredMoveMode	vt	824c0938	fallout/ai/movement/actormover.cpp	fallout/ai	
3575	2	5	00575d70	TESObjectREFR::GetWorldSpace	cg	8239ee90	fallout shared/tesobjectrefr.cpp	fallout shared	
3576	3	1	008d6f30					fallout/ai	
3577	3	2	0054ddd0	TESObjectCELL::GetWorldSpace	cg	82381c00	fallout shared/tesobjectcell.cpp	fallout shared	
3578	2	6	004fd3e0	TES::GetWorldSpace	cg	82aa9780	fallout shared/tes.cpp	fallout shared	
3579	1	79	0043d4d0				fallout shared/modelloader.cpp	fallout shared	
3580	1	80	0086fd70	Main::OnIdle_DoInterfaceIdle	frame	82693fb8	fallout/misc/main.cpp	fallout/misc	
3581	2	1	007027e0	Interface::PreIdleStuff	frame	8253d648	fallout/interface/interface.cpp	fallout/interface	
3582	3	1	004b7210				fallout shared/globalfunc.cpp	fallout shared	
3583	3	2	004b7210				fallout shared/globalfunc.cpp	fallout shared	
3584	3	3	009373f0				fallout/ai/modifierlist.cpp	fallout/ai	
3585	3	4	004b7210				fallout shared/globalfunc.cpp	fallout shared	
3586	3	5	0070b8f0	InterfaceManager::PreIdleStuff	cg	82546288	fallout/interface/interfacemanager.cpp	fallout/interface	
3587	2	2	00702810	Interface::Idle	frame	8253d670	fallout/interface/interface.cpp	fallout/interface	
3588	3	1	004b7210				fallout shared/globalfunc.cpp	fallout shared	
3589	3	2	004b7210				fallout shared/globalfunc.cpp	fallout shared	
3590	3	3	009373f0				fallout/ai/modifierlist.cpp	fallout/ai	
3591	3	4	004b7210				fallout shared/globalfunc.cpp	fallout shared	
3592	3	5	0070c4a0	InterfaceManager::Idle	str	8254ec10	fallout/interface/interfacemanager.cpp	fallout/interface	
3593	2	3	00702840	Interface::PostIdleStuff	frame	8253d698	fallout/interface/interface.cpp	fallout/interface	
3594	3	1	004b7210				fallout shared/globalfunc.cpp	fallout shared	
3595	3	2	004b7210				fallout shared/globalfunc.cpp	fallout shared	
3596	3	3	009373f0				fallout/ai/modifierlist.cpp	fallout/ai	
3597	3	4	004b7210				fallout shared/globalfunc.cpp	fallout shared	
3598	3	5	00711ea0	InterfaceManager::PostIdleStuff	align-sim	8254a590			
3599	1	81	00483710				fallout shared/tesform.cpp	fallout shared	
3600	1	82	0049fef0	BGSDecalManager::GetInstance	frame	822f1ea8		fallout shared	
3601	2	1	00401000						
3602	3	1	00401020						
3603	3	2	00aa3e40				BSCore/memorymanager.cpp	BSCore	
3604	2	2	0049fcd0					fallout shared	
3605	3	1	00633c90					fallout shared/sky	
3606	3	2	0048f200				fallout shared/animation.cpp	fallout shared	
3607	3	3	0048f200				fallout shared/animation.cpp	fallout shared	
3608	3	4	00633c90					fallout shared/sky	
3609	3	5	00633c90					fallout shared/sky	
3610	3	6	00aa13e0					NiSystem	
3611	3	7	00b660d0	BSShaderAccumulator::BSShaderAccumulator	cg	82a5b5b8	BSShader/bsshaderaccumulator.cpp	BSShader	
3612	3	8	0066b0d0					fallout shared/speedtree	
3613	3	9	00aa13e0					NiSystem	
3614	3	10	00a712f0				NiMain/nicamera.cpp	NiMain	
3615	3	11	0066b0d0					fallout shared/speedtree	
3616	1	83	0049fff0	BGSDecalManager::UpdateDecals	frame	822f2928		fallout shared	
3617	2	1	004a0010					fallout shared	
3618	2	2	004a0030	BGSDecalManager::UpdateSimpleDecals	str	822f0fc8	fallout shared/bgsdecalmanager.cpp	fallout shared	
3619	3	1	0044ddc0					fallout shared	
3620	3	2	0043c4b0				fallout shared/modelloader.cpp	fallout shared	
3621	3	3	004a0370				fallout shared/bgsdecalmanager.cpp	fallout shared	
3622	3	4	00559450						
3623	3	5	0057cbe0					fallout shared	
3624	3	6	00559450						
3625	3	7	004a04c0	BGSDecalManager::IssueDecalOcclusionQuery	str	822ef650	fallout shared/bgsdecalmanager.cpp	fallout shared	
3626	3	8	0068de30				fallout shared/tempeffects/bstempeffectsimpledecal.cpp	fallout shared/tempeffects	
3627	3	9	00408d60						
3628	3	10	004a0330				fallout shared/bgsdecalmanager.cpp	fallout shared	
3629	3	11	00413f40				fallout shared/extradatalist.cpp	fallout shared	
3630	3	12	0043b1b0				fallout shared/modelloader.cpp	fallout shared	
3631	3	13	005b5e40				fallout shared/tesscriptfunctions.cpp	fallout shared	
3632	3	14	00408d60						
3633	3	15	004a0330				fallout shared/bgsdecalmanager.cpp	fallout shared	
3634	3	16	00413f40				fallout shared/extradatalist.cpp	fallout shared	
3635	3	17	0043b1b0				fallout shared/modelloader.cpp	fallout shared	
3636	3	18	005b5e40				fallout shared/tesscriptfunctions.cpp	fallout shared	
3637	3	19	0068be90	BSTempEffectSimpleDecal::FinalizeGeometry	str	824be210	fallout shared/tempeffects/bstempeffectsimpledecal.cpp	fallout shared/tempeffects	
3638	3	20	004a0350				fallout shared/bgsdecalmanager.cpp	fallout shared	
3639	3	21	00408d60						
3640	3	22	004a0330				fallout shared/bgsdecalmanager.cpp	fallout shared	
3641	3	23	00413f40				fallout shared/extradatalist.cpp	fallout shared	
3642	3	24	0043b1b0				fallout shared/modelloader.cpp	fallout shared	
3643	3	25	005b5e40				fallout shared/tesscriptfunctions.cpp	fallout shared	
3644	3	26	00414430				fallout shared/extradatalist.cpp	fallout shared	
3645	3	27	0068dea0	BSTempEffectSimpleDecal::CreateDebugBox	str	824bea58	fallout shared/tempeffects/bstempeffectsimpledecal.cpp	fallout shared/tempeffects	
3646	3	28	00414430				fallout shared/extradatalist.cpp	fallout shared	
3647	3	29	0068dea0	BSTempEffectSimpleDecal::CreateDebugBox	str	824bea58	fallout shared/tempeffects/bstempeffectsimpledecal.cpp	fallout shared/tempeffects	
3648	3	30	00414430				fallout shared/extradatalist.cpp	fallout shared	
3649	3	31	0068dea0	BSTempEffectSimpleDecal::CreateDebugBox	str	824bea58	fallout shared/tempeffects/bstempeffectsimpledecal.cpp	fallout shared/tempeffects	
3650	3	32	00414430				fallout shared/extradatalist.cpp	fallout shared	
3651	3	33	0068dea0	BSTempEffectSimpleDecal::CreateDebugBox	str	824bea58	fallout shared/tempeffects/bstempeffectsimpledecal.cpp	fallout shared/tempeffects	
3652	3	34	004a4500					fallout shared	
3653	3	35	0045cec0						
3654	3	36	0043c4b0				fallout shared/modelloader.cpp	fallout shared	
3655	3	37	004a03c0				fallout shared/bgsdecalmanager.cpp	fallout shared	
3656	2	3	004a03f0	BGSDecalManager::UpdateDecalEmitters	align-gap	822f28a8	fallout shared/bgsdecalmanager.cpp	fallout shared	
3657	3	1	00559450						
3658	3	2	0057cbe0					fallout shared	
3659	3	3	004a2d50	BGSDecalEmitter::Update	align-sim	822f20a8	fallout shared/bgsdecalmanager.cpp	fallout shared	
3660	3	4	004f1540				fallout shared/region system/tesregiondata.cpp	fallout shared/region system	
3661	3	5	0049f590				fallout shared/bgsautowater.cpp	fallout shared	
3662	3	6	004a0490				fallout shared/bgsdecalmanager.cpp	fallout shared	
3663	1	84	00524c90				fallout shared/tesobjectweap.cpp	fallout shared	
3664	2	1	00559450						
3665	2	2	006629f0	BSFaceGenNiNode::GetAnimationData	vt	824994a8	fallout shared/facegen/bsfacegenninode.cpp	fallout shared/facegen	
3666	3	1	00559450						
3667	1	85	00712e60				fallout/interface/interfacemanager.cpp	fallout/interface	
3668	1	86	0044ddc0					fallout shared	
3669	1	87	00710ab0				fallout/interface/interfacemanager.cpp	fallout/interface	
3670	1	88	0045c670				fallout shared/tes.cpp	fallout shared	
3671	2	1	00559450						
3672	1	89	00c52020	BSSceneGraph::SetCameraFOV	cg	829e85e8	BSMain/bsscenegraph.obj	BSMain	
3673	2	1	00a71b70	NiFrustum::NiFrustum	cg	82e55098	NiMain/nifrustum.cpp	NiMain	
3674	2	2	004dee70						
3675	3	1	0084e3a0					fallout/misc	
3676	2	3	004dee10						
3677	3	1	0044ddc0					fallout shared	
3678	2	4	00eca590					LIBCMT	
3679	3	1	00edb898					LIBCMT	
3680	2	5	00eca590					LIBCMT	
3681	3	1	00edb898					LIBCMT	
3682	2	6	00eca590					LIBCMT	
3683	3	1	00edb898					LIBCMT	
3684	2	7	00eca590					LIBCMT	
3685	3	1	00edb898					LIBCMT	
3686	2	8	00a6faf0	NiCamera::SetViewFrustum	cg	82e51be8	NiMain/nicamera.cpp	NiMain	
3687	2	9	00a59c60					NiMain	
3688	1	90	00710ab0				fallout/interface/interfacemanager.cpp	fallout/interface	
3689	1	91	00b54000	BSShaderManager::SetFOV	frame	82a3e730	BSShader/bsshadermanager.cpp	BSShader	
3690	2	1	00eca0a0					LIBCMT	
3691	3	1	00ed9930					LIBCMT	
3692	3	2	00ed2808					LIBCMT	
3693	3	3	00eca0f8					LIBCMT	
3694	2	2	00ec9f70					LIBCMT	
3695	3	1	00ed9780					LIBCMT	
3696	3	2	00ed2808					LIBCMT	
3697	3	3	00ec9fc8					LIBCMT	
3698	2	3	00eca0a0					LIBCMT	
3699	3	1	00ed9930					LIBCMT	
3700	3	2	00ed2808					LIBCMT	
3701	3	3	00eca0f8					LIBCMT	
3702	2	4	00ec9f70					LIBCMT	
3703	3	1	00ed9780					LIBCMT	
3704	3	2	00ed2808					LIBCMT	
3705	3	3	00ec9fc8					LIBCMT	
3706	1	92	00559450						
3707	1	93	006629f0	BSFaceGenNiNode::GetAnimationData	vt	824994a8	fallout shared/facegen/bsfacegenninode.cpp	fallout shared/facegen	
3708	2	1	00559450						
3709	1	94	0045bc80	TES::ResetAllMultiBoundNodes	frame	822a7190	fallout shared/tes.cpp	fallout shared	
3710	2	1	00456fc0						
3711	3	1	00545cb0	TESObjectCELL::Get3D	cg	82383e48	fallout shared/tesobjectcell.cpp	fallout shared	
3712	3	2	0043b4a0				fallout shared/modelloader.cpp	fallout shared	
3713	2	2	0043b480				fallout shared/modelloader.cpp	fallout shared	
3714	3	1	00658930						
3715	2	3	0043b4a0				fallout shared/modelloader.cpp	fallout shared	
3716	3	1	00877a30				fallout/misc/main.cpp	fallout/misc	
3717	3	2	00559450						
3718	2	4	006629f0	BSFaceGenNiNode::GetAnimationData	vt	824994a8	fallout shared/facegen/bsfacegenninode.cpp	fallout shared/facegen	
3719	3	1	00559450						
3720	2	5	0043b230				fallout shared/modelloader.cpp	fallout shared	
3721	3	1	00559450						
3722	2	6	00528820				fallout shared/exteriorcellloader.cpp	fallout shared	
3723	2	7	004fd3e0	TES::GetWorldSpace	cg	82aa9780	fallout shared/tes.cpp	fallout shared	
3724	2	8	004fd3e0	TES::GetWorldSpace	cg	82aa9780	fallout shared/tes.cpp	fallout shared	
3725	2	9	00586170	TESWorldSpace::GetTerrainManager	cg	823c1b28	fallout shared/tesworldspace.cpp	fallout shared	
3726	3	1	00586390				fallout shared/tesworldspace.cpp	fallout shared	
3727	3	2	00586390				fallout shared/tesworldspace.cpp	fallout shared	
3728	3	3	00586170	TESWorldSpace::GetTerrainManager	cg	823c1b28	fallout shared/tesworldspace.cpp	fallout shared	recursive
3729	2	10	006fd130					fallout shared/distant terrain system	
3730	3	1	006fa860					fallout shared/distant terrain system	
3731	3	2	006f5840				fallout shared/distant terrain system/bgsdistantobjectblock.cpp	fallout shared/distant terrain system	
3732	2	11	0043d4d0				fallout shared/modelloader.cpp	fallout shared	
3733	2	12	0043d4d0				fallout shared/modelloader.cpp	fallout shared	
3734	2	13	004ba490	GridCellArray::Get	cg	82308ad8	fallout shared/gridcell.cpp	fallout shared	
3735	3	1	0084e3a0					fallout/misc	
3736	3	2	0084e3a0					fallout/misc	
3737	2	14	00456fc0						
3738	3	1	00545cb0	TESObjectCELL::Get3D	cg	82383e48	fallout shared/tesobjectcell.cpp	fallout shared	
3739	3	2	0043b4a0				fallout shared/modelloader.cpp	fallout shared	
3740	2	15	0043b480				fallout shared/modelloader.cpp	fallout shared	
3741	3	1	00658930						
3742	2	16	0043b4a0				fallout shared/modelloader.cpp	fallout shared	
3743	3	1	00877a30				fallout/misc/main.cpp	fallout/misc	
3744	3	2	00559450						
3745	2	17	006629f0	BSFaceGenNiNode::GetAnimationData	vt	824994a8	fallout shared/facegen/bsfacegenninode.cpp	fallout shared/facegen	
3746	3	1	00559450						
3747	2	18	0043b230				fallout shared/modelloader.cpp	fallout shared	
3748	3	1	00559450						
3749	2	19	00528820				fallout shared/exteriorcellloader.cpp	fallout shared	
3750	2	20	00456fc0						
3751	3	1	00545cb0	TESObjectCELL::Get3D	cg	82383e48	fallout shared/tesobjectcell.cpp	fallout shared	
3752	3	2	0043b4a0				fallout shared/modelloader.cpp	fallout shared	
3753	2	21	0043b480				fallout shared/modelloader.cpp	fallout shared	
3754	3	1	00658930						
3755	2	22	0043b4a0				fallout shared/modelloader.cpp	fallout shared	
3756	3	1	00877a30				fallout/misc/main.cpp	fallout/misc	
3757	3	2	00559450						
3758	2	23	006629f0	BSFaceGenNiNode::GetAnimationData	vt	824994a8	fallout shared/facegen/bsfacegenninode.cpp	fallout shared/facegen	
3759	3	1	00559450						
3760	2	24	0043b230				fallout shared/modelloader.cpp	fallout shared	
3761	3	1	00559450						
3762	2	25	00528820				fallout shared/exteriorcellloader.cpp	fallout shared	
3763	2	26	00450b80				fallout shared/tes.cpp	fallout shared	
3764	2	27	0045bc00				fallout shared/tes.cpp	fallout shared	
3765	3	1	00658930						
3766	3	2	00877a30				fallout/misc/main.cpp	fallout/misc	
3767	3	3	00559450						
3768	2	28	0043b480				fallout shared/modelloader.cpp	fallout shared	
3769	3	1	00658930						
3770	2	29	0043b4a0				fallout shared/modelloader.cpp	fallout shared	
3771	3	1	00877a30				fallout/misc/main.cpp	fallout/misc	
3772	3	2	00559450						
3773	2	30	006629f0	BSFaceGenNiNode::GetAnimationData	vt	824994a8	fallout shared/facegen/bsfacegenninode.cpp	fallout shared/facegen	
3774	3	1	00559450						
3775	2	31	0043b230				fallout shared/modelloader.cpp	fallout shared	
3776	3	1	00559450						
3777	2	32	00528820				fallout shared/exteriorcellloader.cpp	fallout shared	
3778	2	33	00450b80				fallout shared/tes.cpp	fallout shared	
3779	2	34	00454b30				fallout shared/tes.cpp	fallout shared	
3780	2	35	00450b80				fallout shared/tes.cpp	fallout shared	
3781	2	36	00454b30				fallout shared/tes.cpp	fallout shared	
3782	2	37	00413f40				fallout shared/extradatalist.cpp	fallout shared	
3783	2	38	00559450						
3784	2	39	00450b80				fallout shared/tes.cpp	fallout shared	
3785	2	40	00454b30				fallout shared/tes.cpp	fallout shared	
3786	2	41	00413f40				fallout shared/extradatalist.cpp	fallout shared	
3787	2	42	0057cbe0					fallout shared	
3788	2	43	0045c4a0				fallout shared/tes.cpp	fallout shared	
3789	2	44	00450b80				fallout shared/tes.cpp	fallout shared	
3790	2	45	00454b30				fallout shared/tes.cpp	fallout shared	
3791	2	46	00891170				fallout/ai/actor.cpp	fallout/ai	
3792	2	47	0076b610						
3793	2	48	00559450						
3794	2	49	0057cbe0					fallout shared	
3795	2	50	00559a40				fallout shared/tesobjectcell.cpp	fallout shared	
3796	3	1	0040f6e0					fallout shared	
3797	2	51	00559450						
3798	2	52	00559450						
3799	2	53	00559450						
3800	2	54	0045c570				fallout shared/tes.cpp	fallout shared	
3801	3	1	006629f0	BSFaceGenNiNode::GetAnimationData	vt	824994a8	fallout shared/facegen/bsfacegenninode.cpp	fallout shared/facegen	
3802	3	2	0043b230				fallout shared/modelloader.cpp	fallout shared	
3803	3	3	00403550				fallout shared/magic/alchemyitem.cpp	fallout shared/magic	
3804	3	4	00559450						
3805	3	5	0057cbe0					fallout shared	
3806	3	6	00559450						
3807	3	7	0043b230				fallout shared/modelloader.cpp	fallout shared	
3808	3	8	00403550				fallout shared/magic/alchemyitem.cpp	fallout shared/magic	
3809	2	55	00559450						
3810	2	56	0045c4e0				fallout shared/tes.cpp	fallout shared	
3811	3	1	0045c520				fallout shared/tes.cpp	fallout shared	
3812	2	57	00559450						
3813	2	58	006ab360					fallout shared/pathfinding	
3814	2	59	00559450						
3815	2	60	00559450						
3816	2	61	006ab360					fallout shared/pathfinding	
3817	2	62	0057cbe0					fallout shared	
3818	2	63	0045c4a0				fallout shared/tes.cpp	fallout shared	
3819	2	64	0045c4c0				fallout shared/tes.cpp	fallout shared	
3820	3	1	00559450						
3821	2	65	004f9bf0					fallout shared	
3822	2	66	0045c4c0				fallout shared/tes.cpp	fallout shared	
3823	3	1	00559450						
3824	2	67	004f9bf0					fallout shared	
3825	2	68	00c47980	BSCompoundFrustum::SetCamera	cg	829cbd60	BSMain/bscompoundfrustum.obj	BSMain	
3826	3	1	00a74e10	NiFrustumPlanes::Set	cg	82e58fe0	NiMain/nifrustumplanes.cpp	NiMain	
3827	2	69	00559450						
3828	2	70	00514f30				fallout shared/tesobjectbook.cpp	fallout shared	
3829	2	71	00559450						
3830	2	72	00559450						
3831	2	73	00514f30				fallout shared/tesobjectbook.cpp	fallout shared	
3832	2	74	0057cbe0					fallout shared	
3833	2	75	0045c4a0				fallout shared/tes.cpp	fallout shared	
3834	2	76	0045cec0						
3835	3	1	00401970						
3836	2	77	0070ec90	DetailedActorPathHandler::GetCurrentNodeIndex	vt	827f1958	fallout/ai/movement/detailedactorpathhandler.cpp	fallout/ai	
3837	2	78	0070ec90	DetailedActorPathHandler::GetCurrentNodeIndex	vt	827f1958	fallout/ai/movement/detailedactorpathhandler.cpp	fallout/ai	
3838	2	79	005a8080						
3839	2	80	00559450						
3840	2	81	0070ec90	DetailedActorPathHandler::GetCurrentNodeIndex	vt	827f1958	fallout/ai/movement/detailedactorpathhandler.cpp	fallout/ai	
3841	2	82	005a8080						
3842	2	83	007b52d0						
3843	2	84	0070ec90	DetailedActorPathHandler::GetCurrentNodeIndex	vt	827f1958	fallout/ai/movement/detailedactorpathhandler.cpp	fallout/ai	
3844	2	85	005a8080						
3845	2	86	006317a0						
3846	2	87	00559450						
3847	2	88	007b52d0						
3848	2	89	006317a0						
3849	2	90	007af430	BGSSaveFormBuffer::GetForm	vt	823391d0	fallout/misc/saveload/bgssaveformbuffer.cpp	fallout/misc	
3850	2	91	0043b4a0				fallout shared/modelloader.cpp	fallout shared	
3851	3	1	00877a30				fallout/misc/main.cpp	fallout/misc	
3852	3	2	00559450						
3853	2	92	0045bad0				fallout shared/tes.cpp	fallout shared	
3854	3	1	0045baf0				fallout shared/tes.cpp	fallout shared	
3855	2	93	0043b4a0				fallout shared/modelloader.cpp	fallout shared	
3856	3	1	00877a30				fallout/misc/main.cpp	fallout/misc	
3857	3	2	00559450						
3858	2	94	006629f0	BSFaceGenNiNode::GetAnimationData	vt	824994a8	fallout shared/facegen/bsfacegenninode.cpp	fallout shared/facegen	
3859	3	1	00559450						
3860	2	95	0043b230				fallout shared/modelloader.cpp	fallout shared	
3861	3	1	00559450						
3862	2	96	00528820				fallout shared/exteriorcellloader.cpp	fallout shared	
3863	2	97	0070ec90	DetailedActorPathHandler::GetCurrentNodeIndex	vt	827f1958	fallout/ai/movement/detailedactorpathhandler.cpp	fallout/ai	
3864	2	98	006733e0	LowProcess::GetSecondGenericLocation	vt	82636af8	fallout/ai/highprocess.cpp	fallout/ai	
3865	2	99	00559450						
3866	2	100	007b52d0						
3867	2	101	006317a0						
3868	2	102	007af430	BGSSaveFormBuffer::GetForm	vt	823391d0	fallout/misc/saveload/bgssaveformbuffer.cpp	fallout/misc	
3869	2	103	0043b4a0				fallout shared/modelloader.cpp	fallout shared	
3870	3	1	00877a30				fallout/misc/main.cpp	fallout/misc	
3871	3	2	00559450						
3872	2	104	0045bad0				fallout shared/tes.cpp	fallout shared	
3873	3	1	0045baf0				fallout shared/tes.cpp	fallout shared	
3874	2	105	0043b4a0				fallout shared/modelloader.cpp	fallout shared	
3875	3	1	00877a30				fallout/misc/main.cpp	fallout/misc	
3876	3	2	00559450						
3877	2	106	006629f0	BSFaceGenNiNode::GetAnimationData	vt	824994a8	fallout shared/facegen/bsfacegenninode.cpp	fallout shared/facegen	
3878	3	1	00559450						
3879	2	107	0043b230				fallout shared/modelloader.cpp	fallout shared	
3880	3	1	00559450						
3881	2	108	00528820				fallout shared/exteriorcellloader.cpp	fallout shared	
3882	1	95	00450b80				fallout shared/tes.cpp	fallout shared	
3883	1	96	00b5ac90	ShadowSceneNode::UpdateOcclusionPlaneVisibility	cg	82a4bfd8	BSShader/shadowscenenode.cpp	BSShader	
3884	2	1	00a69400				NiMain/nicullingprocess.cpp	NiMain	
3885	3	1	00a71b80				NiMain/nifrustum.cpp	NiMain	
3886	3	2	00a69940	NiPlane::NiPlane	cg	82e452d8	NiMain/niplane.cpp	NiMain	
3887	2	2	00a694a0				NiMain/nicullingprocess.cpp	NiMain	
3888	3	1	00a74e10	NiFrustumPlanes::Set	cg	82e58fe0	NiMain/nifrustumplanes.cpp	NiMain	
3889	2	3	00a69940	NiPlane::NiPlane	cg	82e452d8	NiMain/niplane.cpp	NiMain	
3890	2	4	00c33cf0	BSOcclusionPlane::WithinFrustum	cg	829b6128	BSMain/bsocclusionplane.obj	BSMain	
3891	3	1	00c35c10	BSOcclusionPlane::GetVertices	cg	829b5c40	BSMain/bsocclusionplane.obj	BSMain	
3892	3	2	0049da80				fallout shared/bgsautowater.cpp	fallout shared	
3893	3	3	00c35ae0				BSMain/bsocclusionplane.obj	BSMain	
3894	3	4	00c35ae0				BSMain/bsocclusionplane.obj	BSMain	
3895	3	5	00c35ae0				BSMain/bsocclusionplane.obj	BSMain	
3896	3	6	00c35ae0				BSMain/bsocclusionplane.obj	BSMain	
3897	3	7	00c35ae0				BSMain/bsocclusionplane.obj	BSMain	
3898	3	8	00c35ae0				BSMain/bsocclusionplane.obj	BSMain	
3899	3	9	00439ef0				fallout shared/multiboundmarkerdata.cpp	fallout shared	
3900	3	10	004b6190	NiPoint3::Dot	cg	822ff4e0	fallout shared/tempeffects/bstempeffectgeometrydecal.cpp	fallout shared/tempeffects	
3901	3	11	00ec6cde	fabs	cg	82b17a80	fallout shared/magic/effectsetting.cpp	fallout shared/magic	
3902	3	12	004b6190	NiPoint3::Dot	cg	822ff4e0	fallout shared/tempeffects/bstempeffectgeometrydecal.cpp	fallout shared/tempeffects	
3903	3	13	00ec6cde	fabs	cg	82b17a80	fallout shared/magic/effectsetting.cpp	fallout shared/magic	
3904	2	5	00c358a0	BSOcclusionPlane::ViewerOnCorrectSide	cg	829b8d60	BSMain/bsocclusionplane.obj	BSMain	
3905	3	1	0045c620	NiFrustumPlanes::NiFrustumPlanes	cg	822a1af8	fallout shared/tes.cpp	fallout shared	
3906	3	2	00c33870	BSOcclusionPlane::GetFrustumPlanes	cg	829b5518	BSMain/bsocclusionplane.obj	BSMain	
3907	3	3	00c35c10	BSOcclusionPlane::GetVertices	cg	829b5c40	BSMain/bsocclusionplane.obj	BSMain	
3908	3	4	00a699d0	NiPlane::NiPlane_ov4	cg	82e453d8	NiMain/niplane.cpp	NiMain	
3909	3	5	0049da80				fallout shared/bgsautowater.cpp	fallout shared	
3910	2	6	00a693e0					NiMain	
3911	1	97	0045b070	TES::UpdateMultiBoundVisibility	frame	822a9cc0	fallout shared/tes.cpp	fallout shared	
3912	2	1	00483710				fallout shared/tesform.cpp	fallout shared	
3913	2	2	00a69400				NiMain/nicullingprocess.cpp	NiMain	
3914	3	1	00a71b80				NiMain/nifrustum.cpp	NiMain	
3915	3	2	00a69940	NiPlane::NiPlane	cg	82e452d8	NiMain/niplane.cpp	NiMain	
3916	2	3	0041fd00	NonActorMagicCaster::SetCurrentSpell	vt	826569e0	fallout/magic/nonactormagiccaster.cpp	fallout/magic	
3917	2	4	0045bbe0				fallout shared/tes.cpp	fallout shared	
3918	2	5	00a694a0				NiMain/nicullingprocess.cpp	NiMain	
3919	3	1	00a74e10	NiFrustumPlanes::Set	cg	82e58fe0	NiMain/nifrustumplanes.cpp	NiMain	
3920	2	6	0045bb80				fallout shared/tes.cpp	fallout shared	
3921	2	7	00450b80				fallout shared/tes.cpp	fallout shared	
3922	2	8	00456fc0						
3923	3	1	00545cb0	TESObjectCELL::Get3D	cg	82383e48	fallout shared/tesobjectcell.cpp	fallout shared	
3924	3	2	0043b4a0				fallout shared/modelloader.cpp	fallout shared	
3925	2	9	0043b480				fallout shared/modelloader.cpp	fallout shared	
3926	3	1	00658930						
3927	2	10	0043b4a0				fallout shared/modelloader.cpp	fallout shared	
3928	3	1	00877a30				fallout/misc/main.cpp	fallout/misc	
3929	3	2	00559450						
3930	2	11	00b5bbe0				BSShader/shadowscenenode.cpp	BSShader	
3931	3	1	00c47150	BSMultiBoundNode::VisibleAgainstActiveOccluders	cg	829d1aa0	BSMain/bsmultiboundnode.obj	BSMain	
3932	2	12	004fd3e0	TES::GetWorldSpace	cg	82aa9780	fallout shared/tes.cpp	fallout shared	
3933	2	13	004fd3e0	TES::GetWorldSpace	cg	82aa9780	fallout shared/tes.cpp	fallout shared	
3934	2	14	00586170	TESWorldSpace::GetTerrainManager	cg	823c1b28	fallout shared/tesworldspace.cpp	fallout shared	
3935	3	1	00586390				fallout shared/tesworldspace.cpp	fallout shared	
3936	3	2	00586390				fallout shared/tesworldspace.cpp	fallout shared	
3937	3	3	00586170	TESWorldSpace::GetTerrainManager	cg	823c1b28	fallout shared/tesworldspace.cpp	fallout shared	recursive
3938	2	15	006fd080					fallout shared/distant terrain system	
3939	3	1	00a69400				NiMain/nicullingprocess.cpp	NiMain	
3940	3	2	0041fd00	NonActorMagicCaster::SetCurrentSpell	vt	826569e0	fallout/magic/nonactormagiccaster.cpp	fallout/magic	
3941	3	3	0045bbe0				fallout shared/tes.cpp	fallout shared	
3942	3	4	00a694a0				NiMain/nicullingprocess.cpp	NiMain	
3943	3	5	006fa6d0					fallout shared/distant terrain system	
3944	3	6	006f5840				fallout shared/distant terrain system/bgsdistantobjectblock.cpp	fallout shared/distant terrain system	
3945	3	7	00a693e0					NiMain	
3946	2	16	0043d4d0				fallout shared/modelloader.cpp	fallout shared	
3947	2	17	0043d4d0				fallout shared/modelloader.cpp	fallout shared	
3948	2	18	004ba490	GridCellArray::Get	cg	82308ad8	fallout shared/gridcell.cpp	fallout shared	
3949	3	1	0084e3a0					fallout/misc	
3950	3	2	0084e3a0					fallout/misc	
3951	2	19	00456fc0						
3952	3	1	00545cb0	TESObjectCELL::Get3D	cg	82383e48	fallout shared/tesobjectcell.cpp	fallout shared	
3953	3	2	0043b4a0				fallout shared/modelloader.cpp	fallout shared	
3954	2	20	0043b480				fallout shared/modelloader.cpp	fallout shared	
3955	3	1	00658930						
3956	2	21	0043b4a0				fallout shared/modelloader.cpp	fallout shared	
3957	3	1	00877a30				fallout/misc/main.cpp	fallout/misc	
3958	3	2	00559450						
3959	2	22	00b5bbe0				BSShader/shadowscenenode.cpp	BSShader	
3960	3	1	00c47150	BSMultiBoundNode::VisibleAgainstActiveOccluders	cg	829d1aa0	BSMain/bsmultiboundnode.obj	BSMain	
3961	2	23	00456fc0						
3962	3	1	00545cb0	TESObjectCELL::Get3D	cg	82383e48	fallout shared/tesobjectcell.cpp	fallout shared	
3963	3	2	0043b4a0				fallout shared/modelloader.cpp	fallout shared	
3964	2	24	0043b480				fallout shared/modelloader.cpp	fallout shared	
3965	3	1	00658930						
3966	2	25	0043b4a0				fallout shared/modelloader.cpp	fallout shared	
3967	3	1	00877a30				fallout/misc/main.cpp	fallout/misc	
3968	3	2	00559450						
3969	2	26	00b5bbe0				BSShader/shadowscenenode.cpp	BSShader	
3970	3	1	00c47150	BSMultiBoundNode::VisibleAgainstActiveOccluders	cg	829d1aa0	BSMain/bsmultiboundnode.obj	BSMain	
3971	2	27	0045bc00				fallout shared/tes.cpp	fallout shared	
3972	3	1	00658930						
3973	3	2	00877a30				fallout/misc/main.cpp	fallout/misc	
3974	3	3	00559450						
3975	2	28	0043b480				fallout shared/modelloader.cpp	fallout shared	
3976	3	1	00658930						
3977	2	29	0043b4a0				fallout shared/modelloader.cpp	fallout shared	
3978	3	1	00877a30				fallout/misc/main.cpp	fallout/misc	
3979	3	2	00559450						
3980	2	30	00b5bbe0				BSShader/shadowscenenode.cpp	BSShader	
3981	3	1	00c47150	BSMultiBoundNode::VisibleAgainstActiveOccluders	cg	829d1aa0	BSMain/bsmultiboundnode.obj	BSMain	
3982	2	31	0070ec90	DetailedActorPathHandler::GetCurrentNodeIndex	vt	827f1958	fallout/ai/movement/detailedactorpathhandler.cpp	fallout/ai	
3983	2	32	0070ec90	DetailedActorPathHandler::GetCurrentNodeIndex	vt	827f1958	fallout/ai/movement/detailedactorpathhandler.cpp	fallout/ai	
3984	2	33	005a8080						
3985	2	34	00559450						
3986	2	35	0070ec90	DetailedActorPathHandler::GetCurrentNodeIndex	vt	827f1958	fallout/ai/movement/detailedactorpathhandler.cpp	fallout/ai	
3987	2	36	005a8080						
3988	2	37	007b52d0						
3989	2	38	0070ec90	DetailedActorPathHandler::GetCurrentNodeIndex	vt	827f1958	fallout/ai/movement/detailedactorpathhandler.cpp	fallout/ai	
3990	2	39	005a8080						
3991	2	40	006317a0						
3992	2	41	00559450						
3993	2	42	007b52d0						
3994	2	43	006317a0						
3995	2	44	007af430	BGSSaveFormBuffer::GetForm	vt	823391d0	fallout/misc/saveload/bgssaveformbuffer.cpp	fallout/misc	
3996	2	45	0043b4a0				fallout shared/modelloader.cpp	fallout shared	
3997	3	1	00877a30				fallout/misc/main.cpp	fallout/misc	
3998	3	2	00559450						
3999	2	46	0045bad0				fallout shared/tes.cpp	fallout shared	
4000	3	1	0045baf0				fallout shared/tes.cpp	fallout shared	
4001	2	47	0043b4a0				fallout shared/modelloader.cpp	fallout shared	
4002	3	1	00877a30				fallout/misc/main.cpp	fallout/misc	
4003	3	2	00559450						
4004	2	48	00b5bbe0				BSShader/shadowscenenode.cpp	BSShader	
4005	3	1	00c47150	BSMultiBoundNode::VisibleAgainstActiveOccluders	cg	829d1aa0	BSMain/bsmultiboundnode.obj	BSMain	
4006	2	49	0070ec90	DetailedActorPathHandler::GetCurrentNodeIndex	vt	827f1958	fallout/ai/movement/detailedactorpathhandler.cpp	fallout/ai	
4007	2	50	006733e0	LowProcess::GetSecondGenericLocation	vt	82636af8	fallout/ai/highprocess.cpp	fallout/ai	
4008	2	51	00559450						
4009	2	52	007b52d0						
4010	2	53	006317a0						
4011	2	54	007af430	BGSSaveFormBuffer::GetForm	vt	823391d0	fallout/misc/saveload/bgssaveformbuffer.cpp	fallout/misc	
4012	2	55	0043b4a0				fallout shared/modelloader.cpp	fallout shared	
4013	3	1	00877a30				fallout/misc/main.cpp	fallout/misc	
4014	3	2	00559450						
4015	2	56	0045bad0				fallout shared/tes.cpp	fallout shared	
4016	3	1	0045baf0				fallout shared/tes.cpp	fallout shared	
4017	2	57	0043b4a0				fallout shared/modelloader.cpp	fallout shared	
4018	3	1	00877a30				fallout/misc/main.cpp	fallout/misc	
4019	3	2	00559450						
4020	2	58	00b5bbe0				BSShader/shadowscenenode.cpp	BSShader	
4021	3	1	00c47150	BSMultiBoundNode::VisibleAgainstActiveOccluders	cg	829d1aa0	BSMain/bsmultiboundnode.obj	BSMain	
4022	2	59	00450b80				fallout shared/tes.cpp	fallout shared	
4023	2	60	00454b30				fallout shared/tes.cpp	fallout shared	
4024	2	61	00450b80				fallout shared/tes.cpp	fallout shared	
4025	2	62	00454b30				fallout shared/tes.cpp	fallout shared	
4026	2	63	0045bc60				fallout shared/tes.cpp	fallout shared	
4027	3	1	004a4650					fallout shared	
4028	2	64	00450b80				fallout shared/tes.cpp	fallout shared	
4029	2	65	00454b30				fallout shared/tes.cpp	fallout shared	
4030	2	66	0056c7f0				fallout shared/tesobjectrefr.cpp	fallout shared	
4031	3	1	00559450						
4032	2	67	00633c90					fallout shared/sky	
4033	3	1	0040f6e0					fallout shared	
4034	2	68	0045bbe0				fallout shared/tes.cpp	fallout shared	
4035	2	69	0045bba0				fallout shared/tes.cpp	fallout shared	
4036	3	1	006815c0					fallout shared	
4037	3	2	00439f50				fallout shared/multiboundmarkerdata.cpp	fallout shared	
4038	2	70	0045bb20				fallout shared/tes.cpp	fallout shared	
4039	3	1	00416870				fallout shared/extradatalist.cpp	fallout shared	
4040	2	71	0045bb80				fallout shared/tes.cpp	fallout shared	
4041	2	72	00439e90				fallout shared/multiboundmarkerdata.cpp	fallout shared	
4042	3	1	00416870				fallout shared/extradatalist.cpp	fallout shared	
4043	2	73	00559450						
4044	2	74	00559450						
4045	2	75	0066b0d0					fallout shared/speedtree	
4046	3	1	00401970						
4047	3	2	0040f6e0					fallout shared	
4048	2	76	005d8a70				fallout shared/tesscriptfunctions.cpp	fallout shared	
4049	2	77	0084e3a0					fallout/misc	
4050	2	78	00559450						
4051	2	79	00b5f170	ShadowSceneNode::UpdateRoomAndPortalVisibility	align-sim	82a551a8	BSShader/shadowscenenode.cpp	BSShader	
4052	3	1	00c47980	BSCompoundFrustum::SetCamera	cg	829cbd60	BSMain/bscompoundfrustum.obj	BSMain	
4053	3	2	00c344c0	BSOcclusionPlane::WithinFrustumDistFirst	align-sim	829b6ce8	BSMain/bsocclusionplane.obj	BSMain	
4054	3	3	00c47a00				BSMain/bscompoundfrustum.obj	BSMain	
4055	3	4	00c47d20	BSCompoundFrustum::AddOcclusionPlane	cg	829cc288	BSMain/bscompoundfrustum.obj	BSMain	
4056	3	5	00c47ae0	BSCompoundFrustum::EndGroup	cg	829cbf50	BSMain/bscompoundfrustum.obj	BSMain	
4057	3	6	0043a010	NiTPointerListBase<NiTPointerAllocator<unsigned_int>_char_P>::AddHead	cg	828b0818	NiXenonRenderer/nid3dshaderprogramfactory.cpp	NiXenonRenderer	
4058	3	7	00aa3e40				BSCore/memorymanager.cpp	BSCore	
4059	3	8	00c47660	BSCompoundFrustum::BSCompoundFrustum	cg	829cb998	BSMain/bscompoundfrustum.obj	BSMain	
4060	3	9	00c47980	BSCompoundFrustum::SetCamera	cg	829cbd60	BSMain/bscompoundfrustum.obj	BSMain	
4061	3	10	00c344c0	BSOcclusionPlane::WithinFrustumDistFirst	align-sim	829b6ce8	BSMain/bsocclusionplane.obj	BSMain	
4062	3	11	00c47a00				BSMain/bscompoundfrustum.obj	BSMain	
4063	3	12	00c47d20	BSCompoundFrustum::AddOcclusionPlane	cg	829cc288	BSMain/bscompoundfrustum.obj	BSMain	
4064	3	13	00c47ae0	BSCompoundFrustum::EndGroup	cg	829cbf50	BSMain/bscompoundfrustum.obj	BSMain	
4065	3	14	0045c4e0				fallout shared/tes.cpp	fallout shared	
4066	3	15	0043a010	NiTPointerListBase<NiTPointerAllocator<unsigned_int>_char_P>::AddHead	cg	828b0818	NiXenonRenderer/nid3dshaderprogramfactory.cpp	NiXenonRenderer	
4067	3	16	0040fbf0					fallout shared	
4068	3	17	00b5c6e0				BSShader/shadowscenenode.cpp	BSShader	
4069	3	18	00c49850	BSCompoundFrustum::PrethreadOpList	str	829ce348	BSMain/bscompoundfrustum.obj	BSMain	
4070	3	19	00c49560	BSCompoundFrustum::ProcessPlane	align-sim	829cded8	BSMain/bscompoundfrustum.obj	BSMain	
4071	3	20	0040fbf0					fallout shared	
4072	3	21	0043a080						
4073	3	22	00c48b90				BSMain/bscompoundfrustum.obj	BSMain	
4074	3	23	00c47a00				BSMain/bscompoundfrustum.obj	BSMain	
4075	3	24	00c48800	BSCompoundFrustum::AddCompoundFrustum	cg	829cce70	BSMain/bscompoundfrustum.obj	BSMain	
4076	3	25	00c47b50	BSCompoundFrustum::AddPortal	align-sim	829cbff8	BSMain/bscompoundfrustum.obj	BSMain	
4077	3	26	00c49560	BSCompoundFrustum::ProcessPlane	align-sim	829cded8	BSMain/bscompoundfrustum.obj	BSMain	
4078	3	27	00c47d20	BSCompoundFrustum::AddOcclusionPlane	cg	829cc288	BSMain/bscompoundfrustum.obj	BSMain	
4079	3	28	00c47ae0	BSCompoundFrustum::EndGroup	cg	829cbf50	BSMain/bscompoundfrustum.obj	BSMain	
4080	3	29	00aa3e40				BSCore/memorymanager.cpp	BSCore	
4081	3	30	00c47660	BSCompoundFrustum::BSCompoundFrustum	cg	829cb998	BSMain/bscompoundfrustum.obj	BSMain	
4082	3	31	00c47980	BSCompoundFrustum::SetCamera	cg	829cbd60	BSMain/bscompoundfrustum.obj	BSMain	
4083	3	32	00c47a00				BSMain/bscompoundfrustum.obj	BSMain	
4084	3	33	00c47660	BSCompoundFrustum::BSCompoundFrustum	cg	829cb998	BSMain/bscompoundfrustum.obj	BSMain	
4085	3	34	00c48db0	BSCompoundFrustum::BuildForPortal	cg	829cd580	BSMain/bscompoundfrustum.obj	BSMain	
4086	3	35	00c48800	BSCompoundFrustum::AddCompoundFrustum	cg	829cce70	BSMain/bscompoundfrustum.obj	BSMain	
4087	3	36	00c47770	BSCompoundFrustum::~BSCompoundFrustum	cg	829cbad8	BSMain/bscompoundfrustum.obj	BSMain	
4088	3	37	00c47b50	BSCompoundFrustum::AddPortal	align-sim	829cbff8	BSMain/bscompoundfrustum.obj	BSMain	
4089	3	38	00c49560	BSCompoundFrustum::ProcessPlane	align-sim	829cded8	BSMain/bscompoundfrustum.obj	BSMain	
4090	3	39	00c47d20	BSCompoundFrustum::AddOcclusionPlane	cg	829cc288	BSMain/bscompoundfrustum.obj	BSMain	
4091	3	40	00c47980	BSCompoundFrustum::SetCamera	cg	829cbd60	BSMain/bscompoundfrustum.obj	BSMain	
4092	3	41	00c47ae0	BSCompoundFrustum::EndGroup	cg	829cbf50	BSMain/bscompoundfrustum.obj	BSMain	
4093	3	42	00b5aa00					BSShader	
4094	3	43	0045c4e0				fallout shared/tes.cpp	fallout shared	
4095	3	44	00c47a00				BSMain/bscompoundfrustum.obj	BSMain	
4096	3	45	00c47660	BSCompoundFrustum::BSCompoundFrustum	cg	829cb998	BSMain/bscompoundfrustum.obj	BSMain	
4097	3	46	00c48db0	BSCompoundFrustum::BuildForPortal	cg	829cd580	BSMain/bscompoundfrustum.obj	BSMain	
4098	3	47	00c48800	BSCompoundFrustum::AddCompoundFrustum	cg	829cce70	BSMain/bscompoundfrustum.obj	BSMain	
4099	3	48	00c47770	BSCompoundFrustum::~BSCompoundFrustum	cg	829cbad8	BSMain/bscompoundfrustum.obj	BSMain	
4100	3	49	00c47b50	BSCompoundFrustum::AddPortal	align-sim	829cbff8	BSMain/bscompoundfrustum.obj	BSMain	
4101	3	50	00c49560	BSCompoundFrustum::ProcessPlane	align-sim	829cded8	BSMain/bscompoundfrustum.obj	BSMain	
4102	3	51	00c47d20	BSCompoundFrustum::AddOcclusionPlane	cg	829cc288	BSMain/bscompoundfrustum.obj	BSMain	
4103	3	52	00c47ae0	BSCompoundFrustum::EndGroup	cg	829cbf50	BSMain/bscompoundfrustum.obj	BSMain	
4104	3	53	00b5aa00					BSShader	
4105	3	54	00c48b90				BSMain/bscompoundfrustum.obj	BSMain	
4106	3	55	00c47a00				BSMain/bscompoundfrustum.obj	BSMain	
4107	3	56	00c48800	BSCompoundFrustum::AddCompoundFrustum	cg	829cce70	BSMain/bscompoundfrustum.obj	BSMain	
4108	3	57	00c47b50	BSCompoundFrustum::AddPortal	align-sim	829cbff8	BSMain/bscompoundfrustum.obj	BSMain	
4109	3	58	00c49560	BSCompoundFrustum::ProcessPlane	align-sim	829cded8	BSMain/bscompoundfrustum.obj	BSMain	
4110	3	59	00c47d20	BSCompoundFrustum::AddOcclusionPlane	cg	829cc288	BSMain/bscompoundfrustum.obj	BSMain	
4111	3	60	00c47ae0	BSCompoundFrustum::EndGroup	cg	829cbf50	BSMain/bscompoundfrustum.obj	BSMain	
4112	3	61	00c47ae0	BSCompoundFrustum::EndGroup	cg	829cbf50	BSMain/bscompoundfrustum.obj	BSMain	
4113	3	62	00b71300	NiTPointerListBase<NiTPointerAllocator<unsigned_int>_char_P>::RemoveAll	cg	82901930	NiXenonRenderer/nid3dshaderprogramfactory.cpp	NiXenonRenderer	
4114	3	63	00b71300	NiTPointerListBase<NiTPointerAllocator<unsigned_int>_char_P>::RemoveAll	cg	82901930	NiXenonRenderer/nid3dshaderprogramfactory.cpp	NiXenonRenderer	
4115	2	80	00559450						
4116	2	81	00454b30				fallout shared/tes.cpp	fallout shared	
4117	2	82	00891170				fallout/ai/actor.cpp	fallout/ai	
4118	2	83	0076b610						
4119	2	84	00559450						
4120	2	85	0057cbe0					fallout shared	
4121	2	86	00559450						
4122	2	87	005d8a70				fallout shared/tesscriptfunctions.cpp	fallout shared	
4123	2	88	0084e3a0					fallout/misc	
4124	2	89	00b5f170	ShadowSceneNode::UpdateRoomAndPortalVisibility	align-sim	82a551a8	BSShader/shadowscenenode.cpp	BSShader	
4125	3	1	00c47980	BSCompoundFrustum::SetCamera	cg	829cbd60	BSMain/bscompoundfrustum.obj	BSMain	
4126	3	2	00c344c0	BSOcclusionPlane::WithinFrustumDistFirst	align-sim	829b6ce8	BSMain/bsocclusionplane.obj	BSMain	
4127	3	3	00c47a00				BSMain/bscompoundfrustum.obj	BSMain	
4128	3	4	00c47d20	BSCompoundFrustum::AddOcclusionPlane	cg	829cc288	BSMain/bscompoundfrustum.obj	BSMain	
4129	3	5	00c47ae0	BSCompoundFrustum::EndGroup	cg	829cbf50	BSMain/bscompoundfrustum.obj	BSMain	
4130	3	6	0043a010	NiTPointerListBase<NiTPointerAllocator<unsigned_int>_char_P>::AddHead	cg	828b0818	NiXenonRenderer/nid3dshaderprogramfactory.cpp	NiXenonRenderer	
4131	3	7	00aa3e40				BSCore/memorymanager.cpp	BSCore	
4132	3	8	00c47660	BSCompoundFrustum::BSCompoundFrustum	cg	829cb998	BSMain/bscompoundfrustum.obj	BSMain	
4133	3	9	00c47980	BSCompoundFrustum::SetCamera	cg	829cbd60	BSMain/bscompoundfrustum.obj	BSMain	
4134	3	10	00c344c0	BSOcclusionPlane::WithinFrustumDistFirst	align-sim	829b6ce8	BSMain/bsocclusionplane.obj	BSMain	
4135	3	11	00c47a00				BSMain/bscompoundfrustum.obj	BSMain	
4136	3	12	00c47d20	BSCompoundFrustum::AddOcclusionPlane	cg	829cc288	BSMain/bscompoundfrustum.obj	BSMain	
4137	3	13	00c47ae0	BSCompoundFrustum::EndGroup	cg	829cbf50	BSMain/bscompoundfrustum.obj	BSMain	
4138	3	14	0045c4e0				fallout shared/tes.cpp	fallout shared	
4139	3	15	0043a010	NiTPointerListBase<NiTPointerAllocator<unsigned_int>_char_P>::AddHead	cg	828b0818	NiXenonRenderer/nid3dshaderprogramfactory.cpp	NiXenonRenderer	
4140	3	16	0040fbf0					fallout shared	
4141	3	17	00b5c6e0				BSShader/shadowscenenode.cpp	BSShader	
4142	3	18	00c49850	BSCompoundFrustum::PrethreadOpList	str	829ce348	BSMain/bscompoundfrustum.obj	BSMain	
4143	3	19	00c49560	BSCompoundFrustum::ProcessPlane	align-sim	829cded8	BSMain/bscompoundfrustum.obj	BSMain	
4144	3	20	0040fbf0					fallout shared	
4145	3	21	0043a080						
4146	3	22	00c48b90				BSMain/bscompoundfrustum.obj	BSMain	
4147	3	23	00c47a00				BSMain/bscompoundfrustum.obj	BSMain	
4148	3	24	00c48800	BSCompoundFrustum::AddCompoundFrustum	cg	829cce70	BSMain/bscompoundfrustum.obj	BSMain	
4149	3	25	00c47b50	BSCompoundFrustum::AddPortal	align-sim	829cbff8	BSMain/bscompoundfrustum.obj	BSMain	
4150	3	26	00c49560	BSCompoundFrustum::ProcessPlane	align-sim	829cded8	BSMain/bscompoundfrustum.obj	BSMain	
4151	3	27	00c47d20	BSCompoundFrustum::AddOcclusionPlane	cg	829cc288	BSMain/bscompoundfrustum.obj	BSMain	
4152	3	28	00c47ae0	BSCompoundFrustum::EndGroup	cg	829cbf50	BSMain/bscompoundfrustum.obj	BSMain	
4153	3	29	00aa3e40				BSCore/memorymanager.cpp	BSCore	
4154	3	30	00c47660	BSCompoundFrustum::BSCompoundFrustum	cg	829cb998	BSMain/bscompoundfrustum.obj	BSMain	
4155	3	31	00c47980	BSCompoundFrustum::SetCamera	cg	829cbd60	BSMain/bscompoundfrustum.obj	BSMain	
4156	3	32	00c47a00				BSMain/bscompoundfrustum.obj	BSMain	
4157	3	33	00c47660	BSCompoundFrustum::BSCompoundFrustum	cg	829cb998	BSMain/bscompoundfrustum.obj	BSMain	
4158	3	34	00c48db0	BSCompoundFrustum::BuildForPortal	cg	829cd580	BSMain/bscompoundfrustum.obj	BSMain	
4159	3	35	00c48800	BSCompoundFrustum::AddCompoundFrustum	cg	829cce70	BSMain/bscompoundfrustum.obj	BSMain	
4160	3	36	00c47770	BSCompoundFrustum::~BSCompoundFrustum	cg	829cbad8	BSMain/bscompoundfrustum.obj	BSMain	
4161	3	37	00c47b50	BSCompoundFrustum::AddPortal	align-sim	829cbff8	BSMain/bscompoundfrustum.obj	BSMain	
4162	3	38	00c49560	BSCompoundFrustum::ProcessPlane	align-sim	829cded8	BSMain/bscompoundfrustum.obj	BSMain	
4163	3	39	00c47d20	BSCompoundFrustum::AddOcclusionPlane	cg	829cc288	BSMain/bscompoundfrustum.obj	BSMain	
4164	3	40	00c47980	BSCompoundFrustum::SetCamera	cg	829cbd60	BSMain/bscompoundfrustum.obj	BSMain	
4165	3	41	00c47ae0	BSCompoundFrustum::EndGroup	cg	829cbf50	BSMain/bscompoundfrustum.obj	BSMain	
4166	3	42	00b5aa00					BSShader	
4167	3	43	0045c4e0				fallout shared/tes.cpp	fallout shared	
4168	3	44	00c47a00				BSMain/bscompoundfrustum.obj	BSMain	
4169	3	45	00c47660	BSCompoundFrustum::BSCompoundFrustum	cg	829cb998	BSMain/bscompoundfrustum.obj	BSMain	
4170	3	46	00c48db0	BSCompoundFrustum::BuildForPortal	cg	829cd580	BSMain/bscompoundfrustum.obj	BSMain	
4171	3	47	00c48800	BSCompoundFrustum::AddCompoundFrustum	cg	829cce70	BSMain/bscompoundfrustum.obj	BSMain	
4172	3	48	00c47770	BSCompoundFrustum::~BSCompoundFrustum	cg	829cbad8	BSMain/bscompoundfrustum.obj	BSMain	
4173	3	49	00c47b50	BSCompoundFrustum::AddPortal	align-sim	829cbff8	BSMain/bscompoundfrustum.obj	BSMain	
4174	3	50	00c49560	BSCompoundFrustum::ProcessPlane	align-sim	829cded8	BSMain/bscompoundfrustum.obj	BSMain	
4175	3	51	00c47d20	BSCompoundFrustum::AddOcclusionPlane	cg	829cc288	BSMain/bscompoundfrustum.obj	BSMain	
4176	3	52	00c47ae0	BSCompoundFrustum::EndGroup	cg	829cbf50	BSMain/bscompoundfrustum.obj	BSMain	
4177	3	53	00b5aa00					BSShader	
4178	3	54	00c48b90				BSMain/bscompoundfrustum.obj	BSMain	
4179	3	55	00c47a00				BSMain/bscompoundfrustum.obj	BSMain	
4180	3	56	00c48800	BSCompoundFrustum::AddCompoundFrustum	cg	829cce70	BSMain/bscompoundfrustum.obj	BSMain	
4181	3	57	00c47b50	BSCompoundFrustum::AddPortal	align-sim	829cbff8	BSMain/bscompoundfrustum.obj	BSMain	
4182	3	58	00c49560	BSCompoundFrustum::ProcessPlane	align-sim	829cded8	BSMain/bscompoundfrustum.obj	BSMain	
4183	3	59	00c47d20	BSCompoundFrustum::AddOcclusionPlane	cg	829cc288	BSMain/bscompoundfrustum.obj	BSMain	
4184	3	60	00c47ae0	BSCompoundFrustum::EndGroup	cg	829cbf50	BSMain/bscompoundfrustum.obj	BSMain	
4185	3	61	00c47ae0	BSCompoundFrustum::EndGroup	cg	829cbf50	BSMain/bscompoundfrustum.obj	BSMain	
4186	3	62	00b71300	NiTPointerListBase<NiTPointerAllocator<unsigned_int>_char_P>::RemoveAll	cg	82901930	NiXenonRenderer/nid3dshaderprogramfactory.cpp	NiXenonRenderer	
4187	3	63	00b71300	NiTPointerListBase<NiTPointerAllocator<unsigned_int>_char_P>::RemoveAll	cg	82901930	NiXenonRenderer/nid3dshaderprogramfactory.cpp	NiXenonRenderer	
4188	2	90	00559450						
4189	2	91	0066b0d0					fallout shared/speedtree	
4190	3	1	00401970						
4191	3	2	0040f6e0					fallout shared	
4192	2	92	00559450						
4193	2	93	005d8a70				fallout shared/tesscriptfunctions.cpp	fallout shared	
4194	2	94	0084e3a0					fallout/misc	
4195	2	95	00b5f170	ShadowSceneNode::UpdateRoomAndPortalVisibility	align-sim	82a551a8	BSShader/shadowscenenode.cpp	BSShader	
4196	3	1	00c47980	BSCompoundFrustum::SetCamera	cg	829cbd60	BSMain/bscompoundfrustum.obj	BSMain	
4197	3	2	00c344c0	BSOcclusionPlane::WithinFrustumDistFirst	align-sim	829b6ce8	BSMain/bsocclusionplane.obj	BSMain	
4198	3	3	00c47a00				BSMain/bscompoundfrustum.obj	BSMain	
4199	3	4	00c47d20	BSCompoundFrustum::AddOcclusionPlane	cg	829cc288	BSMain/bscompoundfrustum.obj	BSMain	
4200	3	5	00c47ae0	BSCompoundFrustum::EndGroup	cg	829cbf50	BSMain/bscompoundfrustum.obj	BSMain	
4201	3	6	0043a010	NiTPointerListBase<NiTPointerAllocator<unsigned_int>_char_P>::AddHead	cg	828b0818	NiXenonRenderer/nid3dshaderprogramfactory.cpp	NiXenonRenderer	
4202	3	7	00aa3e40				BSCore/memorymanager.cpp	BSCore	
4203	3	8	00c47660	BSCompoundFrustum::BSCompoundFrustum	cg	829cb998	BSMain/bscompoundfrustum.obj	BSMain	
4204	3	9	00c47980	BSCompoundFrustum::SetCamera	cg	829cbd60	BSMain/bscompoundfrustum.obj	BSMain	
4205	3	10	00c344c0	BSOcclusionPlane::WithinFrustumDistFirst	align-sim	829b6ce8	BSMain/bsocclusionplane.obj	BSMain	
4206	3	11	00c47a00				BSMain/bscompoundfrustum.obj	BSMain	
4207	3	12	00c47d20	BSCompoundFrustum::AddOcclusionPlane	cg	829cc288	BSMain/bscompoundfrustum.obj	BSMain	
4208	3	13	00c47ae0	BSCompoundFrustum::EndGroup	cg	829cbf50	BSMain/bscompoundfrustum.obj	BSMain	
4209	3	14	0045c4e0				fallout shared/tes.cpp	fallout shared	
4210	3	15	0043a010	NiTPointerListBase<NiTPointerAllocator<unsigned_int>_char_P>::AddHead	cg	828b0818	NiXenonRenderer/nid3dshaderprogramfactory.cpp	NiXenonRenderer	
4211	3	16	0040fbf0					fallout shared	
4212	3	17	00b5c6e0				BSShader/shadowscenenode.cpp	BSShader	
4213	3	18	00c49850	BSCompoundFrustum::PrethreadOpList	str	829ce348	BSMain/bscompoundfrustum.obj	BSMain	
4214	3	19	00c49560	BSCompoundFrustum::ProcessPlane	align-sim	829cded8	BSMain/bscompoundfrustum.obj	BSMain	
4215	3	20	0040fbf0					fallout shared	
4216	3	21	0043a080						
4217	3	22	00c48b90				BSMain/bscompoundfrustum.obj	BSMain	
4218	3	23	00c47a00				BSMain/bscompoundfrustum.obj	BSMain	
4219	3	24	00c48800	BSCompoundFrustum::AddCompoundFrustum	cg	829cce70	BSMain/bscompoundfrustum.obj	BSMain	
4220	3	25	00c47b50	BSCompoundFrustum::AddPortal	align-sim	829cbff8	BSMain/bscompoundfrustum.obj	BSMain	
4221	3	26	00c49560	BSCompoundFrustum::ProcessPlane	align-sim	829cded8	BSMain/bscompoundfrustum.obj	BSMain	
4222	3	27	00c47d20	BSCompoundFrustum::AddOcclusionPlane	cg	829cc288	BSMain/bscompoundfrustum.obj	BSMain	
4223	3	28	00c47ae0	BSCompoundFrustum::EndGroup	cg	829cbf50	BSMain/bscompoundfrustum.obj	BSMain	
4224	3	29	00aa3e40				BSCore/memorymanager.cpp	BSCore	
4225	3	30	00c47660	BSCompoundFrustum::BSCompoundFrustum	cg	829cb998	BSMain/bscompoundfrustum.obj	BSMain	
4226	3	31	00c47980	BSCompoundFrustum::SetCamera	cg	829cbd60	BSMain/bscompoundfrustum.obj	BSMain	
4227	3	32	00c47a00				BSMain/bscompoundfrustum.obj	BSMain	
4228	3	33	00c47660	BSCompoundFrustum::BSCompoundFrustum	cg	829cb998	BSMain/bscompoundfrustum.obj	BSMain	
4229	3	34	00c48db0	BSCompoundFrustum::BuildForPortal	cg	829cd580	BSMain/bscompoundfrustum.obj	BSMain	
4230	3	35	00c48800	BSCompoundFrustum::AddCompoundFrustum	cg	829cce70	BSMain/bscompoundfrustum.obj	BSMain	
4231	3	36	00c47770	BSCompoundFrustum::~BSCompoundFrustum	cg	829cbad8	BSMain/bscompoundfrustum.obj	BSMain	
4232	3	37	00c47b50	BSCompoundFrustum::AddPortal	align-sim	829cbff8	BSMain/bscompoundfrustum.obj	BSMain	
4233	3	38	00c49560	BSCompoundFrustum::ProcessPlane	align-sim	829cded8	BSMain/bscompoundfrustum.obj	BSMain	
4234	3	39	00c47d20	BSCompoundFrustum::AddOcclusionPlane	cg	829cc288	BSMain/bscompoundfrustum.obj	BSMain	
4235	3	40	00c47980	BSCompoundFrustum::SetCamera	cg	829cbd60	BSMain/bscompoundfrustum.obj	BSMain	
4236	3	41	00c47ae0	BSCompoundFrustum::EndGroup	cg	829cbf50	BSMain/bscompoundfrustum.obj	BSMain	
4237	3	42	00b5aa00					BSShader	
4238	3	43	0045c4e0				fallout shared/tes.cpp	fallout shared	
4239	3	44	00c47a00				BSMain/bscompoundfrustum.obj	BSMain	
4240	3	45	00c47660	BSCompoundFrustum::BSCompoundFrustum	cg	829cb998	BSMain/bscompoundfrustum.obj	BSMain	
4241	3	46	00c48db0	BSCompoundFrustum::BuildForPortal	cg	829cd580	BSMain/bscompoundfrustum.obj	BSMain	
4242	3	47	00c48800	BSCompoundFrustum::AddCompoundFrustum	cg	829cce70	BSMain/bscompoundfrustum.obj	BSMain	
4243	3	48	00c47770	BSCompoundFrustum::~BSCompoundFrustum	cg	829cbad8	BSMain/bscompoundfrustum.obj	BSMain	
4244	3	49	00c47b50	BSCompoundFrustum::AddPortal	align-sim	829cbff8	BSMain/bscompoundfrustum.obj	BSMain	
4245	3	50	00c49560	BSCompoundFrustum::ProcessPlane	align-sim	829cded8	BSMain/bscompoundfrustum.obj	BSMain	
4246	3	51	00c47d20	BSCompoundFrustum::AddOcclusionPlane	cg	829cc288	BSMain/bscompoundfrustum.obj	BSMain	
4247	3	52	00c47ae0	BSCompoundFrustum::EndGroup	cg	829cbf50	BSMain/bscompoundfrustum.obj	BSMain	
4248	3	53	00b5aa00					BSShader	
4249	3	54	00c48b90				BSMain/bscompoundfrustum.obj	BSMain	
4250	3	55	00c47a00				BSMain/bscompoundfrustum.obj	BSMain	
4251	3	56	00c48800	BSCompoundFrustum::AddCompoundFrustum	cg	829cce70	BSMain/bscompoundfrustum.obj	BSMain	
4252	3	57	00c47b50	BSCompoundFrustum::AddPortal	align-sim	829cbff8	BSMain/bscompoundfrustum.obj	BSMain	
4253	3	58	00c49560	BSCompoundFrustum::ProcessPlane	align-sim	829cded8	BSMain/bscompoundfrustum.obj	BSMain	
4254	3	59	00c47d20	BSCompoundFrustum::AddOcclusionPlane	cg	829cc288	BSMain/bscompoundfrustum.obj	BSMain	
4255	3	60	00c47ae0	BSCompoundFrustum::EndGroup	cg	829cbf50	BSMain/bscompoundfrustum.obj	BSMain	
4256	3	61	00c47ae0	BSCompoundFrustum::EndGroup	cg	829cbf50	BSMain/bscompoundfrustum.obj	BSMain	
4257	3	62	00b71300	NiTPointerListBase<NiTPointerAllocator<unsigned_int>_char_P>::RemoveAll	cg	82901930	NiXenonRenderer/nid3dshaderprogramfactory.cpp	NiXenonRenderer	
4258	3	63	00b71300	NiTPointerListBase<NiTPointerAllocator<unsigned_int>_char_P>::RemoveAll	cg	82901930	NiXenonRenderer/nid3dshaderprogramfactory.cpp	NiXenonRenderer	
4259	2	96	00559450						
4260	2	97	00454b30				fallout shared/tes.cpp	fallout shared	
4261	2	98	0045bc40				fallout shared/tes.cpp	fallout shared	
4262	3	1	0066b0d0					fallout shared/speedtree	
4263	2	99	0045cec0						
4264	3	1	00401970						
4265	2	100	00483710				fallout shared/tesform.cpp	fallout shared	
4266	2	101	00a693e0					NiMain	
4267	1	98	0043d4d0				fallout shared/modelloader.cpp	fallout shared	
4268	1	99	008c80e0	AILinearTaskThreadManager::SetMainRendering	frame	826ec9d0		fallout/ai	
4269	2	1	008c80c0	AILinearTaskThreadManager::SignalRenderSema	align-gap	826ec968		fallout/ai	
4270	3	1	00442550	ReleaseSemaphore	cg	82ecb8c8	XAPILIB/synch.c	XAPILIB	
4271	1	100	00713d80				fallout/interface/interfacemanager.cpp	fallout/interface	
4272	1	101	008c78c0	AILinearTaskThreadManager::StartThreads	frame	826ec6f0		fallout/ai	
4273	2	1	008c9fb0				fallout/ai/aitaskmanager.cpp	fallout/ai	
4274	3	1	00442550	ReleaseSemaphore	cg	82ecb8c8	XAPILIB/synch.c	XAPILIB	
4275	1	102	008ca070	AITaskManager::StartTasksDuringRendering	frame	826ef978	fallout/ai/aitaskmanager.cpp	fallout/ai	
4276	2	1	0043d4d0				fallout shared/modelloader.cpp	fallout shared	
4277	2	2	00408d60						
4278	2	3	00408d60						
4279	2	4	00717e50	BaseProcess::GetActorPackageThatIsRunning	vt	822da090	fallout/ai/baseprocess.cpp	fallout/ai	
4280	2	5	005be5c0				fallout shared/tesscriptfunctions.cpp	fallout shared	
4281	2	6	00717e50	BaseProcess::GetActorPackageThatIsRunning	vt	822da090	fallout/ai/baseprocess.cpp	fallout/ai	
4282	2	7	005be5c0				fallout shared/tesscriptfunctions.cpp	fallout shared	
4283	2	8	00408d60						
4284	2	9	008c9a20				fallout/ai/aitaskmanager.cpp	fallout/ai	
4285	2	10	008ca010				fallout/ai/aitaskmanager.cpp	fallout/ai	
4286	2	11	00408d60						
4287	2	12	008c9a20				fallout/ai/aitaskmanager.cpp	fallout/ai	
4288	2	13	008ca010				fallout/ai/aitaskmanager.cpp	fallout/ai	
4289	2	14	00408d60						
4290	2	15	00717e50	BaseProcess::GetActorPackageThatIsRunning	vt	822da090	fallout/ai/baseprocess.cpp	fallout/ai	
4291	2	16	00968670				fallout/ai/playercharacter.cpp	fallout/ai	
4292	3	1	00877a30				fallout/misc/main.cpp	fallout/misc	
4293	2	17	008c9a50				fallout/ai/aitaskmanager.cpp	fallout/ai	
4294	2	18	008ca010				fallout/ai/aitaskmanager.cpp	fallout/ai	
4295	2	19	00408d60						
4296	2	20	00717e50	BaseProcess::GetActorPackageThatIsRunning	vt	822da090	fallout/ai/baseprocess.cpp	fallout/ai	
4297	2	21	00968670				fallout/ai/playercharacter.cpp	fallout/ai	
4298	3	1	00877a30				fallout/misc/main.cpp	fallout/misc	
4299	2	22	008c9a50				fallout/ai/aitaskmanager.cpp	fallout/ai	
4300	2	23	008ca010				fallout/ai/aitaskmanager.cpp	fallout/ai	
4301	2	24	00408d60						
4302	2	25	008ca040				fallout/ai/aitaskmanager.cpp	fallout/ai	
4303	3	1	008c8190				fallout/ai/aitaskmanager.cpp	fallout/ai	
4304	2	26	00408d60						
4305	2	27	008ca040				fallout/ai/aitaskmanager.cpp	fallout/ai	
4306	3	1	008c8190				fallout/ai/aitaskmanager.cpp	fallout/ai	
4307	2	28	00408d60						
4308	2	29	00408d60						
4309	2	30	008c9a80				fallout/ai/aitaskmanager.cpp	fallout/ai	
4310	2	31	00408d60						
4311	2	32	008c9a80				fallout/ai/aitaskmanager.cpp	fallout/ai	
4312	2	33	008ca2e0				fallout/ai/aitaskmanager.cpp	fallout/ai	
4313	3	1	008c9fb0				fallout/ai/aitaskmanager.cpp	fallout/ai	
4314	2	34	00408d60						
4315	2	35	008c8240	MobileObjectTaskletData::RunToCompletion	cg	826edfe0	fallout/ai/aitaskmanager.cpp	fallout/ai	
4316	3	1	008c8190				fallout/ai/aitaskmanager.cpp	fallout/ai	
4317	3	2	008c81c0				fallout/ai/aitaskmanager.cpp	fallout/ai	
4318	2	36	00408d60						
4319	2	37	008c8240	MobileObjectTaskletData::RunToCompletion	cg	826edfe0	fallout/ai/aitaskmanager.cpp	fallout/ai	
4320	3	1	008c8190				fallout/ai/aitaskmanager.cpp	fallout/ai	
4321	3	2	008c81c0				fallout/ai/aitaskmanager.cpp	fallout/ai	
4322	1	103	0086fc60	Main::OnIdle_UpdateAnimationsAndEffects	frame	82695f10	fallout/misc/main.cpp	fallout/misc	
4323	2	1	0043d4d0				fallout shared/modelloader.cpp	fallout shared	
4324	2	2	0084d030				fallout/misc/saveload/bgssaveloadglobaldata.cpp	fallout/misc	
4325	2	3	009746c0	ProcessLists::UpdateTempEffectsParallel	frame	82788470	fallout/ai/processlists.cpp	fallout/ai	
4326	3	1	00408d60						
4327	3	2	00974420	ProcessLists::UpdateTempEffects	frame	82788160	fallout/ai/processlists.cpp	fallout/ai	
4328	3	3	00978990				fallout/ai/processlists.cpp	fallout/ai	
4329	3	4	00978990				fallout/ai/processlists.cpp	fallout/ai	
4330	3	5	00978c50				fallout/ai/processlists.cpp	fallout/ai	
4331	3	6	006815c0					fallout shared	
4332	3	7	00559450						
4333	3	8	00978bc0				fallout/ai/processlists.cpp	fallout/ai	
4334	3	9	006a1440				fallout shared/pathfinding/navmeshpovsearch.cpp	fallout shared/pathfinding	
4335	3	10	006a1440				fallout shared/pathfinding/navmeshpovsearch.cpp	fallout shared/pathfinding	
4336	3	11	006a1440				fallout shared/pathfinding/navmeshpovsearch.cpp	fallout shared/pathfinding	
4337	3	12	006a1440				fallout shared/pathfinding/navmeshpovsearch.cpp	fallout shared/pathfinding	
4338	3	13	00726070				fallout/interface/menumanager.cpp	fallout/interface	
4339	3	14	006815c0					fallout shared	
4340	3	15	00559450						
4341	3	16	00978bc0				fallout/ai/processlists.cpp	fallout/ai	
4342	3	17	006a1440				fallout shared/pathfinding/navmeshpovsearch.cpp	fallout shared/pathfinding	
4343	3	18	006a1440				fallout shared/pathfinding/navmeshpovsearch.cpp	fallout shared/pathfinding	
4344	3	19	006a1440				fallout shared/pathfinding/navmeshpovsearch.cpp	fallout shared/pathfinding	
4345	3	20	006a1440				fallout shared/pathfinding/navmeshpovsearch.cpp	fallout shared/pathfinding	
4346	3	21	00726070				fallout/interface/menumanager.cpp	fallout/interface	
4347	3	22	0044ddc0					fallout shared	
4348	3	23	0044ddc0					fallout shared	
4349	3	24	0087cf10				fallout/misc/taskqueueinterface.cpp	fallout/misc	
4350	3	25	00c44c90				BSMain/bsparalleltaskmanager.obj	BSMain	
4351	3	26	0044ddc0					fallout shared	
4352	3	27	006a7af0				fallout shared/pathfinding/navmeshsearch.cpp	fallout shared/pathfinding	
4353	3	28	00868490	GarbageCollector::Add_ov3	str	826927c0	fallout/misc/garbagecollector.cpp	fallout/misc	
4354	3	29	00633c90					fallout shared/sky	
4355	3	30	00631620	BSSimpleList<NiPointer<ObstacleData>_>::Remove	cg	82369050	fallout shared/pathfinding/navmeshobstaclemanager.cpp	fallout shared/pathfinding	
4356	3	31	0045cec0						
4357	3	32	00633c90					fallout shared/sky	
4358	3	33	00631620	BSSimpleList<NiPointer<ObstacleData>_>::Remove	cg	82369050	fallout shared/pathfinding/navmeshobstaclemanager.cpp	fallout shared/pathfinding	
4359	3	34	0045cec0						
4360	3	35	00978cf0				fallout/ai/processlists.cpp	fallout/ai	
4361	2	4	0084d030				fallout/misc/saveload/bgssaveloadglobaldata.cpp	fallout/misc	
4362	2	5	00974420	ProcessLists::UpdateTempEffects	frame	82788160	fallout/ai/processlists.cpp	fallout/ai	
4363	3	1	005de0f0				fallout shared/tesscriptfunctions.cpp	fallout shared	
4364	3	2	005be5c0				fallout shared/tesscriptfunctions.cpp	fallout shared	
4365	3	3	00968670				fallout/ai/playercharacter.cpp	fallout/ai	
4366	3	4	008d8520	MiddleHighProcess::GetSavedAcquireObject	vt	82a648c8	fallout/ai/highprocess.cpp	fallout/ai	
4367	3	5	004a4460					fallout shared	
4368	3	6	006815c0					fallout shared	
4369	3	7	00559450						
4370	3	8	00726070				fallout/interface/menumanager.cpp	fallout/interface	
4371	3	9	00868490	GarbageCollector::Add_ov3	str	826927c0	fallout/misc/garbagecollector.cpp	fallout/misc	
4372	3	10	00633c90					fallout shared/sky	
4373	3	11	00631620	BSSimpleList<NiPointer<ObstacleData>_>::Remove	cg	82369050	fallout shared/pathfinding/navmeshobstaclemanager.cpp	fallout shared/pathfinding	
4374	3	12	0045cec0						
4375	3	13	00726070				fallout/interface/menumanager.cpp	fallout/interface	
4376	3	14	004a4460					fallout shared	
4377	3	15	006815c0					fallout shared	
4378	3	16	00559450						
4379	3	17	00726070				fallout/interface/menumanager.cpp	fallout/interface	
4380	3	18	00868490	GarbageCollector::Add_ov3	str	826927c0	fallout/misc/garbagecollector.cpp	fallout/misc	
4381	3	19	00633c90					fallout shared/sky	
4382	3	20	00631620	BSSimpleList<NiPointer<ObstacleData>_>::Remove	cg	82369050	fallout shared/pathfinding/navmeshobstaclemanager.cpp	fallout shared/pathfinding	
4383	3	21	0045cec0						
4384	3	22	00726070				fallout/interface/menumanager.cpp	fallout/interface	
4385	2	6	0043d4d0				fallout shared/modelloader.cpp	fallout shared	
4386	2	7	00453550	TES::UpdateCellAnimations	frame	822a8ce8	fallout shared/tes.cpp	fallout shared	
4387	3	1	005f36f0	ActorMover::GetPreferredMoveMode	vt	824c0938	fallout/ai/movement/actormover.cpp	fallout/ai	
4388	3	2	00c468c0				BSMain/bswindmodifier.obj	BSMain	
4389	3	3	00c74550					BSHavok	
4390	3	4	004536e0				fallout shared/tes.cpp	fallout shared	
4391	3	5	00453700				fallout shared/tes.cpp	fallout shared	
4392	3	6	00c468c0				BSMain/bswindmodifier.obj	BSMain	
4393	3	7	00c74550					BSHavok	
4394	3	8	00453860	TES::LockHavokUpdateMT	frame	822a43a8			
4395	3	9	00551890	TESObjectCELL::UpdateManagedNodes	frame	82392700	fallout shared/tesobjectcell.cpp	fallout shared	
4396	3	10	004ba9a0	GridCellArray::UpdateManagedNodes	frame	82309150	fallout shared/gridcell.cpp	fallout shared	
4397	3	11	00453860	TES::LockHavokUpdateMT	frame	822a43a8			
4398	3	12	0043d4d0				fallout shared/modelloader.cpp	fallout shared	
4399	3	13	004537b0				fallout shared/tes.cpp	fallout shared	
4400	3	14	0087aa90				fallout/misc/taskqueueinterface.cpp	fallout/misc	
4401	3	15	00453720				fallout shared/tes.cpp	fallout shared	
4402	3	16	00623640				fallout shared/havok/focollisionlistener.cpp	fallout shared/havok	
4403	3	17	0043d4d0				fallout shared/modelloader.cpp	fallout shared	
4404	3	18	007050d0	Interface::InDialog	cg	8253e408	fallout/interface/interface.cpp	fallout/interface	
4405	3	19	0084d030				fallout/misc/saveload/bgssaveloadglobaldata.cpp	fallout/misc	
4406	3	20	00403e20				fallout shared/magic/effectitem.cpp	fallout shared/magic	
4407	3	21	0063ac70	Sky::Update	cg	824744c0	fallout shared/sky/sky.cpp	fallout shared/sky	
4408	3	22	0043d4d0				fallout shared/modelloader.cpp	fallout shared	
4409	3	23	004537c0	TES::UpdateCellMainThread	cg	822a2430	fallout shared/tes.cpp	fallout shared	
4410	3	24	00975080	ProcessLists::PostProcessProjectiles	align-gap	82784268	fallout/ai/processlists.cpp	fallout/ai	
4411	2	8	004537c0	TES::UpdateCellMainThread	cg	822a2430	fallout shared/tes.cpp	fallout shared	
4412	3	1	007050d0	Interface::InDialog	cg	8253e408	fallout/interface/interface.cpp	fallout/interface	
4413	3	2	0084d030				fallout/misc/saveload/bgssaveloadglobaldata.cpp	fallout/misc	
4414	3	3	00403e20				fallout shared/magic/effectitem.cpp	fallout shared/magic	
4415	3	4	00453850						
4416	3	5	0063ac70	Sky::Update	cg	824744c0	fallout shared/sky/sky.cpp	fallout shared/sky	
4417	3	6	0043d410				fallout shared/modelloader.cpp	fallout shared	
4418	3	7	009611e0				fallout/ai/playercharacter.cpp	fallout/ai	
4419	3	8	00a59c60					NiMain	
4420	2	9	0043d410				fallout shared/modelloader.cpp	fallout shared	
4421	2	10	0043d4d0				fallout shared/modelloader.cpp	fallout shared	
4422	2	11	0045a190				fallout shared/tes.cpp	fallout shared	
4423	3	1	00559450						
4424	2	12	00c50610	BSParticleSystemManager::UpdateParallel	frame	829d2fd8	BSMain/bsparticlesystemmanager.obj	BSMain	
4425	3	1	00aa3e40				BSCore/memorymanager.cpp	BSCore	
4426	3	2	00ec782f						
4427	3	3	00b00a00	BSTaskletManager::QInstance	cg	82942430	BSSystem/bstaskletmanager_xenon.cpp	BSSystem	
4428	3	4	00b00ae0	BSTaskletManager::OpenTaskGroup	align-gap	829425e0	BSSystem/bstaskletmanager.cpp	BSSystem	
4429	3	5	00b00a00	BSTaskletManager::QInstance	cg	82942430	BSSystem/bstaskletmanager_xenon.cpp	BSSystem	
4430	3	6	00b00b40	BSTaskletManager::AttachTask	align-gap	82942610	BSSystem/bstaskletmanager.cpp	BSSystem	
4431	3	7	00b00a00	BSTaskletManager::QInstance	cg	82942430	BSSystem/bstaskletmanager_xenon.cpp	BSSystem	
4432	3	8	00b00bc0				BSSystem/bstaskletmanager.cpp	BSSystem	
4433	3	9	00aa4060				BSCore/memorymanager.cpp	BSCore	
4434	2	13	0045a190				fallout shared/tes.cpp	fallout shared	
4435	3	1	00559450						
4436	2	14	00c50610	BSParticleSystemManager::UpdateParallel	frame	829d2fd8	BSMain/bsparticlesystemmanager.obj	BSMain	
4437	3	1	00aa3e40				BSCore/memorymanager.cpp	BSCore	
4438	3	2	00ec782f						
4439	3	3	00b00a00	BSTaskletManager::QInstance	cg	82942430	BSSystem/bstaskletmanager_xenon.cpp	BSSystem	
4440	3	4	00b00ae0	BSTaskletManager::OpenTaskGroup	align-gap	829425e0	BSSystem/bstaskletmanager.cpp	BSSystem	
4441	3	5	00b00a00	BSTaskletManager::QInstance	cg	82942430	BSSystem/bstaskletmanager_xenon.cpp	BSSystem	
4442	3	6	00b00b40	BSTaskletManager::AttachTask	align-gap	82942610	BSSystem/bstaskletmanager.cpp	BSSystem	
4443	3	7	00b00a00	BSTaskletManager::QInstance	cg	82942430	BSSystem/bstaskletmanager_xenon.cpp	BSSystem	
4444	3	8	00b00bc0				BSSystem/bstaskletmanager.cpp	BSSystem	
4445	3	9	00aa4060				BSCore/memorymanager.cpp	BSCore	
4446	1	104	0043d4d0				fallout shared/modelloader.cpp	fallout shared	
4447	1	105	0086fd70	Main::OnIdle_DoInterfaceIdle	frame	82693fb8	fallout/misc/main.cpp	fallout/misc	
4448	2	1	007027e0	Interface::PreIdleStuff	frame	8253d648	fallout/interface/interface.cpp	fallout/interface	
4449	3	1	004b7210				fallout shared/globalfunc.cpp	fallout shared	
4450	3	2	004b7210				fallout shared/globalfunc.cpp	fallout shared	
4451	3	3	009373f0				fallout/ai/modifierlist.cpp	fallout/ai	
4452	3	4	004b7210				fallout shared/globalfunc.cpp	fallout shared	
4453	3	5	0070b8f0	InterfaceManager::PreIdleStuff	cg	82546288	fallout/interface/interfacemanager.cpp	fallout/interface	
4454	2	2	00702810	Interface::Idle	frame	8253d670	fallout/interface/interface.cpp	fallout/interface	
4455	3	1	004b7210				fallout shared/globalfunc.cpp	fallout shared	
4456	3	2	004b7210				fallout shared/globalfunc.cpp	fallout shared	
4457	3	3	009373f0				fallout/ai/modifierlist.cpp	fallout/ai	
4458	3	4	004b7210				fallout shared/globalfunc.cpp	fallout shared	
4459	3	5	0070c4a0	InterfaceManager::Idle	str	8254ec10	fallout/interface/interfacemanager.cpp	fallout/interface	
4460	2	3	00702840	Interface::PostIdleStuff	frame	8253d698	fallout/interface/interface.cpp	fallout/interface	
4461	3	1	004b7210				fallout shared/globalfunc.cpp	fallout shared	
4462	3	2	004b7210				fallout shared/globalfunc.cpp	fallout shared	
4463	3	3	009373f0				fallout/ai/modifierlist.cpp	fallout/ai	
4464	3	4	004b7210				fallout shared/globalfunc.cpp	fallout shared	
4465	3	5	00711ea0	InterfaceManager::PostIdleStuff	align-sim	8254a590			
4466	1	106	00702360	Interface::IsInMenuMode	cg	8253d540	fallout/interface/interface.cpp	fallout/interface	
4467	2	1	004b7210				fallout shared/globalfunc.cpp	fallout shared	
4468	2	2	004b7210				fallout shared/globalfunc.cpp	fallout shared	
4469	2	3	009373f0				fallout/ai/modifierlist.cpp	fallout/ai	
4470	2	4	004b7210				fallout shared/globalfunc.cpp	fallout shared	
4471	2	5	007023a0				fallout/interface/interface.cpp	fallout/interface	
4472	1	107	007058e0	Interface::LastMinuteUpdate	cg	8253eb68	fallout/interface/interface.cpp	fallout/interface	
4473	2	1	004b7210				fallout shared/globalfunc.cpp	fallout shared	
4474	2	2	004b7210				fallout shared/globalfunc.cpp	fallout shared	
4475	2	3	009373f0				fallout/ai/modifierlist.cpp	fallout/ai	
4476	2	4	004b7210				fallout shared/globalfunc.cpp	fallout shared	
4477	2	5	00713c70	InterfaceManager::LastMinuteUpdate	align-sim	8254c4c0	fallout/interface/interfacemanager.cpp	fallout/interface	
4478	3	1	0043d4d0				fallout shared/modelloader.cpp	fallout shared	
4479	3	2	00713d80				fallout/interface/interfacemanager.cpp	fallout/interface	
4480	3	3	00713d90				fallout/interface/interfacemanager.cpp	fallout/interface	
4481	3	4	00713d80				fallout/interface/interfacemanager.cpp	fallout/interface	
4482	3	5	008c7a70					fallout/ai	
4483	3	6	00713c00				fallout/interface/interfacemanager.cpp	fallout/interface	
4484	3	7	007fa950					fallout/interface	
4485	3	8	00a04510				BSMenu/tile.cpp	BSMenu	
4486	3	9	00705ea0	Interface::IsInGameLoadingMenuOpen	cg	8253ee78	fallout/interface/interface.cpp	fallout/interface	
4487	3	10	0070edf0	XUserInterface::XUIIsUp	cg	82902288	BSMenu/xuserinterface.cpp	BSMenu	
4488	3	11	00a09030	Tile::GetMenuByClass	cg	828efd80	BSMenu/tile.cpp	BSMenu	
4489	3	12	00a04620	Tile::UpdateChildren	cg	828eab98	BSMenu/tile.cpp	BSMenu	
4490	3	13	00a04200	Tile::UpdateAll	cg	828ea6c0	BSMenu/tile.cpp	BSMenu	
4491	3	14	00a080d0	Tile::UpdateFadeControls	cg	828eeae0	BSMenu/tile.cpp	BSMenu	
4492	3	15	00713d60				fallout/interface/interfacemanager.cpp	fallout/interface	
4493	3	16	0076b610						
4494	3	17	00713d70				fallout/interface/interfacemanager.cpp	fallout/interface	
4495	3	18	004538a0						
4496	3	19	00713e20				fallout/interface/interfacemanager.cpp	fallout/interface	
4497	3	20	00713d70				fallout/interface/interfacemanager.cpp	fallout/interface	
4498	3	21	004538c0	RtlLeaveCriticalSection	cg	831ff6cc	XBOXKRNL/import:xboxkrnl.exe@11626.0+1861.0	XBOXKRNL	
4499	1	108	0047d0b0	PathManager::QInstance	cg	822cd0b8	fallout shared/tesactorbasedata.cpp	fallout shared	
4500	2	1	006eb820	PathManager::PathManager	cg	82524168	fallout shared/pathfinding/pathmanager.cpp	fallout shared/pathfinding	
4501	3	1	0045d260	BSPerformanceTimerManager::Register	cg	829f8f10	BSCore/bsperformancetimer.cpp	BSCore	
4502	2	2	00ec658f	_atexit	fid			LIBCMT	
4503	3	1	00ec6553	__onexit	fid			LIBCMT	
4504	1	109	006ebc50	PathManager::Update	frame	82527680	fallout shared/pathfinding/pathmanager.cpp	fallout shared/pathfinding	
4505	2	1	006eae40	PathManagerImpl::Update	align-sim	82527070	fallout shared/pathfinding/pathmanager.cpp	fallout shared/pathfinding	
4506	3	1	004538a0						
4507	3	2	00aa6220					BSCore	
4508	3	3	00aa62e0					BSCore	
4509	3	4	006ec970				fallout shared/pathfinding/pathmanager.cpp	fallout shared/pathfinding	
4510	3	5	006ebde0				fallout shared/pathfinding/pathmanager.cpp	fallout shared/pathfinding	
4511	3	6	0044c640						
4512	3	7	005dc980				fallout shared/tesscriptfunctions.cpp	fallout shared	
4513	3	8	006ea350	PathingTaskData::ComputeRayCasts	align-sim	82523c50	fallout shared/pathfinding/pathmanager.cpp	fallout shared/pathfinding	
4514	3	9	006ea490				fallout shared/pathfinding/pathmanager.cpp	fallout shared/pathfinding	
4515	3	10	0060d4b0				fallout shared/tesquest.cpp	fallout shared	
4516	3	11	006c5e40				fallout shared/pathfinding/navmeshobstaclemanager.cpp	fallout shared/pathfinding	
4517	3	12	006ecd40	CombatProcedureAttackMelee::Initialize	cg	82b94090	fallout/ai/combat/combatprocedureattackmelee.cpp	fallout/ai	
4518	3	13	006c5ec0				fallout shared/pathfinding/navmeshobstaclemanager.cpp	fallout shared/pathfinding	
4519	3	14	006c5e70				fallout shared/pathfinding/navmeshobstaclemanager.cpp	fallout shared/pathfinding	
4520	3	15	006ea9d0				fallout shared/pathfinding/pathmanager.cpp	fallout shared/pathfinding	
4521	3	16	00559450						
4522	3	17	00633c90					fallout shared/sky	
4523	3	18	008c7aa0					fallout/ai	
4524	3	19	00559450						
4525	3	20	004537b0				fallout shared/tes.cpp	fallout shared	
4526	3	21	0087ac60				fallout/misc/taskqueueinterface.cpp	fallout/misc	
4527	3	22	00559450						
4528	3	23	00559450						
4529	3	24	008c7aa0					fallout/ai	
4530	3	25	00559450						
4531	3	26	00559450						
4532	3	27	004537b0				fallout shared/tes.cpp	fallout shared	
4533	3	28	0087ac00	TaskQueueInterface::QueueNodeAttach	cg	826a5f48	fallout/misc/taskqueueinterface.cpp	fallout/misc	
4534	3	29	00559450						
4535	3	30	00559450						
4536	3	31	008c7aa0					fallout/ai	
4537	3	32	00559450						
4538	3	33	004537b0				fallout shared/tes.cpp	fallout shared	
4539	3	34	0087ad50				fallout/misc/taskqueueinterface.cpp	fallout/misc	
4540	3	35	0043d410				fallout shared/modelloader.cpp	fallout shared	
4541	3	36	00559450						
4542	3	37	00a59c60					NiMain	
4543	3	38	004538c0	RtlLeaveCriticalSection	cg	831ff6cc	XBOXKRNL/import:xboxkrnl.exe@11626.0+1861.0	XBOXKRNL	
4544	3	39	0045cec0						
4545	3	40	00483710				fallout shared/tesform.cpp	fallout shared	
4546	3	41	006ebdc0				fallout shared/pathfinding/pathmanager.cpp	fallout shared/pathfinding	
4547	1	110	00552ba0				fallout shared/tesobjectcell.cpp	fallout shared	
4548	1	111	006a61b0	NavMeshRender::Update	frame	824d3738	fallout shared/pathfinding/navmeshrender.cpp	fallout shared/pathfinding	
4549	2	1	00559450						
4550	2	2	00559450						
4551	2	3	009611e0				fallout/ai/playercharacter.cpp	fallout/ai	
4552	2	4	00559450						
4553	2	5	009611e0				fallout/ai/playercharacter.cpp	fallout/ai	
4554	2	6	00559450						
4555	2	7	00559450						
4556	2	8	00559450						
4557	2	9	009611e0				fallout/ai/playercharacter.cpp	fallout/ai	
4558	2	10	00559450						
4559	2	11	009611e0				fallout/ai/playercharacter.cpp	fallout/ai	
4560	2	12	00559450						
4561	2	13	0066b0d0					fallout shared/speedtree	
4562	3	1	00401970						
4563	3	2	0040f6e0					fallout shared	
4564	2	14	0066b0d0					fallout shared/speedtree	
4565	3	1	00401970						
4566	3	2	0040f6e0					fallout shared	
4567	1	112	0043d4d0				fallout shared/modelloader.cpp	fallout shared	
4568	1	113	00408d60						
4569	1	114	006c0720	NavMeshObstacleManager::GetInstance	frame	824f8568	fallout shared/pathfinding/navmeshobstaclemanager.cpp	fallout shared/pathfinding	
4570	2	1	00404eb0				fallout shared/magic/effectitem.cpp	fallout shared/magic	
4571	3	1	00404f00				fallout shared/magic/effectitem.cpp	fallout shared/magic	
4572	2	2	006c02c0	NavMeshObstacleManager::NavMeshObstacleManager	str	824f80c8	fallout shared/pathfinding/navmeshobstaclemanager.cpp	fallout shared/pathfinding	
4573	3	1	0044fae0					fallout shared	
4574	3	2	006c5fc0				fallout shared/pathfinding/navmeshobstaclemanager.cpp	fallout shared/pathfinding	
4575	3	3	0096a2d0				fallout/ai/playercharacter.cpp	fallout/ai	
4576	3	4	0096a2d0				fallout/ai/playercharacter.cpp	fallout/ai	
4577	3	5	004ee810				fallout shared/bgsdecalnode.cpp	fallout shared	
4578	3	6	006c6450				fallout shared/pathfinding/navmeshobstaclemanager.cpp	fallout shared/pathfinding	
4579	3	7	006c6450				fallout shared/pathfinding/navmeshobstaclemanager.cpp	fallout shared/pathfinding	
4580	3	8	006c6070				fallout shared/pathfinding/navmeshobstaclemanager.cpp	fallout shared/pathfinding	
4581	3	9	0096a2d0				fallout/ai/playercharacter.cpp	fallout/ai	
4582	3	10	0096a2d0				fallout/ai/playercharacter.cpp	fallout/ai	
4583	3	11	006c5fc0				fallout shared/pathfinding/navmeshobstaclemanager.cpp	fallout shared/pathfinding	
4584	3	12	006c5fc0				fallout shared/pathfinding/navmeshobstaclemanager.cpp	fallout shared/pathfinding	
4585	3	13	0044dee0						
4586	3	14	006c60a0				fallout shared/pathfinding/navmeshobstaclemanager.cpp	fallout shared/pathfinding	
4587	3	15	006c6c10				fallout shared/pathfinding/navmeshobstaclemanager.cpp	fallout shared/pathfinding	
4588	3	16	006c6c10				fallout shared/pathfinding/navmeshobstaclemanager.cpp	fallout shared/pathfinding	
4589	3	17	0096a2d0				fallout/ai/playercharacter.cpp	fallout/ai	
4590	3	18	0096a2d0				fallout/ai/playercharacter.cpp	fallout/ai	
4591	3	19	0096a2d0				fallout/ai/playercharacter.cpp	fallout/ai	
4592	3	20	00633c90					fallout shared/sky	
4593	3	21	0045d260	BSPerformanceTimerManager::Register	cg	829f8f10	BSCore/bsperformancetimer.cpp	BSCore	
4594	3	22	0045d260	BSPerformanceTimerManager::Register	cg	829f8f10	BSCore/bsperformancetimer.cpp	BSCore	
4595	3	23	00404eb0				fallout shared/magic/effectitem.cpp	fallout shared/magic	
4596	3	24	00404ee0				fallout shared/magic/effectitem.cpp	fallout shared/magic	
4597	2	3	00ec658f	_atexit	fid			LIBCMT	
4598	3	1	00ec6553	__onexit	fid			LIBCMT	
4599	2	4	00404ee0				fallout shared/magic/effectitem.cpp	fallout shared/magic	
4600	3	1	00404f70				fallout shared/magic/effectitem.cpp	fallout shared/magic	
4601	1	115	006c3640	NavMeshObstacleManager::Update	frame	824f7a88	fallout shared/pathfinding/navmeshobstaclemanager.cpp	fallout shared/pathfinding	
4602	2	1	00404eb0				fallout shared/magic/effectitem.cpp	fallout shared/magic	
4603	3	1	00404f00				fallout shared/magic/effectitem.cpp	fallout shared/magic	
4604	2	2	00408d60						
4605	2	3	00404ee0				fallout shared/magic/effectitem.cpp	fallout shared/magic	
4606	3	1	00404f70				fallout shared/magic/effectitem.cpp	fallout shared/magic	
4607	2	4	004538a0						
4608	3	1	004538e0						
4609	2	5	00483710				fallout shared/tesform.cpp	fallout shared	
4610	2	6	0084d030				fallout/misc/saveload/bgssaveloadglobaldata.cpp	fallout/misc	
4611	2	7	006c47e0				fallout shared/pathfinding/navmeshobstaclemanager.cpp	fallout shared/pathfinding	
4612	3	1	008256d0					fallout/magic	
4613	3	2	006815c0					fallout shared	
4614	3	3	00726070				fallout/interface/menumanager.cpp	fallout/interface	
4615	3	4	00633c90					fallout shared/sky	
4616	3	5	006c62d0						
4617	3	6	00559450						
4618	3	7	0044ddc0					fallout shared	
4619	3	8	00559450						
4620	3	9	00877a30				fallout/misc/main.cpp	fallout/misc	
4621	3	10	00631620	BSSimpleList<NiPointer<ObstacleData>_>::Remove	cg	82369050	fallout shared/pathfinding/navmeshobstaclemanager.cpp	fallout shared/pathfinding	
4622	3	11	006c1590				fallout shared/pathfinding/navmeshobstaclemanager.cpp	fallout shared/pathfinding	
4623	3	12	0045cec0						
4624	3	13	00470470						
4625	2	8	006c45e0				fallout shared/pathfinding/navmeshobstaclemanager.cpp	fallout shared/pathfinding	
4626	3	1	005e04c0				fallout shared/tesscriptfunctions.cpp	fallout shared	
4627	3	2	008256d0					fallout/magic	
4628	3	3	006815c0					fallout shared	
4629	3	4	00726070				fallout/interface/menumanager.cpp	fallout/interface	
4630	3	5	00633c90					fallout shared/sky	
4631	3	6	0084e3a0					fallout/misc	
4632	3	7	006c62d0						
4633	3	8	0084e3a0					fallout/misc	
4634	3	9	006c1920				fallout shared/pathfinding/navmeshobstaclemanager.cpp	fallout shared/pathfinding	
4635	3	10	007cb2e0	BSSimpleArray<BGSBodyPart_P_1024>::AddUninitialized	cg	825bfa28	fallout/ai/combat/hitdata.cpp	fallout/ai	
4636	3	11	006c23c0				fallout shared/pathfinding/navmeshobstaclemanager.cpp	fallout shared/pathfinding	
4637	3	12	006c2550				fallout shared/pathfinding/navmeshobstaclemanager.cpp	fallout shared/pathfinding	
4638	3	13	00559450						
4639	3	14	006c1190				fallout shared/pathfinding/navmeshobstaclemanager.cpp	fallout shared/pathfinding	
4640	3	15	007cb2e0	BSSimpleArray<BGSBodyPart_P_1024>::AddUninitialized	cg	825bfa28	fallout/ai/combat/hitdata.cpp	fallout/ai	
4641	3	16	006c24d0				fallout shared/pathfinding/navmeshobstaclemanager.cpp	fallout shared/pathfinding	
4642	3	17	0045cec0						
4643	3	18	0044ddc0					fallout shared	
4644	3	19	00877a30				fallout/misc/main.cpp	fallout/misc	
4645	3	20	00905330				fallout/ai/highprocess.cpp	fallout/ai	
4646	3	21	005e04f0				fallout shared/tesscriptfunctions.cpp	fallout shared	
4647	2	9	006c4fb0				fallout shared/pathfinding/navmeshobstaclemanager.cpp	fallout shared/pathfinding	
4648	3	1	008256d0					fallout/magic	
4649	3	2	006815c0					fallout shared	
4650	3	3	00726070				fallout/interface/menumanager.cpp	fallout/interface	
4651	3	4	00633c90					fallout shared/sky	
4652	3	5	006c62d0						
4653	3	6	00559450						
4654	3	7	0044ddc0					fallout shared	
4655	3	8	00559450						
4656	3	9	00877a30				fallout/misc/main.cpp	fallout/misc	
4657	3	10	00559450						
4658	3	11	0044ddc0					fallout shared	
4659	3	12	00559450						
4660	3	13	00877a30				fallout/misc/main.cpp	fallout/misc	
4661	3	14	00559450						
4662	3	15	00877a30				fallout/misc/main.cpp	fallout/misc	
4663	3	16	00559450						
4664	3	17	00877a30				fallout/misc/main.cpp	fallout/misc	
4665	3	18	006c5ef0				fallout shared/pathfinding/navmeshobstaclemanager.cpp	fallout shared/pathfinding	
4666	3	19	006c7a30	ObstacleTaskData::AddOperation	str	824f9298	fallout shared/pathfinding/navmeshobstacletask.cpp	fallout shared/pathfinding	
4667	3	20	00405430	NiTMapBase<DFALL<NiTMapItem<unsigned_int_CombatThreat_P>_>_unsigned_int_CombatThreat_P>::RemoveAt	cg	824e5ae8	fallout/ai/combat/combatthreatmap.cpp	fallout/ai	
4668	3	21	00559a40				fallout shared/tesobjectcell.cpp	fallout shared	
4669	3	22	006c6920				fallout shared/pathfinding/navmeshobstaclemanager.cpp	fallout shared/pathfinding	
4670	3	23	0045cec0						
4671	3	24	00470470						
4672	2	10	006c5190				fallout shared/pathfinding/navmeshobstaclemanager.cpp	fallout shared/pathfinding	
4673	3	1	008256d0					fallout/magic	
4674	3	2	008256d0					fallout/magic	
4675	3	3	006815c0					fallout shared	
4676	3	4	00aa13e0					NiSystem	
4677	3	5	006c1480				fallout shared/pathfinding/navmeshobstaclemanager.cpp	fallout shared/pathfinding	
4678	3	6	00633c90					fallout shared/sky	
4679	3	7	006c34f0				fallout shared/pathfinding/navmeshobstaclemanager.cpp	fallout shared/pathfinding	
4680	3	8	00559450						
4681	3	9	0044ddc0					fallout shared	
4682	3	10	006c6c60				fallout shared/pathfinding/navmeshobstaclemanager.cpp	fallout shared/pathfinding	
4683	3	11	00559450						
4684	3	12	00877a30				fallout/misc/main.cpp	fallout/misc	
4685	3	13	006c2050				fallout shared/pathfinding/navmeshobstaclemanager.cpp	fallout shared/pathfinding	
4686	3	14	0044ddc0					fallout shared	
4687	3	15	00559450						
4688	3	16	00877a30				fallout/misc/main.cpp	fallout/misc	
4689	3	17	00877a30				fallout/misc/main.cpp	fallout/misc	
4690	3	18	00559450						
4691	3	19	0068efb0				fallout shared/pathfinding/navmesh.cpp	fallout shared/pathfinding	
4692	3	20	006c5ef0				fallout shared/pathfinding/navmeshobstaclemanager.cpp	fallout shared/pathfinding	
4693	3	21	006c7a30	ObstacleTaskData::AddOperation	str	824f9298	fallout shared/pathfinding/navmeshobstacletask.cpp	fallout shared/pathfinding	
4694	3	22	00877a30				fallout/misc/main.cpp	fallout/misc	
4695	3	23	00559450						
4696	3	24	0068efb0				fallout shared/pathfinding/navmesh.cpp	fallout shared/pathfinding	
4697	3	25	00559450						
4698	3	26	00877a30				fallout/misc/main.cpp	fallout/misc	
4699	3	27	00559450						
4700	3	28	007cb2e0	BSSimpleArray<BGSBodyPart_P_1024>::AddUninitialized	cg	825bfa28	fallout/ai/combat/hitdata.cpp	fallout/ai	
4701	3	29	006c6ce0				fallout shared/pathfinding/navmeshobstaclemanager.cpp	fallout shared/pathfinding	
4702	3	30	0084e3a0					fallout/misc	
4703	3	31	00405430	NiTMapBase<DFALL<NiTMapItem<unsigned_int_CombatThreat_P>_>_unsigned_int_CombatThreat_P>::RemoveAt	cg	824e5ae8	fallout/ai/combat/combatthreatmap.cpp	fallout/ai	
4704	3	32	00559a40				fallout shared/tesobjectcell.cpp	fallout shared	
4705	3	33	0084e3a0					fallout/misc	
4706	3	34	006c6920				fallout shared/pathfinding/navmeshobstaclemanager.cpp	fallout shared/pathfinding	
4707	3	35	00905330				fallout/ai/highprocess.cpp	fallout/ai	
4708	3	36	0045cec0						
4709	3	37	00726070				fallout/interface/menumanager.cpp	fallout/interface	
4710	2	11	006c4970				fallout shared/pathfinding/navmeshobstaclemanager.cpp	fallout shared/pathfinding	
4711	3	1	008256d0					fallout/magic	
4712	3	2	006815c0					fallout shared	
4713	3	3	00694500	NavMesh::SetDisableNavMesh	str	824c49f0	fallout shared/pathfinding/navmesh_loadsave.cpp	fallout shared/pathfinding	
4714	3	4	00726070				fallout/interface/menumanager.cpp	fallout/interface	
4715	3	5	00470470						
4716	2	12	006c4900				fallout shared/pathfinding/navmeshobstaclemanager.cpp	fallout shared/pathfinding	
4717	3	1	008256d0					fallout/magic	
4718	3	2	006815c0					fallout shared	
4719	3	3	00694500	NavMesh::SetDisableNavMesh	str	824c49f0	fallout shared/pathfinding/navmesh_loadsave.cpp	fallout shared/pathfinding	
4720	3	4	00726070				fallout/interface/menumanager.cpp	fallout/interface	
4721	3	5	00470470						
4722	2	13	006c4c30				fallout shared/pathfinding/navmeshobstaclemanager.cpp	fallout shared/pathfinding	
4723	3	1	004b9ba0				fallout shared/globalfunc.cpp	fallout shared	
4724	3	2	00633c90					fallout shared/sky	
4725	3	3	00559120	NiTMapBase<DFALL<NiTMapItem<unsigned_int_NiPointer<ReferenceObstacleArray>_>_>_unsigned_int_NiPointer<ReferenceObstacleArray>_>::GetNext	cg	82a5f470	fallout shared/pathfinding/navmeshobstaclemanager.cpp	fallout shared/pathfinding	
4726	3	4	00559450						
4727	3	5	0044ddc0					fallout shared	
4728	3	6	00559450						
4729	3	7	00877a30				fallout/misc/main.cpp	fallout/misc	
4730	3	8	00559a40				fallout shared/tesobjectcell.cpp	fallout shared	
4731	3	9	006c1760				fallout shared/pathfinding/navmeshobstaclemanager.cpp	fallout shared/pathfinding	
4732	3	10	0045cec0						
4733	3	11	0045cec0						
4734	2	14	006c4ad0				fallout shared/pathfinding/navmeshobstaclemanager.cpp	fallout shared/pathfinding	
4735	3	1	006c6030				fallout shared/pathfinding/navmeshobstaclemanager.cpp	fallout shared/pathfinding	
4736	3	2	00633c90					fallout shared/sky	
4737	3	3	006c62d0						
4738	3	4	00620b80				fallout shared/havok/cameracaster.cpp	fallout shared/havok	
4739	3	5	004b4ec0						
4740	3	6	004a3c90					fallout shared	
4741	3	7	006815c0					fallout shared	
4742	3	8	00458620				fallout shared/tes.cpp	fallout shared	
4743	3	9	00559450						
4744	3	10	00439ef0				fallout shared/multiboundmarkerdata.cpp	fallout shared	
4745	3	11	004a7290				fallout shared/bgsprimitive.cpp	fallout shared	
4746	3	12	006c1760				fallout shared/pathfinding/navmeshobstaclemanager.cpp	fallout shared/pathfinding	
4747	3	13	00631620	BSSimpleList<NiPointer<ObstacleData>_>::Remove	cg	82369050	fallout shared/pathfinding/navmeshobstaclemanager.cpp	fallout shared/pathfinding	
4748	3	14	0045cec0						
4749	3	15	00ec408c						
4750	2	15	006c49e0				fallout shared/pathfinding/navmeshobstaclemanager.cpp	fallout shared/pathfinding	
4751	3	1	006c6030				fallout shared/pathfinding/navmeshobstaclemanager.cpp	fallout shared/pathfinding	
4752	3	2	00633c90					fallout shared/sky	
4753	3	3	006c62d0						
4754	3	4	006c6400				fallout shared/pathfinding/navmeshobstaclemanager.cpp	fallout shared/pathfinding	
4755	3	5	0045cec0						
4756	3	6	00631540						
4757	3	7	0045cec0						
4758	2	16	006c4d30				fallout shared/pathfinding/navmeshobstaclemanager.cpp	fallout shared/pathfinding	
4759	3	1	00403e20				fallout shared/magic/effectitem.cpp	fallout shared/magic	
4760	3	2	004a4460					fallout shared	
4761	3	3	006815c0					fallout shared	
4762	3	4	00559a40				fallout shared/tesobjectcell.cpp	fallout shared	
4763	3	5	00726070				fallout/interface/menumanager.cpp	fallout/interface	
4764	3	6	00559450						
4765	3	7	00559450						
4766	3	8	00620b80				fallout shared/havok/cameracaster.cpp	fallout shared/havok	
4767	3	9	004b4ec0						
4768	3	10	004a3c90					fallout shared	
4769	3	11	006815c0					fallout shared	
4770	3	12	00458620				fallout shared/tes.cpp	fallout shared	
4771	3	13	00559450						
4772	3	14	00439ef0				fallout shared/multiboundmarkerdata.cpp	fallout shared	
4773	3	15	004a7290				fallout shared/bgsprimitive.cpp	fallout shared	
4774	3	16	00825c00					fallout/magic	
4775	3	17	00559450						
4776	3	18	006c1760				fallout shared/pathfinding/navmeshobstaclemanager.cpp	fallout shared/pathfinding	
4777	3	19	0045cec0						
4778	3	20	00ec408c						
4779	2	17	006c3920				fallout shared/pathfinding/navmeshobstaclemanager.cpp	fallout shared/pathfinding	
4780	3	1	0040fbf0					fallout shared	
4781	3	2	0044ddc0					fallout shared	
4782	3	3	0040fba0					fallout shared	
4783	2	18	006c3970				fallout shared/pathfinding/navmeshobstaclemanager.cpp	fallout shared/pathfinding	
4784	3	1	0040fbf0					fallout shared	
4785	3	2	0044ddc0					fallout shared	
4786	3	3	0040fba0					fallout shared	
4787	2	19	0084e3a0					fallout/misc	
4788	2	20	0047d0b0	PathManager::QInstance	cg	822cd0b8	fallout shared/tesactorbasedata.cpp	fallout shared	
4789	3	1	006eb820	PathManager::PathManager	cg	82524168	fallout shared/pathfinding/pathmanager.cpp	fallout shared/pathfinding	
4790	3	2	00ec658f	_atexit	fid			LIBCMT	
4791	2	21	006ebc70				fallout shared/pathfinding/pathmanager.cpp	fallout shared/pathfinding	
4792	3	1	006eb310				fallout shared/pathfinding/pathmanager.cpp	fallout shared/pathfinding	
4793	2	22	0047d0b0	PathManager::QInstance	cg	822cd0b8	fallout shared/tesactorbasedata.cpp	fallout shared	
4794	3	1	006eb820	PathManager::PathManager	cg	82524168	fallout shared/pathfinding/pathmanager.cpp	fallout shared/pathfinding	
4795	3	2	00ec658f	_atexit	fid			LIBCMT	
4796	2	23	006ebc90				fallout shared/pathfinding/pathmanager.cpp	fallout shared/pathfinding	
4797	3	1	006eb390				fallout shared/pathfinding/pathmanager.cpp	fallout shared/pathfinding	
4798	2	24	006c3920				fallout shared/pathfinding/navmeshobstaclemanager.cpp	fallout shared/pathfinding	
4799	3	1	0040fbf0					fallout shared	
4800	3	2	0044ddc0					fallout shared	
4801	3	3	0040fba0					fallout shared	
4802	2	25	006c3970				fallout shared/pathfinding/navmeshobstaclemanager.cpp	fallout shared/pathfinding	
4803	3	1	0040fbf0					fallout shared	
4804	3	2	0044ddc0					fallout shared	
4805	3	3	0040fba0					fallout shared	
4806	2	26	006c3ba0	NavMeshObstacleManager::ReconnectPortals	str	824f2108	fallout shared/pathfinding/navmeshobstaclemanager.cpp	fallout shared/pathfinding	
4807	3	1	0044ddc0					fallout shared	
4808	3	2	00877a30				fallout/misc/main.cpp	fallout/misc	
4809	3	3	00458b50				fallout shared/tes.cpp	fallout shared	
4810	3	4	0044ddc0					fallout shared	
4811	3	5	006a1440				fallout shared/pathfinding/navmeshpovsearch.cpp	fallout shared/pathfinding	
4812	3	6	006c4350				fallout shared/pathfinding/navmeshobstaclemanager.cpp	fallout shared/pathfinding	
4813	3	7	00559450						
4814	3	8	00558200				fallout shared/tesobjectcell.cpp	fallout shared	
4815	3	9	005b5e40				fallout shared/tesscriptfunctions.cpp	fallout shared	
4816	3	10	00559450						
4817	3	11	0068f040	NavMesh::GetEdgeVertices	cg	824c10b8	fallout shared/pathfinding/navmesh.cpp	fallout shared/pathfinding	
4818	3	12	00559450						
4819	3	13	0068f040	NavMesh::GetEdgeVertices	cg	824c10b8	fallout shared/pathfinding/navmesh.cpp	fallout shared/pathfinding	
4820	3	14	00877a30				fallout/misc/main.cpp	fallout/misc	
4821	3	15	00458b50				fallout shared/tes.cpp	fallout shared	
4822	3	16	0044ddc0					fallout shared	
4823	3	17	006a1440				fallout shared/pathfinding/navmeshpovsearch.cpp	fallout shared/pathfinding	
4824	3	18	006c4350				fallout shared/pathfinding/navmeshobstaclemanager.cpp	fallout shared/pathfinding	
4825	3	19	00559450						
4826	3	20	00558200				fallout shared/tesobjectcell.cpp	fallout shared	
4827	3	21	005b5e40				fallout shared/tesscriptfunctions.cpp	fallout shared	
4828	3	22	00559450						
4829	3	23	0068f040	NavMesh::GetEdgeVertices	cg	824c10b8	fallout shared/pathfinding/navmesh.cpp	fallout shared/pathfinding	
4830	3	24	00559450						
4831	3	25	0068f040	NavMesh::GetEdgeVertices	cg	824c10b8	fallout shared/pathfinding/navmesh.cpp	fallout shared/pathfinding	
4832	3	26	00439ef0				fallout shared/multiboundmarkerdata.cpp	fallout shared	
4833	3	27	00595c80					fallout shared	
4834	3	28	00439ef0				fallout shared/multiboundmarkerdata.cpp	fallout shared	
4835	3	29	00595c80					fallout shared	
4836	3	30	006c4390				fallout shared/pathfinding/navmeshobstaclemanager.cpp	fallout shared/pathfinding	
4837	3	31	00691c90					fallout shared/pathfinding	
4838	3	32	00691c90					fallout shared/pathfinding	
4839	3	33	0044ddc0					fallout shared	
4840	3	34	006a1440				fallout shared/pathfinding/navmeshpovsearch.cpp	fallout shared/pathfinding	
4841	3	35	006c4350				fallout shared/pathfinding/navmeshobstaclemanager.cpp	fallout shared/pathfinding	
4842	3	36	006240d0					fallout shared/havok	
4843	3	37	00559450						
4844	3	38	0068f340	NavMesh::GetMatchingEdge	cg	824c1dc8	fallout shared/pathfinding/navmesh.cpp	fallout shared/pathfinding	
4845	3	39	0042fb00				fallout shared/extradatalist.cpp	fallout shared	
4846	3	40	00877a30				fallout/misc/main.cpp	fallout/misc	
4847	3	41	00877a30				fallout/misc/main.cpp	fallout/misc	
4848	3	42	0042f4c0				fallout shared/extradatalist.cpp	fallout shared	
4849	3	43	00877a30				fallout/misc/main.cpp	fallout/misc	
4850	3	44	00559450						
4851	3	45	0069ad00				fallout shared/pathfinding/navmesh_util.cpp	fallout shared/pathfinding	
4852	3	46	00559450						
4853	3	47	006a1440				fallout shared/pathfinding/navmeshpovsearch.cpp	fallout shared/pathfinding	
4854	3	48	006c4350				fallout shared/pathfinding/navmeshobstaclemanager.cpp	fallout shared/pathfinding	
4855	3	49	00559450						
4856	3	50	0068f230	NavMesh::GetEdgeExtraInfo	cg	824c0ea0	fallout shared/pathfinding/navmesh.cpp	fallout shared/pathfinding	
4857	3	51	0069a660				fallout shared/pathfinding/navmesh_util.cpp	fallout shared/pathfinding	
4858	3	52	006c4460				fallout shared/pathfinding/navmeshobstaclemanager.cpp	fallout shared/pathfinding	
4859	3	53	00691c90					fallout shared/pathfinding	
4860	3	54	0042fa40				fallout shared/extradatalist.cpp	fallout shared	
4861	3	55	00559450						
4862	3	56	00558200				fallout shared/tesobjectcell.cpp	fallout shared	
4863	3	57	0042fa40				fallout shared/extradatalist.cpp	fallout shared	
4864	3	58	00559450						
4865	3	59	005582f0				fallout shared/tesobjectcell.cpp	fallout shared	
4866	3	60	00691140				fallout shared/pathfinding/navmesh.cpp	fallout shared/pathfinding	
4867	3	61	0042fa40				fallout shared/extradatalist.cpp	fallout shared	
4868	3	62	00559450						
4869	3	63	0068f040	NavMesh::GetEdgeVertices	cg	824c10b8	fallout shared/pathfinding/navmesh.cpp	fallout shared/pathfinding	
4870	3	64	00559450						
4871	3	65	0068f040	NavMesh::GetEdgeVertices	cg	824c10b8	fallout shared/pathfinding/navmesh.cpp	fallout shared/pathfinding	
4872	3	66	00439ef0				fallout shared/multiboundmarkerdata.cpp	fallout shared	
4873	3	67	00595c80					fallout shared	
4874	3	68	00439ef0				fallout shared/multiboundmarkerdata.cpp	fallout shared	
4875	3	69	00595c80					fallout shared	
4876	3	70	006c4390				fallout shared/pathfinding/navmeshobstaclemanager.cpp	fallout shared/pathfinding	
4877	3	71	00691c90					fallout shared/pathfinding	
4878	3	72	0042fa40				fallout shared/extradatalist.cpp	fallout shared	
4879	3	73	0042fa40				fallout shared/extradatalist.cpp	fallout shared	
4880	2	27	006c44d0				fallout shared/pathfinding/navmeshobstaclemanager.cpp	fallout shared/pathfinding	
4881	3	1	0044ddc0					fallout shared	
4882	3	2	00877a30				fallout/misc/main.cpp	fallout/misc	
4883	3	3	006c85e0				fallout shared/pathfinding/navmeshobstacletask.cpp	fallout shared/pathfinding	
4884	2	28	006c4540				fallout shared/pathfinding/navmeshobstaclemanager.cpp	fallout shared/pathfinding	
4885	3	1	0044ddc0					fallout shared	
4886	3	2	00877a30				fallout/misc/main.cpp	fallout/misc	
4887	3	3	008454f0					fallout/misc	
4888	3	4	008454f0					fallout/misc	
4889	2	29	006c4ec0				fallout shared/pathfinding/navmeshobstaclemanager.cpp	fallout shared/pathfinding	
4890	3	1	004b9ba0				fallout shared/globalfunc.cpp	fallout shared	
4891	3	2	006b7f20				fallout shared/pathfinding/navmeshinfomap.cpp	fallout shared/pathfinding	
4892	3	3	00408d60						
4893	3	4	006c5ce0				fallout shared/pathfinding/navmeshobstaclemanager.cpp	fallout shared/pathfinding	
4894	3	5	0040fbf0					fallout shared	
4895	3	6	007cb2e0	BSSimpleArray<BGSBodyPart_P_1024>::AddUninitialized	cg	825bfa28	fallout/ai/combat/hitdata.cpp	fallout/ai	
4896	3	7	0040fba0					fallout shared	
4897	3	8	00438af0					fallout shared	
4898	2	30	0047d0b0	PathManager::QInstance	cg	822cd0b8	fallout shared/tesactorbasedata.cpp	fallout shared	
4899	3	1	006eb820	PathManager::PathManager	cg	82524168	fallout shared/pathfinding/pathmanager.cpp	fallout shared/pathfinding	
4900	3	2	00ec658f	_atexit	fid			LIBCMT	
4901	2	31	006ebcd0				fallout shared/pathfinding/pathmanager.cpp	fallout shared/pathfinding	
4902	3	1	006eb3b0				fallout shared/pathfinding/pathmanager.cpp	fallout shared/pathfinding	
4903	2	32	00552ba0				fallout shared/tesobjectcell.cpp	fallout shared	
4904	2	33	00552bb0				fallout shared/tesobjectcell.cpp	fallout shared	
4905	2	34	00552ba0				fallout shared/tesobjectcell.cpp	fallout shared	
4906	2	35	006a5ca0	NavMeshRender::UpdateRenderOnlyNavMeshes	align-sim	824d6fb0	fallout shared/pathfinding/navmeshrender.cpp	fallout shared/pathfinding	
4907	3	1	006a36e0	NavMeshRender::SetDraw	cg	824d3480	fallout shared/pathfinding/navmeshrender.cpp	fallout shared/pathfinding	
4908	3	2	00457070	TES::GetCurrentCell	cg	822a5440	fallout shared/tes.cpp	fallout shared	
4909	3	3	00425fd0						
4910	3	4	0043d4d0				fallout shared/modelloader.cpp	fallout shared	
4911	3	5	00544c30	TESObjectCELL::GetDataX	cg	82381790	fallout shared/tesobjectcell.cpp	fallout shared	
4912	3	6	00544c30	TESObjectCELL::GetDataX	cg	82381790	fallout shared/tesobjectcell.cpp	fallout shared	
4913	3	7	00544c60	TESObjectCELL::GetDataY	cg	823817c0	fallout shared/tesobjectcell.cpp	fallout shared	
4914	3	8	00544c60	TESObjectCELL::GetDataY	cg	823817c0	fallout shared/tesobjectcell.cpp	fallout shared	
4915	3	9	0054ddd0	TESObjectCELL::GetWorldSpace	cg	82381c00	fallout shared/tesobjectcell.cpp	fallout shared	
4916	3	10	005875a0	TESWorldSpace::GetCellFromCellCoord	cg	823c1bd0	fallout shared/tesworldspace.cpp	fallout shared	
4917	3	11	006a37a0	NavMeshRender::AddDrawOnlyNavMeshes	str	824d4ca8	fallout shared/pathfinding/navmeshrender.cpp	fallout shared/pathfinding	
4918	3	12	00552ba0				fallout shared/tesobjectcell.cpp	fallout shared	
4919	3	13	006a37a0	NavMeshRender::AddDrawOnlyNavMeshes	str	824d4ca8	fallout shared/pathfinding/navmeshrender.cpp	fallout shared/pathfinding	
4920	3	14	006a36e0	NavMeshRender::SetDraw	cg	824d3480	fallout shared/pathfinding/navmeshrender.cpp	fallout shared/pathfinding	
4921	2	36	00483710				fallout shared/tesform.cpp	fallout shared	
4922	2	37	004538c0	RtlLeaveCriticalSection	cg	831ff6cc	XBOXKRNL/import:xboxkrnl.exe@11626.0+1861.0	XBOXKRNL	
4923	3	1	0082f1f0					fallout/audio	
4924	2	38	00404ee0				fallout shared/magic/effectitem.cpp	fallout shared/magic	
4925	3	1	00404f70				fallout shared/magic/effectitem.cpp	fallout shared/magic	
4926	1	116	00991500	CombatManager::Update	frame	827a32c0		fallout/ai	
4927	2	1	00404eb0				fallout shared/magic/effectitem.cpp	fallout shared/magic	
4928	3	1	00404f00				fallout shared/magic/effectitem.cpp	fallout shared/magic	
4929	2	2	0084d030				fallout/misc/saveload/bgssaveloadglobaldata.cpp	fallout/misc	
4930	2	3	009915e0					fallout/ai	
4931	2	4	00658930						
4932	2	5	00877a30				fallout/misc/main.cpp	fallout/misc	
4933	2	6	00986c40				fallout/ai/combat/combatgroup.cpp	fallout/ai	
4934	3	1	0076b610						
4935	2	7	00986150	CombatGroup::Update	cg	827a18e0	fallout/ai/combat/combatgroup.cpp	fallout/ai	
4936	3	1	0098ce80	CombatGroup::UpdateCounts	cg	8279b160	fallout/ai/combat/combatgroup.cpp	fallout/ai	
4937	3	2	008d7f80				fallout/ai/highprocess.cpp	fallout/ai	
4938	3	3	0098cf70				fallout/ai/combat/combatgroup.cpp	fallout/ai	
4939	3	4	0098d030				fallout/ai/combat/combatgroup.cpp	fallout/ai	
4940	3	5	008d7f40				fallout/ai/highprocess.cpp	fallout/ai	
4941	3	6	0098d1a0				fallout/ai/combat/combatgroup.cpp	fallout/ai	
4942	3	7	0098a580	CombatGroup::UpdateSearch	align-sim	827a1128	fallout/ai/combat/combatgroup.cpp	fallout/ai	
4943	3	8	008d7f80				fallout/ai/highprocess.cpp	fallout/ai	
4944	3	9	0098c870	CombatGroup::UpdateCombatStrength	cg	8279ac00	fallout/ai/combat/combatgroup.cpp	fallout/ai	
4945	3	10	00403e20				fallout shared/magic/effectitem.cpp	fallout shared/magic	
4946	3	11	008d7f40				fallout/ai/highprocess.cpp	fallout/ai	
4947	3	12	00990890				fallout/ai/combat/combatgroupstrategy.cpp	fallout/ai	
4948	3	13	0098d2c0	CombatGroup::UpdateClusters	align-sim	8279fad8	fallout/ai/combat/combatgroup.cpp	fallout/ai	
4949	3	14	0097fa50				fallout/ai/combatcontroller.cpp	fallout/ai	
4950	3	15	0097ef30					fallout/ai	
4951	3	16	00403e20				fallout shared/magic/effectitem.cpp	fallout shared/magic	
4952	3	17	008d7f40				fallout/ai/highprocess.cpp	fallout/ai	
4953	3	18	008d7f80				fallout/ai/highprocess.cpp	fallout/ai	
4954	3	19	00403e20				fallout shared/magic/effectitem.cpp	fallout shared/magic	
4955	3	20	00403e20				fallout shared/magic/effectitem.cpp	fallout shared/magic	
4956	2	8	009a50b0	CombatThreatMap::UpdateThreats	align-sim	827b6a10	fallout/ai/combat/combatthreatmap.cpp	fallout/ai	
4957	3	1	004b9ba0				fallout shared/globalfunc.cpp	fallout shared	
4958	3	2	00aa6060	BSReadWriteLock::LockForWrite	cg	829fa448	BSCore/bsreadwritelock.cpp	BSCore	
4959	3	3	00435dd0				fallout shared/extradataobjects.cpp	fallout shared	
4960	3	4	006b7f20				fallout shared/pathfinding/navmeshinfomap.cpp	fallout shared/pathfinding	
4961	3	5	009a5170				fallout/ai/combat/combatthreatmap.cpp	fallout/ai	
4962	3	6	009a51b0				fallout/ai/combat/combatthreatmap.cpp	fallout/ai	
4963	3	7	00405430	NiTMapBase<DFALL<NiTMapItem<unsigned_int_CombatThreat_P>_>_unsigned_int_CombatThreat_P>::RemoveAt	cg	824e5ae8	fallout/ai/combat/combatthreatmap.cpp	fallout/ai	
4964	3	8	00aa62e0					BSCore	
4965	2	9	00404ee0				fallout shared/magic/effectitem.cpp	fallout shared/magic	
4966	3	1	00404f70				fallout shared/magic/effectitem.cpp	fallout shared/magic	
4967	1	117	00714a00				fallout/interface/interfacemanager.cpp	fallout/interface	
4968	1	118	00a81a80					NiMain	
4969	2	1	00a81a40					NiMain	
4970	2	2	00a81a40					NiMain	
4971	2	3	00714900				fallout/interface/interfacemanager.cpp	fallout/interface	
4972	3	1	00714930				fallout/interface/interfacemanager.cpp	fallout/interface	
4973	1	119	007023c0	Interface::GetTopMenuID	cg	8253d5c0	fallout/interface/interface.cpp	fallout/interface	
4974	2	1	004b7210				fallout shared/globalfunc.cpp	fallout shared	
4975	2	2	004b7210				fallout shared/globalfunc.cpp	fallout shared	
4976	2	3	009373f0				fallout/ai/modifierlist.cpp	fallout/ai	
4977	2	4	004b7210				fallout shared/globalfunc.cpp	fallout shared	
4978	2	5	00714f00	InterfaceManager::GetEnterStackTop	cg	82544b48	fallout/interface/interfacemanager.cpp	fallout/interface	
4979	1	120	007056f0	Interface::UpdateSleeping	cg	8253e7d8	fallout/interface/interface.cpp	fallout/interface	
4980	2	1	00705770				fallout/interface/interface.cpp	fallout/interface	
4981	2	2	00a09030	Tile::GetMenuByClass	cg	828efd80	BSMenu/tile.cpp	BSMenu	
4982	2	3	00a03c90	Tile::GetMenu	cg	828ea0b0	BSMenu/tile.cpp	BSMenu	
4983	3	1	00a044f0	Tile::Lock	cg	828ea9a0	BSMenu/tile.cpp	BSMenu	
4984	3	2	00a03d40	Tile::GetMenuTile	cg	828ea148	BSMenu/tile.cpp	BSMenu	
4985	3	3	00a04500	Tile::Unlock	cg	828ea9f8	BSMenu/tile.cpp	BSMenu	
4986	3	4	00a04500	Tile::Unlock	cg	828ea9f8	BSMenu/tile.cpp	BSMenu	
4987	2	4	004b7210				fallout shared/globalfunc.cpp	fallout shared	
4988	2	5	004b7210				fallout shared/globalfunc.cpp	fallout shared	
4989	2	6	009373f0				fallout/ai/modifierlist.cpp	fallout/ai	
4990	2	7	007c0580	SleepWaitMenu::UpdateSleeping	cg	825e7b28	fallout/interface/menus/sleepwaitmenu.cpp	fallout/interface	
4991	3	1	00877720				fallout/misc/main.cpp	fallout/misc	
4992	3	2	00a24660						
4993	3	3	00877720				fallout/misc/main.cpp	fallout/misc	
4994	3	4	00a24660						
4995	3	5	0094df60	PlayerCharacter::IsSleepingorResting	cg	82750e48	fallout/ai/playercharacter.cpp	fallout/ai	
4996	3	6	00703d50	Interface::IsConsoleVisible	cg	8253db90	fallout/interface/interface.cpp	fallout/interface	
4997	3	7	0084d030				fallout/misc/saveload/bgssaveloadglobaldata.cpp	fallout/misc	
4998	3	8	00455490				fallout shared/tes.cpp	fallout shared	
4999	3	9	004d1360				fallout shared/inventorychanges.cpp	fallout shared	
5000	3	10	00969c30	PlayerCharacter::UpdateHardcoreMode	cg	82752e28	fallout/ai/playercharacter.cpp	fallout/ai	
5001	3	11	0094df80	PlayerCharacter::PlayerSleep	align-sim	82750e60	fallout/ai/playercharacter.cpp	fallout/ai	
5002	3	12	005cde20				fallout shared/tesscriptfunctions.cpp	fallout shared	
5003	3	13	00a01860	Tile::TextToTrait	cg	828e77c8	BSMenu/tile.cpp	BSMenu	
5004	3	14	00700320					fallout/interface	
5005	3	15	00a01860	Tile::TextToTrait	cg	828e77c8	BSMenu/tile.cpp	BSMenu	
5006	3	16	00a01290	Tile::Poke	cg	828e65a8	BSMenu/tile.cpp	BSMenu	
5007	3	17	007c0000	SleepWaitMenu::SetTimeText	str	825e79f8	fallout/interface/menus/sleepwaitmenu.cpp	fallout/interface	
5008	1	121	00871dc0	Main::RenderMenuBackground	cg	8269e468	fallout/misc/main.cpp	fallout/misc	
5009	2	1	00404eb0				fallout shared/magic/effectitem.cpp	fallout shared/magic	
5010	3	1	00404f00				fallout shared/magic/effectitem.cpp	fallout shared/magic	
5011	2	2	008d6f30					fallout/ai	
5012	2	3	00404ee0				fallout shared/magic/effectitem.cpp	fallout shared/magic	
5013	3	1	00404f70				fallout shared/magic/effectitem.cpp	fallout shared/magic	
5014	2	4	0043c4b0				fallout shared/modelloader.cpp	fallout shared	
5015	2	5	004a0370				fallout shared/bgsdecalmanager.cpp	fallout shared	
5016	3	1	0082f1b0					fallout/audio	
5017	3	2	004a03a0				fallout shared/bgsdecalmanager.cpp	fallout shared	
5018	3	3	00483710				fallout shared/tesform.cpp	fallout shared	
5019	2	6	00a044f0	Tile::Lock	cg	828ea9a0	BSMenu/tile.cpp	BSMenu	
5020	2	7	004ea970				fallout shared/teswater.cpp	fallout shared	
5021	2	8	00ba2f30				BSShader/mtrenderingsystem.cpp	BSShader	
5022	2	9	00559450						
5023	2	10	00559450						
5024	2	11	004a0ea0				fallout shared/bgsdecalmanager.cpp	fallout shared	
5025	2	12	00b6da10	BSTextureManager::ReturnRenderedTexture	cg	82a626f0	BSShader/bstexturemanager.cpp	BSShader	
5026	3	1	00633c90					fallout shared/sky	
5027	3	2	00c1b4a0				NiParticle/niparticlesystem.cpp	NiParticle	
5028	3	3	0045cec0						
5029	3	4	00633c90					fallout shared/sky	
5030	3	5	00b9fcc0	NiTPointerListBase<NiTPointerAllocator<unsigned_int>_NiPointer<NiProperty>_>::Remove	cg	82a61ea0	fallout shared/facegen/bsfacegenmanager.cpp	fallout shared/facegen	
5031	3	6	00633c90					fallout shared/sky	
5032	3	7	00c1b4a0				NiParticle/niparticlesystem.cpp	NiParticle	
5033	3	8	0045cec0						
5034	3	9	00633c90					fallout shared/sky	
5035	3	10	00b9fcc0	NiTPointerListBase<NiTPointerAllocator<unsigned_int>_NiPointer<NiProperty>_>::Remove	cg	82a61ea0	fallout shared/facegen/bsfacegenmanager.cpp	fallout shared/facegen	
5036	3	11	00633c90					fallout shared/sky	
5037	3	12	00c1b4a0				NiParticle/niparticlesystem.cpp	NiParticle	
5038	3	13	0045cec0						
5039	3	14	00633c90					fallout shared/sky	
5040	3	15	00b9fcc0	NiTPointerListBase<NiTPointerAllocator<unsigned_int>_NiPointer<NiProperty>_>::Remove	cg	82a61ea0	fallout shared/facegen/bsfacegenmanager.cpp	fallout shared/facegen	
5041	3	16	00633c90					fallout shared/sky	
5042	3	17	00c1b4a0				NiParticle/niparticlesystem.cpp	NiParticle	
5043	3	18	0045cec0						
5044	3	19	00633c90					fallout shared/sky	
5045	3	20	00b9fcc0	NiTPointerListBase<NiTPointerAllocator<unsigned_int>_NiPointer<NiProperty>_>::Remove	cg	82a61ea0	fallout shared/facegen/bsfacegenmanager.cpp	fallout shared/facegen	
5046	3	21	00633c90					fallout shared/sky	
5047	3	22	00c1b4a0				NiParticle/niparticlesystem.cpp	NiParticle	
5048	3	23	0045cec0						
5049	3	24	00633c90					fallout shared/sky	
5050	3	25	00b9fcc0	NiTPointerListBase<NiTPointerAllocator<unsigned_int>_NiPointer<NiProperty>_>::Remove	cg	82a61ea0	fallout shared/facegen/bsfacegenmanager.cpp	fallout shared/facegen	
5051	3	26	0045cec0						
5052	3	27	0045cec0						
5053	3	28	00b58570					BSShader	
5054	3	29	00e7d7f0					NiXenonRenderer	
5055	2	13	0043c4b0				fallout shared/modelloader.cpp	fallout shared	
5056	2	14	004a0ea0				fallout shared/bgsdecalmanager.cpp	fallout shared	
5057	2	15	00b6e110					BSShader	
5058	3	1	00633c90					fallout shared/sky	
5059	3	2	00c1b4a0				NiParticle/niparticlesystem.cpp	NiParticle	
5060	3	3	0045cec0						
5061	3	4	00b9e7c0				BSShader/shadowscenelight.cpp	BSShader	
5062	3	5	0045cec0						
5063	3	6	00633c90					fallout shared/sky	
5064	3	7	00c1b4a0				NiParticle/niparticlesystem.cpp	NiParticle	
5065	3	8	0045cec0						
5066	3	9	00b9e7c0				BSShader/shadowscenelight.cpp	BSShader	
5067	3	10	0045cec0						
5068	3	11	00633c90					fallout shared/sky	
5069	3	12	00c1b4a0				NiParticle/niparticlesystem.cpp	NiParticle	
5070	3	13	0045cec0						
5071	3	14	00b9e7c0				BSShader/shadowscenelight.cpp	BSShader	
5072	3	15	0045cec0						
5073	3	16	00633c90					fallout shared/sky	
5074	3	17	00c1b4a0				NiParticle/niparticlesystem.cpp	NiParticle	
5075	3	18	0045cec0						
5076	3	19	00b9e7c0				BSShader/shadowscenelight.cpp	BSShader	
5077	3	20	0045cec0						
5078	3	21	00633c90					fallout shared/sky	
5079	3	22	00c1b4a0				NiParticle/niparticlesystem.cpp	NiParticle	
5080	3	23	0045cec0						
5081	3	24	00b9e7c0				BSShader/shadowscenelight.cpp	BSShader	
5082	3	25	0045cec0						
5083	3	26	00b6c2c0					BSShader	
5084	3	27	00b6d5e0	BSTextureManager::BorrowRenderedTexture	cg	82a622f0	BSShader/bstexturemanager.cpp	BSShader	
5085	2	16	0066b0d0					fallout shared/speedtree	
5086	3	1	00401970						
5087	3	2	0040f6e0					fallout shared	
5088	2	17	0043c4b0				fallout shared/modelloader.cpp	fallout shared	
5089	2	18	00559450						
5090	2	19	00872370				fallout/misc/main.cpp	fallout/misc	
5091	3	1	00559450						
5092	3	2	00559450						
5093	2	20	0043c4b0				fallout shared/modelloader.cpp	fallout shared	
5094	2	21	00559450						
5095	2	22	008723d0				fallout/misc/main.cpp	fallout/misc	
5096	3	1	00559450						
5097	3	2	00559450						
5098	2	23	0043c4b0				fallout shared/modelloader.cpp	fallout shared	
5099	2	24	00559450						
5100	2	25	00872370				fallout/misc/main.cpp	fallout/misc	
5101	3	1	00559450						
5102	3	2	00559450						
5103	2	26	0040ebd0					fallout shared	
5104	2	27	0043c4b0				fallout shared/modelloader.cpp	fallout shared	
5105	2	28	00559450						
5106	2	29	008723d0				fallout/misc/main.cpp	fallout/misc	
5107	3	1	00559450						
5108	3	2	00559450						
5109	2	30	0040ebd0					fallout shared	
5110	2	31	00414430				fallout shared/extradatalist.cpp	fallout shared	
5111	2	32	00524c90				fallout shared/tesobjectweap.cpp	fallout shared	
5112	3	1	00559450						
5113	3	2	006629f0	BSFaceGenNiNode::GetAnimationData	vt	824994a8	fallout shared/facegen/bsfacegenninode.cpp	fallout shared/facegen	
5114	2	33	00712e60				fallout/interface/interfacemanager.cpp	fallout/interface	
5115	2	34	00524c90				fallout shared/tesobjectweap.cpp	fallout shared	
5116	3	1	00559450						
5117	3	2	006629f0	BSFaceGenNiNode::GetAnimationData	vt	824994a8	fallout shared/facegen/bsfacegenninode.cpp	fallout shared/facegen	
5118	2	35	00712e60				fallout/interface/interfacemanager.cpp	fallout/interface	
5119	2	36	004b7210				fallout shared/globalfunc.cpp	fallout shared	
5120	2	37	00718ab0	InterfaceManager::GetCurrentImagespaceMod	cg	82545d38	fallout/interface/interfacemanager.cpp	fallout/interface	
5121	3	1	007023c0	Interface::GetTopMenuID	cg	8253d5c0	fallout/interface/interface.cpp	fallout/interface	
5122	3	2	004a4040					fallout shared	
5123	3	3	004839c0				fallout shared/tesform.cpp	fallout shared	
5124	3	4	00967ae0	PlayerCharacter::IsPipboyActive	cg	8275be10	fallout/ai/playercharacter.cpp	fallout/ai	
5125	3	5	004839c0				fallout shared/tesform.cpp	fallout shared	
5126	3	6	004839c0				fallout shared/tesform.cpp	fallout shared	
5127	3	7	004b7210				fallout shared/globalfunc.cpp	fallout shared	
5128	3	8	00586150				fallout shared/tesworldspace.cpp	fallout shared	
5129	3	9	00a03da0	Tile::GetChildByName	cg	828ea1e0	BSMenu/tile.cpp	BSMenu	
5130	3	10	004839c0				fallout shared/tesform.cpp	fallout shared	
5131	2	38	005d2860	TESImageSpaceModifier::GetGetHit	cg	823f09a0	fallout shared/tesscriptfunctions.cpp	fallout shared	
5132	3	1	004839c0				fallout shared/tesform.cpp	fallout shared	
5133	3	2	00ec43fb	__RTDynamicCast	str	82eb3b00	LIBCMT/rtti.cpp	LIBCMT	
5134	2	39	00529c90	ImageSpaceModifierInstanceForm::Stop	cg	82369738	fallout shared/imagespacemodifierinstance.cpp	fallout shared	
5135	3	1	0043b5d0				fallout shared/modelloader.cpp	fallout shared	
5136	3	2	006815c0					fallout shared	
5137	3	3	00559450						
5138	3	4	00441110	PathingLocation::GetWorldspace	cg	82c279e0	fallout shared/pathfinding/pathinglocation.cpp	fallout shared/pathfinding	
5139	3	5	00633c90					fallout shared/sky	
5140	3	6	00631620	BSSimpleList<NiPointer<ObstacleData>_>::Remove	cg	82369050	fallout shared/pathfinding/navmeshobstaclemanager.cpp	fallout shared/pathfinding	
5141	3	7	0045cec0						
5142	3	8	009611e0				fallout/ai/playercharacter.cpp	fallout/ai	
5143	3	9	009611e0				fallout/ai/playercharacter.cpp	fallout/ai	
5144	3	10	0084e3a0					fallout/misc	
5145	3	11	00453a70	BSAudio::QInstance	cg	822a1ca0	fallout shared/tes.cpp	fallout shared	
5146	3	12	00ad73b0	BSAudio::GetSoundHandleByNumericID	cg	8290c000	BSAudio/bsaudio.cpp	BSAudio	
5147	3	13	00ad8830	BSSoundHandle::Play	cg	8290d3d0	BSAudio/bssoundhandle.cpp	BSAudio	
5148	3	14	00483710				fallout shared/tesform.cpp	fallout shared	
5149	3	15	00726070				fallout/interface/menumanager.cpp	fallout/interface	
5150	2	40	005299a0	ImageSpaceModifierInstanceForm::Trigger	cg	82369370	fallout shared/imagespacemodifierinstance.cpp	fallout shared	
5151	3	1	00aa13e0					NiSystem	
5152	3	2	00529700	ImageSpaceModifierInstanceForm::ImageSpaceModifierInstanceForm	cg	823688e0	fallout shared/imagespacemodifierinstance.cpp	fallout shared	
5153	3	3	00633c90					fallout shared/sky	
5154	3	4	0043b5d0				fallout shared/modelloader.cpp	fallout shared	
5155	3	5	0052a9b0					fallout shared	
5156	3	6	0045cec0						
5157	3	7	00441110	PathingLocation::GetWorldspace	cg	82c279e0	fallout shared/pathfinding/pathinglocation.cpp	fallout shared/pathfinding	
5158	3	8	00441110	PathingLocation::GetWorldspace	cg	82c279e0	fallout shared/pathfinding/pathinglocation.cpp	fallout shared/pathfinding	
5159	3	9	0084e3a0					fallout/misc	
5160	3	10	00453a70	BSAudio::QInstance	cg	822a1ca0	fallout shared/tes.cpp	fallout shared	
5161	3	11	00ad73b0	BSAudio::GetSoundHandleByNumericID	cg	8290c000	BSAudio/bsaudio.cpp	BSAudio	
5162	3	12	00ad8830	BSSoundHandle::Play	cg	8290d3d0	BSAudio/bssoundhandle.cpp	BSAudio	
5163	3	13	00483710				fallout shared/tesform.cpp	fallout shared	
5164	2	41	0086fd90	Main::OnIdle_UpdateImageSpace	cg	8269c100	fallout/misc/main.cpp	fallout/misc	
5165	3	1	004e3270				fallout shared/teswater.cpp	fallout shared	
5166	3	2	00b8b500				BSShader/imagespacemanager.cpp	BSShader	
5167	3	3	004e3270				fallout shared/teswater.cpp	fallout shared	
5168	3	4	00b8b9a0				BSShader/imagespacemanager.cpp	BSShader	
5169	3	5	0084d030				fallout/misc/saveload/bgssaveloadglobaldata.cpp	fallout/misc	
5170	3	6	0086ff50				fallout/misc/main.cpp	fallout/misc	
5171	3	7	0043b5d0				fallout shared/modelloader.cpp	fallout shared	
5172	3	8	006815c0					fallout shared	
5173	3	9	00559450						
5174	3	10	00633c90					fallout shared/sky	
5175	3	11	00631620	BSSimpleList<NiPointer<ObstacleData>_>::Remove	cg	82369050	fallout shared/pathfinding/navmeshobstaclemanager.cpp	fallout shared/pathfinding	
5176	3	12	0045cec0						
5177	3	13	0086ff40				fallout/misc/main.cpp	fallout/misc	
5178	3	14	0084d030				fallout/misc/saveload/bgssaveloadglobaldata.cpp	fallout/misc	
5179	3	15	00726070				fallout/interface/menumanager.cpp	fallout/interface	
5180	3	16	004e3270				fallout shared/teswater.cpp	fallout shared	
5181	3	17	00b8aea0				BSShader/imagespacemanager.cpp	BSShader	
5182	3	18	004e3270				fallout shared/teswater.cpp	fallout shared	
5183	3	19	00b8ccb0				BSShader/imagespacemanager.cpp	BSShader	
5184	3	20	004e3270				fallout shared/teswater.cpp	fallout shared	
5185	3	21	00b8d020				BSShader/imagespacemanager.cpp	BSShader	
5186	3	22	004e3270				fallout shared/teswater.cpp	fallout shared	
5187	3	23	00b8b440				BSShader/imagespacemanager.cpp	BSShader	
5188	2	42	00705a00	Interface::IsInPipboyMenu	cg	82540ea0	fallout/interface/interface.cpp	fallout/interface	
5189	3	1	004b7210				fallout shared/globalfunc.cpp	fallout shared	
5190	3	2	004b7210				fallout shared/globalfunc.cpp	fallout shared	
5191	3	3	009373f0				fallout/ai/modifierlist.cpp	fallout/ai	
5192	3	4	00709bc0	Interface::IsPipboyOpening	cg	8253f9c0	fallout/interface/interface.cpp	fallout/interface	
5193	3	5	00709c00				fallout/interface/interface.cpp	fallout/interface	
5194	2	43	00702680	Interface::IsMenuIDVisible	cg	8253fa68	fallout/interface/interface.cpp	fallout/interface	
5195	3	1	004b7210				fallout shared/globalfunc.cpp	fallout shared	
5196	3	2	004b7210				fallout shared/globalfunc.cpp	fallout shared	
5197	3	3	009373f0				fallout/ai/modifierlist.cpp	fallout/ai	
5198	3	4	00709c00				fallout/interface/interface.cpp	fallout/interface	
5199	3	5	00702680	Interface::IsMenuIDVisible	cg	8253fa68	fallout/interface/interface.cpp	fallout/interface	recursive
5200	3	6	00702680	Interface::IsMenuIDVisible	cg	8253fa68	fallout/interface/interface.cpp	fallout/interface	recursive
5201	3	7	00702680	Interface::IsMenuIDVisible	cg	8253fa68	fallout/interface/interface.cpp	fallout/interface	recursive
5202	3	8	00702680	Interface::IsMenuIDVisible	cg	8253fa68	fallout/interface/interface.cpp	fallout/interface	recursive
5203	3	9	00702680	Interface::IsMenuIDVisible	cg	8253fa68	fallout/interface/interface.cpp	fallout/interface	recursive
5204	3	10	00a09030	Tile::GetMenuByClass	cg	828efd80	BSMenu/tile.cpp	BSMenu	
5205	3	11	00a03c90	Tile::GetMenu	cg	828ea0b0	BSMenu/tile.cpp	BSMenu	
5206	3	12	00a03c90	Tile::GetMenu	cg	828ea0b0	BSMenu/tile.cpp	BSMenu	
5207	3	13	0059bb30	D3DTexture_LockRect	cg	828440f8	d3d9/texture.cpp	d3d9	
5208	3	14	007027b0				fallout/interface/interface.cpp	fallout/interface	
5209	2	44	00559450						
5210	2	45	008706b0				fallout/misc/main.cpp	fallout/misc	
5211	3	1	00450b80				fallout shared/tes.cpp	fallout shared	
5212	3	2	00870770				fallout/misc/main.cpp	fallout/misc	
5213	3	3	0045c670				fallout shared/tes.cpp	fallout shared	
5214	3	4	006629f0	BSFaceGenNiNode::GetAnimationData	vt	824994a8	fallout shared/facegen/bsfacegenninode.cpp	fallout shared/facegen	
5215	3	5	0045bb80				fallout shared/tes.cpp	fallout shared	
5216	3	6	00450b80				fallout shared/tes.cpp	fallout shared	
5217	3	7	00870790				fallout/misc/main.cpp	fallout/misc	
5218	3	8	00702680	Interface::IsMenuIDVisible	cg	8253fa68	fallout/interface/interface.cpp	fallout/interface	
5219	3	9	008707c0				fallout/misc/main.cpp	fallout/misc	
5220	3	10	00870a00				fallout/misc/main.cpp	fallout/misc	
5221	3	11	00870bd0				fallout/misc/main.cpp	fallout/misc	
5222	2	46	00702680	Interface::IsMenuIDVisible	cg	8253fa68	fallout/interface/interface.cpp	fallout/interface	
5223	3	1	004b7210				fallout shared/globalfunc.cpp	fallout shared	
5224	3	2	004b7210				fallout shared/globalfunc.cpp	fallout shared	
5225	3	3	009373f0				fallout/ai/modifierlist.cpp	fallout/ai	
5226	3	4	00709c00				fallout/interface/interface.cpp	fallout/interface	
5227	3	5	00702680	Interface::IsMenuIDVisible	cg	8253fa68	fallout/interface/interface.cpp	fallout/interface	recursive
5228	3	6	00702680	Interface::IsMenuIDVisible	cg	8253fa68	fallout/interface/interface.cpp	fallout/interface	recursive
5229	3	7	00702680	Interface::IsMenuIDVisible	cg	8253fa68	fallout/interface/interface.cpp	fallout/interface	recursive
5230	3	8	00702680	Interface::IsMenuIDVisible	cg	8253fa68	fallout/interface/interface.cpp	fallout/interface	recursive
5231	3	9	00702680	Interface::IsMenuIDVisible	cg	8253fa68	fallout/interface/interface.cpp	fallout/interface	recursive
5232	3	10	00a09030	Tile::GetMenuByClass	cg	828efd80	BSMenu/tile.cpp	BSMenu	
5233	3	11	00a03c90	Tile::GetMenu	cg	828ea0b0	BSMenu/tile.cpp	BSMenu	
5234	3	12	00a03c90	Tile::GetMenu	cg	828ea0b0	BSMenu/tile.cpp	BSMenu	
5235	3	13	0059bb30	D3DTexture_LockRect	cg	828440f8	d3d9/texture.cpp	d3d9	
5236	3	14	007027b0				fallout/interface/interface.cpp	fallout/interface	
5237	2	47	004a4040					fallout shared	
5238	3	1	004a4080					fallout shared	
5239	2	48	004a0eb0				fallout shared/bgsdecalmanager.cpp	fallout shared	
5240	3	1	00a69400				NiMain/nicullingprocess.cpp	NiMain	
5241	3	2	00633c90					fallout shared/sky	
5242	2	49	00707ad0	Interface::GetCurrentRenderedMenu	cg	8253f898	fallout/interface/interface.cpp	fallout/interface	
5243	3	1	004b7210				fallout shared/globalfunc.cpp	fallout shared	
5244	3	2	00707af0				fallout/interface/interface.cpp	fallout/interface	
5245	2	50	008b6200				fallout/ai/actor.cpp	fallout/ai	
5246	3	1	00559450						
5247	2	51	0041fd00	NonActorMagicCaster::SetCurrentSpell	vt	826569e0	fallout/magic/nonactormagiccaster.cpp	fallout/magic	
5248	2	52	00559450						
5249	2	53	004a0fd0				fallout shared/bgsdecalmanager.cpp	fallout shared	
5250	3	1	0066b0d0					fallout shared/speedtree	
5251	2	54	00450b80				fallout shared/tes.cpp	fallout shared	
5252	2	55	00559450						
5253	2	56	004a1020				fallout shared/bgsdecalmanager.cpp	fallout shared	
5254	2	57	00707ad0	Interface::GetCurrentRenderedMenu	cg	8253f898	fallout/interface/interface.cpp	fallout/interface	
5255	3	1	004b7210				fallout shared/globalfunc.cpp	fallout shared	
5256	3	2	00707af0				fallout/interface/interface.cpp	fallout/interface	
5257	2	58	005585e0				fallout shared/tesobjectcell.cpp	fallout shared	
5258	3	1	00559450						
5259	2	59	00b6bee0	BSShaderUtil::AccumulateScene	cg	82a5f010	BSShader/bsshaderutil.cpp	BSShader	
5260	3	1	004dc540				fallout shared/renderer.cpp	fallout shared	
5261	3	2	0045cec0						
5262	3	3	00b54ac0	BSShaderManager::SetAccumulator	cg	82a40500	BSShader/bsshadermanager.cpp	BSShader	
5263	2	60	00559450						
5264	2	61	00b6c0d0					BSShader	
5265	3	1	004e9bb0				fallout shared/teswater.cpp	fallout shared	
5266	3	2	00b54b10				BSShader/bsshadermanager.cpp	BSShader	
5267	2	62	004a0fd0				fallout shared/bgsdecalmanager.cpp	fallout shared	
5268	3	1	0066b0d0					fallout shared/speedtree	
5269	2	63	004a0f60	BSCullingProcess::~BSCullingProcess	cg	822ef570	fallout shared/bgsdecalmanager.cpp	fallout shared	
5270	3	1	0045cec0						
5271	3	2	00a693e0					NiMain	
5272	2	64	00529c90	ImageSpaceModifierInstanceForm::Stop	cg	82369738	fallout shared/imagespacemodifierinstance.cpp	fallout shared	
5273	3	1	0043b5d0				fallout shared/modelloader.cpp	fallout shared	
5274	3	2	006815c0					fallout shared	
5275	3	3	00559450						
5276	3	4	00441110	PathingLocation::GetWorldspace	cg	82c279e0	fallout shared/pathfinding/pathinglocation.cpp	fallout shared/pathfinding	
5277	3	5	00633c90					fallout shared/sky	
5278	3	6	00631620	BSSimpleList<NiPointer<ObstacleData>_>::Remove	cg	82369050	fallout shared/pathfinding/navmeshobstaclemanager.cpp	fallout shared/pathfinding	
5279	3	7	0045cec0						
5280	3	8	009611e0				fallout/ai/playercharacter.cpp	fallout/ai	
5281	3	9	009611e0				fallout/ai/playercharacter.cpp	fallout/ai	
5282	3	10	0084e3a0					fallout/misc	
5283	3	11	00453a70	BSAudio::QInstance	cg	822a1ca0	fallout shared/tes.cpp	fallout shared	
5284	3	12	00ad73b0	BSAudio::GetSoundHandleByNumericID	cg	8290c000	BSAudio/bsaudio.cpp	BSAudio	
5285	3	13	00ad8830	BSSoundHandle::Play	cg	8290d3d0	BSAudio/bssoundhandle.cpp	BSAudio	
5286	3	14	00483710				fallout shared/tesform.cpp	fallout shared	
5287	3	15	00726070				fallout/interface/menumanager.cpp	fallout/interface	
5288	2	65	0086fd90	Main::OnIdle_UpdateImageSpace	cg	8269c100	fallout/misc/main.cpp	fallout/misc	
5289	3	1	004e3270				fallout shared/teswater.cpp	fallout shared	
5290	3	2	00b8b500				BSShader/imagespacemanager.cpp	BSShader	
5291	3	3	004e3270				fallout shared/teswater.cpp	fallout shared	
5292	3	4	00b8b9a0				BSShader/imagespacemanager.cpp	BSShader	
5293	3	5	0084d030				fallout/misc/saveload/bgssaveloadglobaldata.cpp	fallout/misc	
5294	3	6	0086ff50				fallout/misc/main.cpp	fallout/misc	
5295	3	7	0043b5d0				fallout shared/modelloader.cpp	fallout shared	
5296	3	8	006815c0					fallout shared	
5297	3	9	00559450						
5298	3	10	00633c90					fallout shared/sky	
5299	3	11	00631620	BSSimpleList<NiPointer<ObstacleData>_>::Remove	cg	82369050	fallout shared/pathfinding/navmeshobstaclemanager.cpp	fallout shared/pathfinding	
5300	3	12	0045cec0						
5301	3	13	0086ff40				fallout/misc/main.cpp	fallout/misc	
5302	3	14	0084d030				fallout/misc/saveload/bgssaveloadglobaldata.cpp	fallout/misc	
5303	3	15	00726070				fallout/interface/menumanager.cpp	fallout/interface	
5304	3	16	004e3270				fallout shared/teswater.cpp	fallout shared	
5305	3	17	00b8aea0				BSShader/imagespacemanager.cpp	BSShader	
5306	3	18	004e3270				fallout shared/teswater.cpp	fallout shared	
5307	3	19	00b8ccb0				BSShader/imagespacemanager.cpp	BSShader	
5308	3	20	004e3270				fallout shared/teswater.cpp	fallout shared	
5309	3	21	00b8d020				BSShader/imagespacemanager.cpp	BSShader	
5310	3	22	004e3270				fallout shared/teswater.cpp	fallout shared	
5311	3	23	00b8b440				BSShader/imagespacemanager.cpp	BSShader	
5312	2	66	004ea970				fallout shared/teswater.cpp	fallout shared	
5313	2	67	00ba30f0	MTRenderingSystem::SetThreadStage	cg	82a7d220	BSShader/mtrenderingsystem.cpp	BSShader	
5314	2	68	004ea970				fallout shared/teswater.cpp	fallout shared	
5315	2	69	00ba3130				BSShader/mtrenderingsystem.cpp	BSShader	
5316	2	70	004ea970				fallout shared/teswater.cpp	fallout shared	
5317	2	71	00ba2fa0				BSShader/mtrenderingsystem.cpp	BSShader	
5318	2	72	00414430				fallout shared/extradatalist.cpp	fallout shared	
5319	2	73	00524c90				fallout shared/tesobjectweap.cpp	fallout shared	
5320	3	1	00559450						
5321	3	2	006629f0	BSFaceGenNiNode::GetAnimationData	vt	824994a8	fallout shared/facegen/bsfacegenninode.cpp	fallout shared/facegen	
5322	2	74	00712e60				fallout/interface/interfacemanager.cpp	fallout/interface	
5323	2	75	00a04500	Tile::Unlock	cg	828ea9f8	BSMenu/tile.cpp	BSMenu	
5324	2	76	0043c4b0				fallout shared/modelloader.cpp	fallout shared	
5325	2	77	004a03c0				fallout shared/bgsdecalmanager.cpp	fallout shared	
5326	3	1	004a03a0				fallout shared/bgsdecalmanager.cpp	fallout shared	
5327	3	2	00483710				fallout shared/tesform.cpp	fallout shared	
5328	3	3	0082f1f0					fallout/audio	
5329	2	78	00404ee0				fallout shared/magic/effectitem.cpp	fallout shared/magic	
5330	3	1	00404f70				fallout shared/magic/effectitem.cpp	fallout shared/magic	
5331	1	122	0057ab70				fallout shared/tesobjectrefr.cpp	fallout shared	
5332	2	1	004b9ba0				fallout shared/globalfunc.cpp	fallout shared	
5333	2	2	006b7f20				fallout shared/pathfinding/navmeshinfomap.cpp	fallout shared/pathfinding	
5334	2	3	008d6f30					fallout/ai	
5335	2	4	005497a0				fallout shared/tesobjectcell.cpp	fallout shared	
5336	3	1	00456fc0						
5337	2	5	009611e0				fallout/ai/playercharacter.cpp	fallout/ai	
5338	2	6	008d6f30					fallout/ai	
5339	2	7	00545960				fallout shared/tesobjectcell.cpp	fallout shared	
5340	3	1	00439f90				fallout shared/multiboundmarkerdata.cpp	fallout shared	
5341	3	2	00633c90					fallout shared/sky	
5342	3	3	006c62d0						
5343	3	4	00559450						
5344	3	5	00545740				fallout shared/tesobjectcell.cpp	fallout shared	
5345	3	6	0066b0d0					fallout shared/speedtree	
5346	3	7	00559450						
5347	3	8	0045cec0						
5348	2	8	009611e0				fallout/ai/playercharacter.cpp	fallout/ai	
5349	2	9	00569ae0				fallout shared/tesobjectrefr.cpp	fallout shared	
5350	3	1	00439f90				fallout shared/multiboundmarkerdata.cpp	fallout shared	
5351	3	2	005d43c0				fallout shared/tesscriptfunctions.cpp	fallout shared	
5352	3	3	00421e40				fallout shared/extradatalist.cpp	fallout shared	
5353	2	10	00438af0					fallout shared	
5354	1	123	00b60040					BSShader	
5355	2	1	00b5fd60					BSShader	
5356	3	1	0040fbf0					fallout shared	
5357	3	2	00b5cd00				BSShader/shadowscenenode.cpp	BSShader	
5358	3	3	00b5eca0				BSShader/shadowscenenode.cpp	BSShader	
5359	3	4	00b5d930				BSShader/shadowscenenode.cpp	BSShader	
5360	3	5	00b5d300				BSShader/shadowscenenode.cpp	BSShader	
5361	3	6	00b6d4c0					BSShader	
5362	3	7	00b5ef90	ShadowSceneNode::RemoveQueuedLight_ov2	cg	82a54da0	BSShader/shadowscenenode.cpp	BSShader	
5363	3	8	00b5ef90	ShadowSceneNode::RemoveQueuedLight_ov2	cg	82a54da0	BSShader/shadowscenenode.cpp	BSShader	
5364	3	9	0040fbf0					fallout shared	
5365	3	10	00b5dac0	ShadowSceneNode::UpdateQueuedObjectLightingStart	cg	82a4f6e0	BSShader/shadowscenenode.cpp	BSShader	
5366	3	11	00b5dac0	ShadowSceneNode::UpdateQueuedObjectLightingStart	cg	82a4f6e0	BSShader/shadowscenenode.cpp	BSShader	
5367	3	12	00c5b8d0				BSMain/bsportalgraph.obj	BSMain	
5368	3	13	00e74d40	NiTPointerListBase<NiTPointerAllocator<unsigned_int>_NiPointer<NiPSysModifier>_>::RemoveAll	cg	82a09c50	NiParticle/niparticlesystem.cpp	NiParticle	
5369	3	14	00e74d40	NiTPointerListBase<NiTPointerAllocator<unsigned_int>_NiPointer<NiPSysModifier>_>::RemoveAll	cg	82a09c50	NiParticle/niparticlesystem.cpp	NiParticle	
5370	3	15	00e74d40	NiTPointerListBase<NiTPointerAllocator<unsigned_int>_NiPointer<NiPSysModifier>_>::RemoveAll	cg	82a09c50	NiParticle/niparticlesystem.cpp	NiParticle	
5371	3	16	00e74d40	NiTPointerListBase<NiTPointerAllocator<unsigned_int>_NiPointer<NiPSysModifier>_>::RemoveAll	cg	82a09c50	NiParticle/niparticlesystem.cpp	NiParticle	
5372	3	17	00e74d40	NiTPointerListBase<NiTPointerAllocator<unsigned_int>_NiPointer<NiPSysModifier>_>::RemoveAll	cg	82a09c50	NiParticle/niparticlesystem.cpp	NiParticle	
5373	1	124	0047e040	TESActorBaseData::GetAlignmentForKarma	cg	822ccd80	fallout shared/tesactorbasedata.cpp	fallout shared	
5374	2	1	00403e20				fallout shared/magic/effectitem.cpp	fallout shared/magic	
5375	2	2	00403e20				fallout shared/magic/effectitem.cpp	fallout shared/magic	
5376	2	3	00403e20				fallout shared/magic/effectitem.cpp	fallout shared/magic	
5377	2	4	00403e20				fallout shared/magic/effectitem.cpp	fallout shared/magic	
5378	1	125	0086ff70	Main::Swap	frame	8269ed48	fallout/misc/main.cpp	fallout/misc	
5379	2	1	0043c4b0				fallout shared/modelloader.cpp	fallout shared	
5380	2	2	004a0370				fallout shared/bgsdecalmanager.cpp	fallout shared	
5381	3	1	0082f1b0					fallout/audio	
5382	3	2	004a03a0				fallout shared/bgsdecalmanager.cpp	fallout shared	
5383	3	3	00483710				fallout shared/tesform.cpp	fallout shared	
5384	2	3	00950bb0				fallout/ai/playercharacter.cpp	fallout/ai	
5385	3	1	00559450						
5386	3	2	0043fcd0				fallout shared/modelloader.cpp	fallout shared	
5387	2	4	00456610						
5388	3	1	00456630						
5389	2	5	00950bb0				fallout/ai/playercharacter.cpp	fallout/ai	
5390	3	1	00559450						
5391	3	2	0043fcd0				fallout shared/modelloader.cpp	fallout shared	
5392	2	6	00456610						
5393	3	1	00456630						
5394	2	7	00950bb0				fallout/ai/playercharacter.cpp	fallout/ai	
5395	3	1	00559450						
5396	3	2	0043fcd0				fallout shared/modelloader.cpp	fallout shared	
5397	2	8	00450f90				fallout shared/tes.cpp	fallout shared	
5398	3	1	0043b370				fallout shared/modelloader.cpp	fallout shared	
5399	2	9	00950bb0				fallout/ai/playercharacter.cpp	fallout/ai	
5400	3	1	00559450						
5401	3	2	0043fcd0				fallout shared/modelloader.cpp	fallout shared	
5402	2	10	00450f90				fallout shared/tes.cpp	fallout shared	
5403	3	1	0043b370				fallout shared/modelloader.cpp	fallout shared	
5404	2	11	00871dc0	Main::RenderMenuBackground	cg	8269e468	fallout/misc/main.cpp	fallout/misc	
5405	3	1	00404eb0				fallout shared/magic/effectitem.cpp	fallout shared/magic	
5406	3	2	008d6f30					fallout/ai	
5407	3	3	00404ee0				fallout shared/magic/effectitem.cpp	fallout shared/magic	
5408	3	4	0043c4b0				fallout shared/modelloader.cpp	fallout shared	
5409	3	5	004a0370				fallout shared/bgsdecalmanager.cpp	fallout shared	
5410	3	6	00a044f0	Tile::Lock	cg	828ea9a0	BSMenu/tile.cpp	BSMenu	
5411	3	7	004ea970				fallout shared/teswater.cpp	fallout shared	
5412	3	8	00ba2f30				BSShader/mtrenderingsystem.cpp	BSShader	
5413	3	9	00559450						
5414	3	10	00559450						
5415	3	11	004a0ea0				fallout shared/bgsdecalmanager.cpp	fallout shared	
5416	3	12	00b6da10	BSTextureManager::ReturnRenderedTexture	cg	82a626f0	BSShader/bstexturemanager.cpp	BSShader	
5417	3	13	0043c4b0				fallout shared/modelloader.cpp	fallout shared	
5418	3	14	004a0ea0				fallout shared/bgsdecalmanager.cpp	fallout shared	
5419	3	15	00b6e110					BSShader	
5420	3	16	0066b0d0					fallout shared/speedtree	
5421	3	17	0043c4b0				fallout shared/modelloader.cpp	fallout shared	
5422	3	18	00559450						
5423	3	19	00872370				fallout/misc/main.cpp	fallout/misc	
5424	3	20	0043c4b0				fallout shared/modelloader.cpp	fallout shared	
5425	3	21	00559450						
5426	3	22	008723d0				fallout/misc/main.cpp	fallout/misc	
5427	3	23	0043c4b0				fallout shared/modelloader.cpp	fallout shared	
5428	3	24	00559450						
5429	3	25	00872370				fallout/misc/main.cpp	fallout/misc	
5430	3	26	0040ebd0					fallout shared	
5431	3	27	0043c4b0				fallout shared/modelloader.cpp	fallout shared	
5432	3	28	00559450						
5433	3	29	008723d0				fallout/misc/main.cpp	fallout/misc	
5434	3	30	0040ebd0					fallout shared	
5435	3	31	00414430				fallout shared/extradatalist.cpp	fallout shared	
5436	3	32	00524c90				fallout shared/tesobjectweap.cpp	fallout shared	
5437	3	33	00712e60				fallout/interface/interfacemanager.cpp	fallout/interface	
5438	3	34	00524c90				fallout shared/tesobjectweap.cpp	fallout shared	
5439	3	35	00712e60				fallout/interface/interfacemanager.cpp	fallout/interface	
5440	3	36	004b7210				fallout shared/globalfunc.cpp	fallout shared	
5441	3	37	00718ab0	InterfaceManager::GetCurrentImagespaceMod	cg	82545d38	fallout/interface/interfacemanager.cpp	fallout/interface	
5442	3	38	005d2860	TESImageSpaceModifier::GetGetHit	cg	823f09a0	fallout shared/tesscriptfunctions.cpp	fallout shared	
5443	3	39	00529c90	ImageSpaceModifierInstanceForm::Stop	cg	82369738	fallout shared/imagespacemodifierinstance.cpp	fallout shared	
5444	3	40	005299a0	ImageSpaceModifierInstanceForm::Trigger	cg	82369370	fallout shared/imagespacemodifierinstance.cpp	fallout shared	
5445	3	41	0086fd90	Main::OnIdle_UpdateImageSpace	cg	8269c100	fallout/misc/main.cpp	fallout/misc	
5446	3	42	00705a00	Interface::IsInPipboyMenu	cg	82540ea0	fallout/interface/interface.cpp	fallout/interface	
5447	3	43	00702680	Interface::IsMenuIDVisible	cg	8253fa68	fallout/interface/interface.cpp	fallout/interface	
5448	3	44	00559450						
5449	3	45	008706b0				fallout/misc/main.cpp	fallout/misc	
5450	3	46	00702680	Interface::IsMenuIDVisible	cg	8253fa68	fallout/interface/interface.cpp	fallout/interface	
5451	3	47	004a4040					fallout shared	
5452	3	48	004a0eb0				fallout shared/bgsdecalmanager.cpp	fallout shared	
5453	3	49	00707ad0	Interface::GetCurrentRenderedMenu	cg	8253f898	fallout/interface/interface.cpp	fallout/interface	
5454	3	50	008b6200				fallout/ai/actor.cpp	fallout/ai	
5455	3	51	0041fd00	NonActorMagicCaster::SetCurrentSpell	vt	826569e0	fallout/magic/nonactormagiccaster.cpp	fallout/magic	
5456	3	52	00559450						
5457	3	53	004a0fd0				fallout shared/bgsdecalmanager.cpp	fallout shared	
5458	3	54	00450b80				fallout shared/tes.cpp	fallout shared	
5459	3	55	00559450						
5460	3	56	004a1020				fallout shared/bgsdecalmanager.cpp	fallout shared	
5461	3	57	00707ad0	Interface::GetCurrentRenderedMenu	cg	8253f898	fallout/interface/interface.cpp	fallout/interface	
5462	3	58	005585e0				fallout shared/tesobjectcell.cpp	fallout shared	
5463	3	59	00b6bee0	BSShaderUtil::AccumulateScene	cg	82a5f010	BSShader/bsshaderutil.cpp	BSShader	
5464	3	60	00559450						
5465	3	61	00b6c0d0					BSShader	
5466	3	62	004a0fd0				fallout shared/bgsdecalmanager.cpp	fallout shared	
5467	3	63	004a0f60	BSCullingProcess::~BSCullingProcess	cg	822ef570	fallout shared/bgsdecalmanager.cpp	fallout shared	
5468	3	64	00529c90	ImageSpaceModifierInstanceForm::Stop	cg	82369738	fallout shared/imagespacemodifierinstance.cpp	fallout shared	
5469	3	65	0086fd90	Main::OnIdle_UpdateImageSpace	cg	8269c100	fallout/misc/main.cpp	fallout/misc	
5470	3	66	004ea970				fallout shared/teswater.cpp	fallout shared	
5471	3	67	00ba30f0	MTRenderingSystem::SetThreadStage	cg	82a7d220	BSShader/mtrenderingsystem.cpp	BSShader	
5472	3	68	004ea970				fallout shared/teswater.cpp	fallout shared	
5473	3	69	00ba3130				BSShader/mtrenderingsystem.cpp	BSShader	
5474	3	70	004ea970				fallout shared/teswater.cpp	fallout shared	
5475	3	71	00ba2fa0				BSShader/mtrenderingsystem.cpp	BSShader	
5476	3	72	00414430				fallout shared/extradatalist.cpp	fallout shared	
5477	3	73	00524c90				fallout shared/tesobjectweap.cpp	fallout shared	
5478	3	74	00712e60				fallout/interface/interfacemanager.cpp	fallout/interface	
5479	3	75	00a04500	Tile::Unlock	cg	828ea9f8	BSMenu/tile.cpp	BSMenu	
5480	3	76	0043c4b0				fallout shared/modelloader.cpp	fallout shared	
5481	3	77	004a03c0				fallout shared/bgsdecalmanager.cpp	fallout shared	
5482	3	78	00404ee0				fallout shared/magic/effectitem.cpp	fallout shared/magic	
5483	2	12	00950bb0				fallout/ai/playercharacter.cpp	fallout/ai	
5484	3	1	00559450						
5485	3	2	0043fcd0				fallout shared/modelloader.cpp	fallout shared	
5486	2	13	00450f90				fallout shared/tes.cpp	fallout shared	
5487	3	1	0043b370				fallout shared/modelloader.cpp	fallout shared	
5488	2	14	00950bb0				fallout/ai/playercharacter.cpp	fallout/ai	
5489	3	1	00559450						
5490	3	2	0043fcd0				fallout shared/modelloader.cpp	fallout shared	
5491	2	15	00450f90				fallout shared/tes.cpp	fallout shared	
5492	3	1	0043b370				fallout shared/modelloader.cpp	fallout shared	
5493	2	16	0043c4b0				fallout shared/modelloader.cpp	fallout shared	
5494	2	17	005585e0				fallout shared/tesobjectcell.cpp	fallout shared	
5495	3	1	00559450						
5496	2	18	00a29680						
5497	2	19	0040fbe0	Error	cg	822ae3c8	fallout shared/tesdatahandler.cpp	fallout shared	
5498	2	20	004ea970				fallout shared/teswater.cpp	fallout shared	
5499	2	21	00ba2f30				BSShader/mtrenderingsystem.cpp	BSShader	
5500	2	22	004dcef0				fallout shared/renderer.cpp	fallout shared	
5501	3	1	004ed780				fallout shared/teswater.cpp	fallout shared	
5502	3	2	004dd130				fallout shared/renderer.cpp	fallout shared	
5503	3	3	004dd130				fallout shared/renderer.cpp	fallout shared	
5504	3	4	004dd130				fallout shared/renderer.cpp	fallout shared	
5505	3	5	00559450						
5506	3	6	004dc020				fallout shared/renderer.cpp	fallout shared	
5507	3	7	00ec408c						
5508	2	23	00701450	FaderManager::IsFaderVisible	frame	8253bbf8	fallout/interface/fadermanager.cpp	fallout/interface	
5509	2	24	00701450	FaderManager::IsFaderVisible	frame	8253bbf8	fallout/interface/fadermanager.cpp	fallout/interface	
5510	2	25	00457d70	TES::ShowLoadingMenu	frame	822a5e50	fallout shared/tes.cpp	fallout shared	
5511	3	1	00705e80	Interface::GetLoadingMenuVisible	cg	8253ee68	fallout/interface/interface.cpp	fallout/interface	
5512	3	2	00458140				fallout shared/tes.cpp	fallout shared	
5513	3	3	00458180				fallout shared/tes.cpp	fallout shared	
5514	3	4	00451530				fallout shared/tes.cpp	fallout shared	
5515	3	5	0063e010				fallout shared/sky/sky.cpp	fallout shared/sky	
5516	3	6	00453a70	BSAudio::QInstance	cg	822a1ca0	fallout shared/tes.cpp	fallout shared	
5517	3	7	00ad8780	BSAudio::EndAllSoundsOfType	cg	8290d2e8	BSAudio/bsaudio.cpp	BSAudio	
5518	3	8	00401170						
5519	3	9	00425fd0						
5520	3	10	0054ddd0	TESObjectCELL::GetWorldSpace	cg	82381c00	fallout shared/tesobjectcell.cpp	fallout shared	
5521	3	11	008d6f30					fallout/ai	
5522	3	12	00425fd0						
5523	3	13	0054ddd0	TESObjectCELL::GetWorldSpace	cg	82381c00	fallout shared/tesobjectcell.cpp	fallout shared	
5524	3	14	00575d70	TESObjectREFR::GetWorldSpace	cg	8239ee90	fallout shared/tesobjectrefr.cpp	fallout shared	
5525	3	15	00705e00	Interface::CreateLoadingMenu	cg	8253edd0	fallout/interface/interface.cpp	fallout/interface	
5526	3	16	00aff100					BSSystem	
5527	3	17	00458010				fallout shared/tes.cpp	fallout shared	
5528	3	18	00aff100					BSSystem	
5529	3	19	00aff100					BSSystem	
5530	3	20	00457ff0				fallout shared/tes.cpp	fallout shared	
5531	3	21	004580e0				fallout shared/tes.cpp	fallout shared	
5532	3	22	004580e0				fallout shared/tes.cpp	fallout shared	
5533	3	23	00458060				fallout shared/tes.cpp	fallout shared	
5534	3	24	00705e30	Interface::CloseLoadingMenu	cg	8253ee20	fallout/interface/interface.cpp	fallout/interface	
5535	3	25	00458030				fallout shared/tes.cpp	fallout shared	
5536	3	26	00771700	HUDMainMenu::SetMenuMode	cg	825a7530	fallout/interface/menus/hudmainmenu.cpp	fallout/interface	
5537	3	27	00457fe0				fallout shared/tes.cpp	fallout shared	
5538	3	28	00457fe0				fallout shared/tes.cpp	fallout shared	
5539	3	29	00458060				fallout shared/tes.cpp	fallout shared	
5540	3	30	00705e30	Interface::CloseLoadingMenu	cg	8253ee20	fallout/interface/interface.cpp	fallout/interface	
5541	3	31	00458030				fallout shared/tes.cpp	fallout shared	
5542	3	32	00771700	HUDMainMenu::SetMenuMode	cg	825a7530	fallout/interface/menus/hudmainmenu.cpp	fallout/interface	
5543	2	26	0040fbe0	Error	cg	822ae3c8	fallout shared/tesdatahandler.cpp	fallout shared	
5544	2	27	0096cfa0				fallout/ai/processlists.cpp	fallout/ai	
5545	3	1	005be5c0				fallout shared/tesscriptfunctions.cpp	fallout shared	
5546	3	2	00968670				fallout/ai/playercharacter.cpp	fallout/ai	
5547	3	3	008d8520	MiddleHighProcess::GetSavedAcquireObject	vt	82a648c8	fallout/ai/highprocess.cpp	fallout/ai	
5548	3	4	008ff030	HighProcess::SkipFadeIn	cg	826fe9a8	fallout/ai/highprocess.cpp	fallout/ai	
5549	2	28	007013e0				fallout/interface/fadermanager.cpp	fallout/interface	
5550	2	29	007010e0	FaderManager::RemoveFader	cg	8253bde0	fallout/interface/fadermanager.cpp	fallout/interface	
5551	3	1	009611e0				fallout/ai/playercharacter.cpp	fallout/ai	
5552	3	2	0066b0d0					fallout shared/speedtree	
5553	3	3	00457d70	TES::ShowLoadingMenu	frame	822a5e50	fallout shared/tes.cpp	fallout shared	
5554	2	30	007010e0	FaderManager::RemoveFader	cg	8253bde0	fallout/interface/fadermanager.cpp	fallout/interface	
5555	3	1	009611e0				fallout/ai/playercharacter.cpp	fallout/ai	
5556	3	2	0066b0d0					fallout shared/speedtree	
5557	3	3	00457d70	TES::ShowLoadingMenu	frame	822a5e50	fallout shared/tes.cpp	fallout shared	
5558	2	31	004534f0				fallout shared/tes.cpp	fallout shared	
5559	2	32	0047c850				fallout shared/tesactorbasedata.cpp	fallout shared	
5560	2	33	004534f0				fallout shared/tes.cpp	fallout shared	
5561	2	34	00483710				fallout shared/tesform.cpp	fallout shared	
5562	2	35	00877430	Main::KillMenuBGTexture	cg	82698460	fallout/misc/main.cpp	fallout/misc	
5563	3	1	00559450						
5564	3	2	00559450						
5565	3	3	004a0ea0				fallout shared/bgsdecalmanager.cpp	fallout shared	
5566	3	4	00b6da10	BSTextureManager::ReturnRenderedTexture	cg	82a626f0	BSShader/bstexturemanager.cpp	BSShader	
5567	3	5	0066b0d0					fallout shared/speedtree	
5568	3	6	004e3270				fallout shared/teswater.cpp	fallout shared	
5569	3	7	007123f0						
5570	3	8	004e3270				fallout shared/teswater.cpp	fallout shared	
5571	3	9	007123a0						
5572	2	36	0070edf0	XUserInterface::XUIIsUp	cg	82902288	BSMenu/xuserinterface.cpp	BSMenu	
5573	3	1	004a4080					fallout shared	
5574	2	37	00701400				fallout/interface/fadermanager.cpp	fallout/interface	
5575	2	38	005f36f0	ActorMover::GetPreferredMoveMode	vt	824c0938	fallout/ai/movement/actormover.cpp	fallout/ai	
5576	2	39	004fd3e0	TES::GetWorldSpace	cg	82aa9780	fallout shared/tes.cpp	fallout shared	
5577	2	40	00548210				fallout shared/tesobjectcell.cpp	fallout shared	
5578	3	1	00408da0	MapMarkerData::GetLocationName	vt	822542e0	fallout shared/mapmarkerdata.cpp	fallout shared	
5579	2	41	0044ddc0					fallout shared	
5580	2	42	0044ddc0					fallout shared	
5581	2	43	008705c0				fallout/misc/main.cpp	fallout/misc	
5582	2	44	0044ddc0					fallout shared	
5583	2	45	004baf10	GridCellArray::RecreateCanopyShadowMaskTexture	align-sim	82309c98		fallout shared	
5584	3	1	00404eb0				fallout shared/magic/effectitem.cpp	fallout shared/magic	
5585	3	2	00633c90					fallout shared/sky	
5586	3	3	00633c90					fallout shared/sky	
5587	3	4	00633c90					fallout shared/sky	
5588	3	5	00633c90					fallout shared/sky	
5589	3	6	00633c90					fallout shared/sky	
5590	3	7	00a71b70	NiFrustum::NiFrustum	cg	82e55098	NiMain/nifrustum.cpp	NiMain	
5591	3	8	00633c90					fallout shared/sky	
5592	3	9	006815c0					fallout shared	
5593	3	10	00414430				fallout shared/extradatalist.cpp	fallout shared	
5594	3	11	0084e3a0					fallout/misc	
5595	3	12	004bc400					fallout shared	
5596	3	13	0045cec0						
5597	3	14	0045cec0						
5598	3	15	0045cec0						
5599	3	16	0045cec0						
5600	3	17	0045cec0						
5601	3	18	0045cec0						
5602	3	19	00404ee0				fallout shared/magic/effectitem.cpp	fallout shared/magic	
5603	3	20	0084e3a0					fallout/misc	
5604	3	21	00452dc0				fallout shared/tes.cpp	fallout shared	
5605	3	22	004bc420					fallout shared	
5606	3	23	004bc440					fallout shared	
5607	3	24	004bc3e0					fallout shared	
5608	3	25	004bc3d0					fallout shared	
5609	3	26	004bc3f0					fallout shared	
5610	3	27	004bc3e0					fallout shared	
5611	3	28	004bc3d0					fallout shared	
5612	3	29	00451570				fallout shared/tes.cpp	fallout shared	
5613	3	30	0045cec0						
5614	3	31	0045cec0						
5615	3	32	0045cec0						
5616	3	33	0045cec0						
5617	3	34	0045cec0						
5618	3	35	0045cec0						
5619	3	36	00404ee0				fallout shared/magic/effectitem.cpp	fallout shared/magic	
5620	3	37	00aa13e0					NiSystem	
5621	3	38	00a5ecb0				NiMain/ninode.cpp	NiMain	
5622	3	39	0066b0d0					fallout shared/speedtree	
5623	3	40	00401000						
5624	3	41	00401050						
5625	3	42	00416870				fallout shared/extradatalist.cpp	fallout shared	
5626	3	43	00416870				fallout shared/extradatalist.cpp	fallout shared	
5627	3	44	00416870				fallout shared/extradatalist.cpp	fallout shared	
5628	3	45	00416870				fallout shared/extradatalist.cpp	fallout shared	
5629	3	46	00401000						
5630	3	47	00401050						
5631	3	48	00401000						
5632	3	49	00401050						
5633	3	50	00452dc0				fallout shared/tes.cpp	fallout shared	
5634	3	51	00452dc0				fallout shared/tes.cpp	fallout shared	
5635	3	52	00452dc0				fallout shared/tes.cpp	fallout shared	
5636	3	53	00452dc0				fallout shared/tes.cpp	fallout shared	
5637	3	54	00aa1070						
5638	3	55	00aa1070						
5639	3	56	00aa13e0					NiSystem	
5640	3	57	00a75dc0					NiMain	
5641	3	58	0066b0d0					fallout shared/speedtree	
5642	3	59	004ba490	GridCellArray::Get	cg	82308ad8	fallout shared/gridcell.cpp	fallout shared	
5643	3	60	005477f0				fallout shared/tesobjectcell.cpp	fallout shared	
5644	3	61	0059bb30	D3DTexture_LockRect	cg	828440f8	d3d9/texture.cpp	d3d9	
5645	3	62	00aa13e0					NiSystem	
5646	3	63	00b6fc90	BSShaderNoLightingProperty::BSShaderNoLightingProperty	cg	82a647e8	BSShader/bsshadernolightingproperty.cpp	BSShader	
5647	3	64	00438230				fallout shared/extradataobjects.cpp	fallout shared	
5648	3	65	00aa13e0					NiSystem	
5649	3	66	00559450						
5650	3	67	00a71cc0	NiTriStrips::NiTriStrips_ov2	cg	82e552f0	NiMain/nitristrips.cpp	NiMain	
5651	3	68	0066b0d0					fallout shared/speedtree	
5652	3	69	00559450						
5653	3	70	00440460				fallout shared/modelloader.cpp	fallout shared	
5654	3	71	00559450						
5655	3	72	00439410	NiAVObject::AttachProperty	cg	82283810	fallout shared/multiboundmarkerdata.cpp	fallout shared	
5656	3	73	00559450						
5657	3	74	00b57e30	BSShaderManager::PrepareObject	cg	82a43e58	BSShader/bsshadermanager.cpp	BSShader	
5658	3	75	00559450						
5659	3	76	00559450						
5660	3	77	004f2ee0	TESRegionDataLandscape::GetDefaultFullMaskTextureProp	str	823349f8	fallout shared/region system/tesregiondatalandscape.cpp	fallout shared/region system	
5661	3	78	004bc240					fallout shared	
5662	3	79	00451570				fallout shared/tes.cpp	fallout shared	
5663	3	80	0045cec0						
5664	3	81	0045cec0						
5665	3	82	0045cec0						
5666	3	83	0045cec0						
5667	3	84	0045cec0						
5668	3	85	0045cec0						
5669	3	86	00404ee0				fallout shared/magic/effectitem.cpp	fallout shared/magic	
5670	3	87	004bc3e0					fallout shared	
5671	3	88	004bc3d0					fallout shared	
5672	3	89	00451570				fallout shared/tes.cpp	fallout shared	
5673	3	90	0045cec0						
5674	3	91	0045cec0						
5675	3	92	0045cec0						
5676	3	93	0045cec0						
5677	3	94	0045cec0						
5678	3	95	0045cec0						
5679	3	96	00404ee0				fallout shared/magic/effectitem.cpp	fallout shared/magic	
5680	3	97	00aa13e0					NiSystem	
5681	3	98	00a5ecb0				NiMain/ninode.cpp	NiMain	
5682	3	99	0066b0d0					fallout shared/speedtree	
5683	3	100	00aa13e0					NiSystem	
5684	3	101	00a712f0				NiMain/nicamera.cpp	NiMain	
5685	3	102	0066b0d0					fallout shared/speedtree	
5686	3	103	00559450						
5687	3	104	00559450						
5688	3	105	00559450						
5689	3	106	004bc1f0					fallout shared	
5690	3	107	0043d410				fallout shared/modelloader.cpp	fallout shared	
5691	3	108	00559450						
5692	3	109	00a59c60					NiMain	
5693	3	110	00559450						
5694	3	111	00a701b0	NiCamera::LookAtWorldPoint	cg	82e51ef8	NiMain/nicamera.cpp	NiMain	
5695	3	112	0043d410				fallout shared/modelloader.cpp	fallout shared	
5696	3	113	00559450						
5697	3	114	00a59c60					NiMain	
5698	3	115	0043d410				fallout shared/modelloader.cpp	fallout shared	
5699	3	116	00559450						
5700	3	117	00a59c60					NiMain	
5701	3	118	00559450						
5702	3	119	00a6faf0	NiCamera::SetViewFrustum	cg	82e51be8	NiMain/nicamera.cpp	NiMain	
5703	3	120	00aa13e0					NiSystem	
5704	3	121	00a75c20	NiDirectionalLight::NiDirectionalLight	cg	82e5b490	NiMain/nidirectionallight.cpp	NiMain	
5705	3	122	0066b0d0					fallout shared/speedtree	
5706	3	123	00559450						
5707	3	124	004bc280					fallout shared	
5708	3	125	00559450						
5709	3	126	004bc2e0					fallout shared	
5710	3	127	00559450						
5711	3	128	00559450						
5712	3	129	00a89af0					NiMain	
5713	3	130	00aa13e0					NiSystem	
5714	3	131	00a75650	NiMaterialProperty::NiMaterialProperty	cg	82e5aa58	NiMain/nimaterialproperty.cpp	NiMain	
5715	3	132	004534f0				fallout shared/tes.cpp	fallout shared	
5716	3	133	004534f0				fallout shared/tes.cpp	fallout shared	
5717	3	134	004bc450					fallout shared	
5718	3	135	00559450						
5719	3	136	00439410	NiAVObject::AttachProperty	cg	82283810	fallout shared/multiboundmarkerdata.cpp	fallout shared	
5720	3	137	00aa13e0					NiSystem	
5721	3	138	0049ec80				fallout shared/bgsautowater.cpp	fallout shared	
5722	3	139	0049ee30				fallout shared/bgsautowater.cpp	fallout shared	
5723	3	140	00559450						
5724	3	141	00439410	NiAVObject::AttachProperty	cg	82283810	fallout shared/multiboundmarkerdata.cpp	fallout shared	
5725	3	142	00822510				fallout/magic/magicshaderhiteffect.cpp	fallout/magic	
5726	3	143	0043c4b0				fallout shared/modelloader.cpp	fallout shared	
5727	3	144	004a0ea0				fallout shared/bgsdecalmanager.cpp	fallout shared	
5728	3	145	00b6e110					BSShader	
5729	3	146	0066b0d0					fallout shared/speedtree	
5730	3	147	004bc3f0					fallout shared	
5731	3	148	004bc3f0					fallout shared	
5732	3	149	00559450						
5733	3	150	00a5a040	NiAVObject::UpdateProperties	cg	82e29628	NiMain/niavobject.cpp	NiMain	
5734	3	151	0043d410				fallout shared/modelloader.cpp	fallout shared	
5735	3	152	00559450						
5736	3	153	00a59c60					NiMain	
5737	3	154	0043d410				fallout shared/modelloader.cpp	fallout shared	
5738	3	155	00559450						
5739	3	156	00a59c60					NiMain	
5740	3	157	0043d410				fallout shared/modelloader.cpp	fallout shared	
5741	3	158	00559450						
5742	3	159	00a59c60					NiMain	
5743	3	160	004a0eb0				fallout shared/bgsdecalmanager.cpp	fallout shared	
5744	3	161	00aa13e0					NiSystem	
5745	3	162	00b660d0	BSShaderAccumulator::BSShaderAccumulator	cg	82a5b5b8	BSShader/bsshaderaccumulator.cpp	BSShader	
5746	3	163	00633c90					fallout shared/sky	
5747	3	164	00559450						
5748	3	165	004a0fd0				fallout shared/bgsdecalmanager.cpp	fallout shared	
5749	3	166	00559450						
5750	3	167	004bc4a0					fallout shared	
5751	3	168	00559450						
5752	3	169	00b6b260	BSRenderedTexture::StopOffscreen	cg	82a5e1c8	BSShader/bsrenderedtexture.cpp	BSShader	
5753	3	170	00b6b8d0					BSShader	
5754	3	171	00559450						
5755	3	172	00559450						
5756	3	173	00b6bee0	BSShaderUtil::AccumulateScene	cg	82a5f010	BSShader/bsshaderutil.cpp	BSShader	
5757	3	174	00559450						
5758	3	175	00559450						
5759	3	176	00b6c0d0					BSShader	
5760	3	177	00b6b790					BSShader	
5761	3	178	004a0fd0				fallout shared/bgsdecalmanager.cpp	fallout shared	
5762	3	179	0066b0d0					fallout shared/speedtree	
5763	3	180	00559450						
5764	3	181	004bc320	BSRenderedTexture::GetTexture	cg	822f6088	fallout shared/bgssceneinfo.cpp	fallout shared	
5765	3	182	00451570				fallout shared/tes.cpp	fallout shared	
5766	3	183	00b4f5c0	BSShaderManager::GetAccumulator	cg	82a39380	BSShader/bsshadermanager.cpp	BSShader	
5767	3	184	004bc4a0					fallout shared	
5768	3	185	004bc3f0					fallout shared	
5769	3	186	0045cec0						
5770	3	187	004a0f60	BSCullingProcess::~BSCullingProcess	cg	822ef570	fallout shared/bgsdecalmanager.cpp	fallout shared	
5771	3	188	0045cec0						
5772	3	189	0045cec0						
5773	3	190	0045cec0						
5774	3	191	0045cec0						
5775	3	192	0045cec0						
5776	3	193	0045cec0						
5777	3	194	00404ee0				fallout shared/magic/effectitem.cpp	fallout shared/magic	
5778	2	46	008706b0				fallout/misc/main.cpp	fallout/misc	
5779	3	1	00450b80				fallout shared/tes.cpp	fallout shared	
5780	3	2	00870770				fallout/misc/main.cpp	fallout/misc	
5781	3	3	0045c670				fallout shared/tes.cpp	fallout shared	
5782	3	4	006629f0	BSFaceGenNiNode::GetAnimationData	vt	824994a8	fallout shared/facegen/bsfacegenninode.cpp	fallout shared/facegen	
5783	3	5	0045bb80				fallout shared/tes.cpp	fallout shared	
5784	3	6	00450b80				fallout shared/tes.cpp	fallout shared	
5785	3	7	00870790				fallout/misc/main.cpp	fallout/misc	
5786	3	8	00702680	Interface::IsMenuIDVisible	cg	8253fa68	fallout/interface/interface.cpp	fallout/interface	
5787	3	9	008707c0				fallout/misc/main.cpp	fallout/misc	
5788	3	10	00870a00				fallout/misc/main.cpp	fallout/misc	
5789	3	11	00870bd0				fallout/misc/main.cpp	fallout/misc	
5790	2	47	007079b0	Interface::IsInRenderedMenu	cg	825411c8	fallout/interface/interface.cpp	fallout/interface	
5791	3	1	00705a00	Interface::IsInPipboyMenu	cg	82540ea0	fallout/interface/interface.cpp	fallout/interface	
5792	3	2	00705990	Interface::GetPipboy	cg	8253ebe0	fallout/interface/interface.cpp	fallout/interface	
5793	3	3	00974d90				fallout/ai/processlists.cpp	fallout/ai	
5794	3	4	004b7210				fallout shared/globalfunc.cpp	fallout shared	
5795	3	5	007079f0				fallout/interface/interface.cpp	fallout/interface	
5796	2	48	00702360	Interface::IsInMenuMode	cg	8253d540	fallout/interface/interface.cpp	fallout/interface	
5797	3	1	004b7210				fallout shared/globalfunc.cpp	fallout shared	
5798	3	2	004b7210				fallout shared/globalfunc.cpp	fallout shared	
5799	3	3	009373f0				fallout/ai/modifierlist.cpp	fallout/ai	
5800	3	4	004b7210				fallout shared/globalfunc.cpp	fallout shared	
5801	3	5	007023a0				fallout/interface/interface.cpp	fallout/interface	
5802	2	49	00702680	Interface::IsMenuIDVisible	cg	8253fa68	fallout/interface/interface.cpp	fallout/interface	
5803	3	1	004b7210				fallout shared/globalfunc.cpp	fallout shared	
5804	3	2	004b7210				fallout shared/globalfunc.cpp	fallout shared	
5805	3	3	009373f0				fallout/ai/modifierlist.cpp	fallout/ai	
5806	3	4	00709c00				fallout/interface/interface.cpp	fallout/interface	
5807	3	5	00702680	Interface::IsMenuIDVisible	cg	8253fa68	fallout/interface/interface.cpp	fallout/interface	recursive
5808	3	6	00702680	Interface::IsMenuIDVisible	cg	8253fa68	fallout/interface/interface.cpp	fallout/interface	recursive
5809	3	7	00702680	Interface::IsMenuIDVisible	cg	8253fa68	fallout/interface/interface.cpp	fallout/interface	recursive
5810	3	8	00702680	Interface::IsMenuIDVisible	cg	8253fa68	fallout/interface/interface.cpp	fallout/interface	recursive
5811	3	9	00702680	Interface::IsMenuIDVisible	cg	8253fa68	fallout/interface/interface.cpp	fallout/interface	recursive
5812	3	10	00a09030	Tile::GetMenuByClass	cg	828efd80	BSMenu/tile.cpp	BSMenu	
5813	3	11	00a03c90	Tile::GetMenu	cg	828ea0b0	BSMenu/tile.cpp	BSMenu	
5814	3	12	00a03c90	Tile::GetMenu	cg	828ea0b0	BSMenu/tile.cpp	BSMenu	
5815	3	13	0059bb30	D3DTexture_LockRect	cg	828440f8	d3d9/texture.cpp	d3d9	
5816	3	14	007027b0				fallout/interface/interface.cpp	fallout/interface	
5817	2	50	007079b0	Interface::IsInRenderedMenu	cg	825411c8	fallout/interface/interface.cpp	fallout/interface	
5818	3	1	00705a00	Interface::IsInPipboyMenu	cg	82540ea0	fallout/interface/interface.cpp	fallout/interface	
5819	3	2	00705990	Interface::GetPipboy	cg	8253ebe0	fallout/interface/interface.cpp	fallout/interface	
5820	3	3	00974d90				fallout/ai/processlists.cpp	fallout/ai	
5821	3	4	004b7210				fallout shared/globalfunc.cpp	fallout shared	
5822	3	5	007079f0				fallout/interface/interface.cpp	fallout/interface	
5823	2	51	008706b0				fallout/misc/main.cpp	fallout/misc	
5824	3	1	00450b80				fallout shared/tes.cpp	fallout shared	
5825	3	2	00870770				fallout/misc/main.cpp	fallout/misc	
5826	3	3	0045c670				fallout shared/tes.cpp	fallout shared	
5827	3	4	006629f0	BSFaceGenNiNode::GetAnimationData	vt	824994a8	fallout shared/facegen/bsfacegenninode.cpp	fallout shared/facegen	
5828	3	5	0045bb80				fallout shared/tes.cpp	fallout shared	
5829	3	6	00450b80				fallout shared/tes.cpp	fallout shared	
5830	3	7	00870790				fallout/misc/main.cpp	fallout/misc	
5831	3	8	00702680	Interface::IsMenuIDVisible	cg	8253fa68	fallout/interface/interface.cpp	fallout/interface	
5832	3	9	008707c0				fallout/misc/main.cpp	fallout/misc	
5833	3	10	00870a00				fallout/misc/main.cpp	fallout/misc	
5834	3	11	00870bd0				fallout/misc/main.cpp	fallout/misc	
5835	2	52	004ea970				fallout shared/teswater.cpp	fallout shared	
5836	2	53	00ba30f0	MTRenderingSystem::SetThreadStage	cg	82a7d220	BSShader/mtrenderingsystem.cpp	BSShader	
5837	2	54	004ea970				fallout shared/teswater.cpp	fallout shared	
5838	2	55	00ba3130				BSShader/mtrenderingsystem.cpp	BSShader	
5839	2	56	00871a50	Main::UpdateOffscreenInterface	cg	82696058	fallout/misc/main.cpp	fallout/misc	
5840	3	1	00702360	Interface::IsInMenuMode	cg	8253d540	fallout/interface/interface.cpp	fallout/interface	
5841	3	2	00408d60						
5842	3	3	00408d60						
5843	3	4	007079b0	Interface::IsInRenderedMenu	cg	825411c8	fallout/interface/interface.cpp	fallout/interface	
5844	3	5	00404eb0				fallout shared/magic/effectitem.cpp	fallout shared/magic	
5845	3	6	00705a00	Interface::IsInPipboyMenu	cg	82540ea0	fallout/interface/interface.cpp	fallout/interface	
5846	3	7	00702360	Interface::IsInMenuMode	cg	8253d540	fallout/interface/interface.cpp	fallout/interface	
5847	3	8	007058e0	Interface::LastMinuteUpdate	cg	8253eb68	fallout/interface/interface.cpp	fallout/interface	
5848	3	9	00559450						
5849	3	10	0043c4b0				fallout shared/modelloader.cpp	fallout shared	
5850	3	11	004a0ea0				fallout shared/bgsdecalmanager.cpp	fallout shared	
5851	3	12	00b6e110					BSShader	
5852	3	13	0066b0d0					fallout shared/speedtree	
5853	3	14	00705990	Interface::GetPipboy	cg	8253ebe0	fallout/interface/interface.cpp	fallout/interface	
5854	3	15	007fae70	FORenderedMenu::SetScreenTexture	cg	8261dab0	fallout/interface/forenderedmenu.cpp	fallout/interface	
5855	3	16	00707b30	Interface::IsCurrentRenderedMenuTopmost	cg	8253f8f0	fallout/interface/interface.cpp	fallout/interface	
5856	3	17	00a09030	Tile::GetMenuByClass	cg	828efd80	BSMenu/tile.cpp	BSMenu	
5857	3	18	00a09030	Tile::GetMenuByClass	cg	828efd80	BSMenu/tile.cpp	BSMenu	
5858	3	19	00a09030	Tile::GetMenuByClass	cg	828efd80	BSMenu/tile.cpp	BSMenu	
5859	3	20	007079b0	Interface::IsInRenderedMenu	cg	825411c8	fallout/interface/interface.cpp	fallout/interface	
5860	3	21	00702680	Interface::IsMenuIDVisible	cg	8253fa68	fallout/interface/interface.cpp	fallout/interface	
5861	3	22	00a09030	Tile::GetMenuByClass	cg	828efd80	BSMenu/tile.cpp	BSMenu	
5862	3	23	0056c7f0				fallout shared/tesobjectrefr.cpp	fallout shared	
5863	3	24	00456610						
5864	3	25	00450f90				fallout shared/tes.cpp	fallout shared	
5865	3	26	00707ad0	Interface::GetCurrentRenderedMenu	cg	8253f898	fallout/interface/interface.cpp	fallout/interface	
5866	3	27	00559450						
5867	3	28	00450f90				fallout shared/tes.cpp	fallout shared	
5868	3	29	00404ee0				fallout shared/magic/effectitem.cpp	fallout shared/magic	
5869	3	30	00702360	Interface::IsInMenuMode	cg	8253d540	fallout/interface/interface.cpp	fallout/interface	
5870	3	31	007058e0	Interface::LastMinuteUpdate	cg	8253eb68	fallout/interface/interface.cpp	fallout/interface	
5871	2	57	00702680	Interface::IsMenuIDVisible	cg	8253fa68	fallout/interface/interface.cpp	fallout/interface	
5872	3	1	004b7210				fallout shared/globalfunc.cpp	fallout shared	
5873	3	2	004b7210				fallout shared/globalfunc.cpp	fallout shared	
5874	3	3	009373f0				fallout/ai/modifierlist.cpp	fallout/ai	
5875	3	4	00709c00				fallout/interface/interface.cpp	fallout/interface	
5876	3	5	00702680	Interface::IsMenuIDVisible	cg	8253fa68	fallout/interface/interface.cpp	fallout/interface	recursive
5877	3	6	00702680	Interface::IsMenuIDVisible	cg	8253fa68	fallout/interface/interface.cpp	fallout/interface	recursive
5878	3	7	00702680	Interface::IsMenuIDVisible	cg	8253fa68	fallout/interface/interface.cpp	fallout/interface	recursive
5879	3	8	00702680	Interface::IsMenuIDVisible	cg	8253fa68	fallout/interface/interface.cpp	fallout/interface	recursive
5880	3	9	00702680	Interface::IsMenuIDVisible	cg	8253fa68	fallout/interface/interface.cpp	fallout/interface	recursive
5881	3	10	00a09030	Tile::GetMenuByClass	cg	828efd80	BSMenu/tile.cpp	BSMenu	
5882	3	11	00a03c90	Tile::GetMenu	cg	828ea0b0	BSMenu/tile.cpp	BSMenu	
5883	3	12	00a03c90	Tile::GetMenu	cg	828ea0b0	BSMenu/tile.cpp	BSMenu	
5884	3	13	0059bb30	D3DTexture_LockRect	cg	828440f8	d3d9/texture.cpp	d3d9	
5885	3	14	007027b0				fallout/interface/interface.cpp	fallout/interface	
5886	2	58	00702680	Interface::IsMenuIDVisible	cg	8253fa68	fallout/interface/interface.cpp	fallout/interface	
5887	3	1	004b7210				fallout shared/globalfunc.cpp	fallout shared	
5888	3	2	004b7210				fallout shared/globalfunc.cpp	fallout shared	
5889	3	3	009373f0				fallout/ai/modifierlist.cpp	fallout/ai	
5890	3	4	00709c00				fallout/interface/interface.cpp	fallout/interface	
5891	3	5	00702680	Interface::IsMenuIDVisible	cg	8253fa68	fallout/interface/interface.cpp	fallout/interface	recursive
5892	3	6	00702680	Interface::IsMenuIDVisible	cg	8253fa68	fallout/interface/interface.cpp	fallout/interface	recursive
5893	3	7	00702680	Interface::IsMenuIDVisible	cg	8253fa68	fallout/interface/interface.cpp	fallout/interface	recursive
5894	3	8	00702680	Interface::IsMenuIDVisible	cg	8253fa68	fallout/interface/interface.cpp	fallout/interface	recursive
5895	3	9	00702680	Interface::IsMenuIDVisible	cg	8253fa68	fallout/interface/interface.cpp	fallout/interface	recursive
5896	3	10	00a09030	Tile::GetMenuByClass	cg	828efd80	BSMenu/tile.cpp	BSMenu	
5897	3	11	00a03c90	Tile::GetMenu	cg	828ea0b0	BSMenu/tile.cpp	BSMenu	
5898	3	12	00a03c90	Tile::GetMenu	cg	828ea0b0	BSMenu/tile.cpp	BSMenu	
5899	3	13	0059bb30	D3DTexture_LockRect	cg	828440f8	d3d9/texture.cpp	d3d9	
5900	3	14	007027b0				fallout/interface/interface.cpp	fallout/interface	
5901	2	59	00702680	Interface::IsMenuIDVisible	cg	8253fa68	fallout/interface/interface.cpp	fallout/interface	
5902	3	1	004b7210				fallout shared/globalfunc.cpp	fallout shared	
5903	3	2	004b7210				fallout shared/globalfunc.cpp	fallout shared	
5904	3	3	009373f0				fallout/ai/modifierlist.cpp	fallout/ai	
5905	3	4	00709c00				fallout/interface/interface.cpp	fallout/interface	
5906	3	5	00702680	Interface::IsMenuIDVisible	cg	8253fa68	fallout/interface/interface.cpp	fallout/interface	recursive
5907	3	6	00702680	Interface::IsMenuIDVisible	cg	8253fa68	fallout/interface/interface.cpp	fallout/interface	recursive
5908	3	7	00702680	Interface::IsMenuIDVisible	cg	8253fa68	fallout/interface/interface.cpp	fallout/interface	recursive
5909	3	8	00702680	Interface::IsMenuIDVisible	cg	8253fa68	fallout/interface/interface.cpp	fallout/interface	recursive
5910	3	9	00702680	Interface::IsMenuIDVisible	cg	8253fa68	fallout/interface/interface.cpp	fallout/interface	recursive
5911	3	10	00a09030	Tile::GetMenuByClass	cg	828efd80	BSMenu/tile.cpp	BSMenu	
5912	3	11	00a03c90	Tile::GetMenu	cg	828ea0b0	BSMenu/tile.cpp	BSMenu	
5913	3	12	00a03c90	Tile::GetMenu	cg	828ea0b0	BSMenu/tile.cpp	BSMenu	
5914	3	13	0059bb30	D3DTexture_LockRect	cg	828440f8	d3d9/texture.cpp	d3d9	
5915	3	14	007027b0				fallout/interface/interface.cpp	fallout/interface	
5916	2	60	00702680	Interface::IsMenuIDVisible	cg	8253fa68	fallout/interface/interface.cpp	fallout/interface	
5917	3	1	004b7210				fallout shared/globalfunc.cpp	fallout shared	
5918	3	2	004b7210				fallout shared/globalfunc.cpp	fallout shared	
5919	3	3	009373f0				fallout/ai/modifierlist.cpp	fallout/ai	
5920	3	4	00709c00				fallout/interface/interface.cpp	fallout/interface	
5921	3	5	00702680	Interface::IsMenuIDVisible	cg	8253fa68	fallout/interface/interface.cpp	fallout/interface	recursive
5922	3	6	00702680	Interface::IsMenuIDVisible	cg	8253fa68	fallout/interface/interface.cpp	fallout/interface	recursive
5923	3	7	00702680	Interface::IsMenuIDVisible	cg	8253fa68	fallout/interface/interface.cpp	fallout/interface	recursive
5924	3	8	00702680	Interface::IsMenuIDVisible	cg	8253fa68	fallout/interface/interface.cpp	fallout/interface	recursive
5925	3	9	00702680	Interface::IsMenuIDVisible	cg	8253fa68	fallout/interface/interface.cpp	fallout/interface	recursive
5926	3	10	00a09030	Tile::GetMenuByClass	cg	828efd80	BSMenu/tile.cpp	BSMenu	
5927	3	11	00a03c90	Tile::GetMenu	cg	828ea0b0	BSMenu/tile.cpp	BSMenu	
5928	3	12	00a03c90	Tile::GetMenu	cg	828ea0b0	BSMenu/tile.cpp	BSMenu	
5929	3	13	0059bb30	D3DTexture_LockRect	cg	828440f8	d3d9/texture.cpp	d3d9	
5930	3	14	007027b0				fallout/interface/interface.cpp	fallout/interface	
5931	2	61	00702680	Interface::IsMenuIDVisible	cg	8253fa68	fallout/interface/interface.cpp	fallout/interface	
5932	3	1	004b7210				fallout shared/globalfunc.cpp	fallout shared	
5933	3	2	004b7210				fallout shared/globalfunc.cpp	fallout shared	
5934	3	3	009373f0				fallout/ai/modifierlist.cpp	fallout/ai	
5935	3	4	00709c00				fallout/interface/interface.cpp	fallout/interface	
5936	3	5	00702680	Interface::IsMenuIDVisible	cg	8253fa68	fallout/interface/interface.cpp	fallout/interface	recursive
5937	3	6	00702680	Interface::IsMenuIDVisible	cg	8253fa68	fallout/interface/interface.cpp	fallout/interface	recursive
5938	3	7	00702680	Interface::IsMenuIDVisible	cg	8253fa68	fallout/interface/interface.cpp	fallout/interface	recursive
5939	3	8	00702680	Interface::IsMenuIDVisible	cg	8253fa68	fallout/interface/interface.cpp	fallout/interface	recursive
5940	3	9	00702680	Interface::IsMenuIDVisible	cg	8253fa68	fallout/interface/interface.cpp	fallout/interface	recursive
5941	3	10	00a09030	Tile::GetMenuByClass	cg	828efd80	BSMenu/tile.cpp	BSMenu	
5942	3	11	00a03c90	Tile::GetMenu	cg	828ea0b0	BSMenu/tile.cpp	BSMenu	
5943	3	12	00a03c90	Tile::GetMenu	cg	828ea0b0	BSMenu/tile.cpp	BSMenu	
5944	3	13	0059bb30	D3DTexture_LockRect	cg	828440f8	d3d9/texture.cpp	d3d9	
5945	3	14	007027b0				fallout/interface/interface.cpp	fallout/interface	
5946	2	62	00702680	Interface::IsMenuIDVisible	cg	8253fa68	fallout/interface/interface.cpp	fallout/interface	
5947	3	1	004b7210				fallout shared/globalfunc.cpp	fallout shared	
5948	3	2	004b7210				fallout shared/globalfunc.cpp	fallout shared	
5949	3	3	009373f0				fallout/ai/modifierlist.cpp	fallout/ai	
5950	3	4	00709c00				fallout/interface/interface.cpp	fallout/interface	
5951	3	5	00702680	Interface::IsMenuIDVisible	cg	8253fa68	fallout/interface/interface.cpp	fallout/interface	recursive
5952	3	6	00702680	Interface::IsMenuIDVisible	cg	8253fa68	fallout/interface/interface.cpp	fallout/interface	recursive
5953	3	7	00702680	Interface::IsMenuIDVisible	cg	8253fa68	fallout/interface/interface.cpp	fallout/interface	recursive
5954	3	8	00702680	Interface::IsMenuIDVisible	cg	8253fa68	fallout/interface/interface.cpp	fallout/interface	recursive
5955	3	9	00702680	Interface::IsMenuIDVisible	cg	8253fa68	fallout/interface/interface.cpp	fallout/interface	recursive
5956	3	10	00a09030	Tile::GetMenuByClass	cg	828efd80	BSMenu/tile.cpp	BSMenu	
5957	3	11	00a03c90	Tile::GetMenu	cg	828ea0b0	BSMenu/tile.cpp	BSMenu	
5958	3	12	00a03c90	Tile::GetMenu	cg	828ea0b0	BSMenu/tile.cpp	BSMenu	
5959	3	13	0059bb30	D3DTexture_LockRect	cg	828440f8	d3d9/texture.cpp	d3d9	
5960	3	14	007027b0				fallout/interface/interface.cpp	fallout/interface	
5961	2	63	00702680	Interface::IsMenuIDVisible	cg	8253fa68	fallout/interface/interface.cpp	fallout/interface	
5962	3	1	004b7210				fallout shared/globalfunc.cpp	fallout shared	
5963	3	2	004b7210				fallout shared/globalfunc.cpp	fallout shared	
5964	3	3	009373f0				fallout/ai/modifierlist.cpp	fallout/ai	
5965	3	4	00709c00				fallout/interface/interface.cpp	fallout/interface	
5966	3	5	00702680	Interface::IsMenuIDVisible	cg	8253fa68	fallout/interface/interface.cpp	fallout/interface	recursive
5967	3	6	00702680	Interface::IsMenuIDVisible	cg	8253fa68	fallout/interface/interface.cpp	fallout/interface	recursive
5968	3	7	00702680	Interface::IsMenuIDVisible	cg	8253fa68	fallout/interface/interface.cpp	fallout/interface	recursive
5969	3	8	00702680	Interface::IsMenuIDVisible	cg	8253fa68	fallout/interface/interface.cpp	fallout/interface	recursive
5970	3	9	00702680	Interface::IsMenuIDVisible	cg	8253fa68	fallout/interface/interface.cpp	fallout/interface	recursive
5971	3	10	00a09030	Tile::GetMenuByClass	cg	828efd80	BSMenu/tile.cpp	BSMenu	
5972	3	11	00a03c90	Tile::GetMenu	cg	828ea0b0	BSMenu/tile.cpp	BSMenu	
5973	3	12	00a03c90	Tile::GetMenu	cg	828ea0b0	BSMenu/tile.cpp	BSMenu	
5974	3	13	0059bb30	D3DTexture_LockRect	cg	828440f8	d3d9/texture.cpp	d3d9	
5975	3	14	007027b0				fallout/interface/interface.cpp	fallout/interface	
5976	2	64	00702680	Interface::IsMenuIDVisible	cg	8253fa68	fallout/interface/interface.cpp	fallout/interface	
5977	3	1	004b7210				fallout shared/globalfunc.cpp	fallout shared	
5978	3	2	004b7210				fallout shared/globalfunc.cpp	fallout shared	
5979	3	3	009373f0				fallout/ai/modifierlist.cpp	fallout/ai	
5980	3	4	00709c00				fallout/interface/interface.cpp	fallout/interface	
5981	3	5	00702680	Interface::IsMenuIDVisible	cg	8253fa68	fallout/interface/interface.cpp	fallout/interface	recursive
5982	3	6	00702680	Interface::IsMenuIDVisible	cg	8253fa68	fallout/interface/interface.cpp	fallout/interface	recursive
5983	3	7	00702680	Interface::IsMenuIDVisible	cg	8253fa68	fallout/interface/interface.cpp	fallout/interface	recursive
5984	3	8	00702680	Interface::IsMenuIDVisible	cg	8253fa68	fallout/interface/interface.cpp	fallout/interface	recursive
5985	3	9	00702680	Interface::IsMenuIDVisible	cg	8253fa68	fallout/interface/interface.cpp	fallout/interface	recursive
5986	3	10	00a09030	Tile::GetMenuByClass	cg	828efd80	BSMenu/tile.cpp	BSMenu	
5987	3	11	00a03c90	Tile::GetMenu	cg	828ea0b0	BSMenu/tile.cpp	BSMenu	
5988	3	12	00a03c90	Tile::GetMenu	cg	828ea0b0	BSMenu/tile.cpp	BSMenu	
5989	3	13	0059bb30	D3DTexture_LockRect	cg	828440f8	d3d9/texture.cpp	d3d9	
5990	3	14	007027b0				fallout/interface/interface.cpp	fallout/interface	
5991	2	65	00872940				fallout/misc/main.cpp	fallout/misc	
5992	3	1	0043c4b0				fallout shared/modelloader.cpp	fallout shared	
5993	3	2	004e3270				fallout shared/teswater.cpp	fallout shared	
5994	3	3	004dc310				fallout shared/renderer.cpp	fallout shared	
5995	3	4	00872ad0				fallout/misc/main.cpp	fallout/misc	
5996	3	5	00872f50				fallout/misc/main.cpp	fallout/misc	
5997	3	6	00874b90				fallout/misc/main.cpp	fallout/misc	
5998	3	7	00702680	Interface::IsMenuIDVisible	cg	8253fa68	fallout/interface/interface.cpp	fallout/interface	
5999	3	8	00709ae0				fallout/interface/interface.cpp	fallout/interface	
6000	3	9	00702680	Interface::IsMenuIDVisible	cg	8253fa68	fallout/interface/interface.cpp	fallout/interface	
6001	3	10	00709af0				fallout/interface/interface.cpp	fallout/interface	
6002	3	11	00702680	Interface::IsMenuIDVisible	cg	8253fa68	fallout/interface/interface.cpp	fallout/interface	
6003	3	12	00709b00				fallout/interface/interface.cpp	fallout/interface	
6004	3	13	00702680	Interface::IsMenuIDVisible	cg	8253fa68	fallout/interface/interface.cpp	fallout/interface	
6005	3	14	00709b10				fallout/interface/interface.cpp	fallout/interface	
6006	3	15	00702680	Interface::IsMenuIDVisible	cg	8253fa68	fallout/interface/interface.cpp	fallout/interface	
6007	3	16	00709b20				fallout/interface/interface.cpp	fallout/interface	
6008	3	17	00702680	Interface::IsMenuIDVisible	cg	8253fa68	fallout/interface/interface.cpp	fallout/interface	
6009	3	18	00709b30				fallout/interface/interface.cpp	fallout/interface	
6010	3	19	00702680	Interface::IsMenuIDVisible	cg	8253fa68	fallout/interface/interface.cpp	fallout/interface	
6011	3	20	007948d0				fallout/interface/menus/lovetestermenu.cpp	fallout/interface	
6012	3	21	008709f0				fallout/misc/main.cpp	fallout/misc	
6013	3	22	00875fd0				fallout/misc/main.cpp	fallout/misc	
6014	3	23	00876830				fallout/misc/main.cpp	fallout/misc	
6015	3	24	00876850				fallout/misc/main.cpp	fallout/misc	
6016	3	25	00702680	Interface::IsMenuIDVisible	cg	8253fa68	fallout/interface/interface.cpp	fallout/interface	
6017	3	26	007c9ca0				fallout/interface/menus/specialbookmenu.cpp	fallout/interface	
6018	2	66	00559450						
6019	2	67	004dc310				fallout shared/renderer.cpp	fallout shared	
6020	2	68	004e3270				fallout shared/teswater.cpp	fallout shared	
6021	2	69	00874b90				fallout/misc/main.cpp	fallout/misc	
6022	3	1	00559450						
6023	3	2	00b98380					BSShader	
6024	3	3	00b97fa0				BSShader/bsrenderstate_xenon.cpp	BSShader	
6025	3	4	00559450						
6026	3	5	00b97550				BSShader/imagespacemanager.cpp	BSShader	
6027	3	6	00714ae0				fallout/interface/interfacemanager.cpp	fallout/interface	
6028	3	7	004eced0				fallout shared/teswater.cpp	fallout shared	
6029	2	70	005d4a40				fallout shared/tesscriptfunctions.cpp	fallout shared	
6030	2	71	00b55a10				BSShader/bsshadermanager.cpp	BSShader	
6031	3	1	00bd23f0	DebugShader::CreateShader	cg	82acdd78	BSShader/debugshader.cpp	BSShader	
6032	3	2	00a5f860						
6033	3	3	00bd1cf0				BSShader/debugshader.cpp	BSShader	
6034	2	72	00709b40				fallout/interface/interface.cpp	fallout/interface	
6035	3	1	0077f0d0				fallout/interface/menus/hudmainmenu.cpp	fallout/interface	
6036	2	73	00559450						
6037	2	74	007028b0	Interface::Click	cg	8253d720	fallout/interface/interface.cpp	fallout/interface	
6038	3	1	004b7210				fallout shared/globalfunc.cpp	fallout shared	
6039	3	2	004b7210				fallout shared/globalfunc.cpp	fallout shared	
6040	3	3	009373f0				fallout/ai/modifierlist.cpp	fallout/ai	
6041	3	4	00ec17c0	MoviePlayer::GetPlayingSequence	cg	829b0fd0	BSMovie/movieplayer_xenon.obj	BSMovie	
6042	3	5	004b7210				fallout shared/globalfunc.cpp	fallout shared	
6043	3	6	00713fb0	InterfaceManager::Click	align-sim	8254e808	fallout/interface/interfacemanager.cpp	fallout/interface	
6044	3	7	004ea970				fallout shared/teswater.cpp	fallout shared	
6045	3	8	00ba30f0	MTRenderingSystem::SetThreadStage	cg	82a7d220	BSShader/mtrenderingsystem.cpp	BSShader	
6046	3	9	004ea970				fallout shared/teswater.cpp	fallout shared	
6047	3	10	00ba3130				BSShader/mtrenderingsystem.cpp	BSShader	
6048	3	11	004b7210				fallout shared/globalfunc.cpp	fallout shared	
6049	3	12	00702940				fallout/interface/interface.cpp	fallout/interface	
6050	2	75	004ea970				fallout shared/teswater.cpp	fallout shared	
6051	2	76	00ba2fa0				BSShader/mtrenderingsystem.cpp	BSShader	
6052	2	77	00559450						
6053	2	78	00559450						
6054	2	79	004a0ea0				fallout shared/bgsdecalmanager.cpp	fallout shared	
6055	2	80	00b6da10	BSTextureManager::ReturnRenderedTexture	cg	82a626f0	BSShader/bstexturemanager.cpp	BSShader	
6056	3	1	00633c90					fallout shared/sky	
6057	3	2	00c1b4a0				NiParticle/niparticlesystem.cpp	NiParticle	
6058	3	3	0045cec0						
6059	3	4	00633c90					fallout shared/sky	
6060	3	5	00b9fcc0	NiTPointerListBase<NiTPointerAllocator<unsigned_int>_NiPointer<NiProperty>_>::Remove	cg	82a61ea0	fallout shared/facegen/bsfacegenmanager.cpp	fallout shared/facegen	
6061	3	6	00633c90					fallout shared/sky	
6062	3	7	00c1b4a0				NiParticle/niparticlesystem.cpp	NiParticle	
6063	3	8	0045cec0						
6064	3	9	00633c90					fallout shared/sky	
6065	3	10	00b9fcc0	NiTPointerListBase<NiTPointerAllocator<unsigned_int>_NiPointer<NiProperty>_>::Remove	cg	82a61ea0	fallout shared/facegen/bsfacegenmanager.cpp	fallout shared/facegen	
6066	3	11	00633c90					fallout shared/sky	
6067	3	12	00c1b4a0				NiParticle/niparticlesystem.cpp	NiParticle	
6068	3	13	0045cec0						
6069	3	14	00633c90					fallout shared/sky	
6070	3	15	00b9fcc0	NiTPointerListBase<NiTPointerAllocator<unsigned_int>_NiPointer<NiProperty>_>::Remove	cg	82a61ea0	fallout shared/facegen/bsfacegenmanager.cpp	fallout shared/facegen	
6071	3	16	00633c90					fallout shared/sky	
6072	3	17	00c1b4a0				NiParticle/niparticlesystem.cpp	NiParticle	
6073	3	18	0045cec0						
6074	3	19	00633c90					fallout shared/sky	
6075	3	20	00b9fcc0	NiTPointerListBase<NiTPointerAllocator<unsigned_int>_NiPointer<NiProperty>_>::Remove	cg	82a61ea0	fallout shared/facegen/bsfacegenmanager.cpp	fallout shared/facegen	
6076	3	21	00633c90					fallout shared/sky	
6077	3	22	00c1b4a0				NiParticle/niparticlesystem.cpp	NiParticle	
6078	3	23	0045cec0						
6079	3	24	00633c90					fallout shared/sky	
6080	3	25	00b9fcc0	NiTPointerListBase<NiTPointerAllocator<unsigned_int>_NiPointer<NiProperty>_>::Remove	cg	82a61ea0	fallout shared/facegen/bsfacegenmanager.cpp	fallout shared/facegen	
6081	3	26	0045cec0						
6082	3	27	0045cec0						
6083	3	28	00b58570					BSShader	
6084	3	29	00e7d7f0					NiXenonRenderer	
6085	2	81	0066b0d0					fallout shared/speedtree	
6086	3	1	00401970						
6087	3	2	0040f6e0					fallout shared	
6088	2	82	007fdf30	Controls::GetInstance	cg	8261f508	fallout/interface/forenderedmenuracesex.cpp	fallout/interface	
6089	2	83	00a24660						
6090	3	1	00a24560						
6091	3	2	00a24560						
6092	3	3	00a24180						
6093	3	4	00a23e10						
6094	3	5	00a24180						
6095	3	6	00a24180						
6096	3	7	00a23e10						
6097	2	84	007fdf30	Controls::GetInstance	cg	8261f508	fallout/interface/forenderedmenuracesex.cpp	fallout/interface	
6098	2	85	00a24180						
6099	2	86	0043d4d0				fallout shared/modelloader.cpp	fallout shared	
6100	2	87	0045ce80						
6101	3	1	0045cea0						
6102	2	88	0043d4d0				fallout shared/modelloader.cpp	fallout shared	
6103	2	89	00403df0				fallout shared/magic/effectitem.cpp	fallout shared/magic	
6104	2	90	00406d00						
6105	3	1	00ec6bb5	vsprintf_s	cg	82eb4398	LIBCMT/vsnprnc.c	LIBCMT	
6106	2	91	0043d4d0				fallout shared/modelloader.cpp	fallout shared	
6107	2	92	0086d4c0				fallout/misc/main.cpp	fallout/misc	
6108	2	93	0086d4c0				fallout/misc/main.cpp	fallout/misc	
6109	2	94	00878860					fallout/misc	
6110	3	1	004bc3f0					fallout shared	
6111	3	2	00a7cca0	NiPixelFormat::NiPixelFormat	cg	82e69100	NiMain/nipixelformat.cpp	NiMain	
6112	3	3	004dc020				fallout shared/renderer.cpp	fallout shared	
6113	3	4	00878f20					fallout/misc	
6114	3	5	00e7bd20					NiXenonRenderer	
6115	3	6	005b5e40				fallout shared/tesscriptfunctions.cpp	fallout shared	
6116	3	7	005b5e40				fallout shared/tesscriptfunctions.cpp	fallout shared	
6117	3	8	004dc310				fallout shared/renderer.cpp	fallout shared	
6118	3	9	005b5e40				fallout shared/tesscriptfunctions.cpp	fallout shared	
6119	3	10	005b5e40				fallout shared/tesscriptfunctions.cpp	fallout shared	
6120	3	11	00aa13e0					NiSystem	
6121	3	12	004dc200				fallout shared/renderer.cpp	fallout shared	
6122	3	13	004dc1f0				fallout shared/renderer.cpp	fallout shared	
6123	3	14	00a7c190	NiPixelData::NiPixelData_ov2	cg	82e680b8	NiMain/nipixeldata.cpp	NiMain	
6124	3	15	0064da80					fallout shared/facegen	
6125	3	16	0070ec90	DetailedActorPathHandler::GetCurrentNodeIndex	vt	827f1958	fallout/ai/movement/detailedactorpathhandler.cpp	fallout/ai	
6126	3	17	0064dac0					fallout shared/facegen	
6127	3	18	004dc200				fallout shared/renderer.cpp	fallout shared	
6128	3	19	00401460						
6129	3	20	00406d30						
6130	3	21	0043d4d0				fallout shared/modelloader.cpp	fallout shared	
6131	3	22	00403df0				fallout shared/magic/effectitem.cpp	fallout shared/magic	
6132	3	23	00406d00						
6133	3	24	00b00900					BSSystem	
6134	3	25	00559450						
6135	3	26	0064da80					fallout shared/facegen	
6136	3	27	004dc200				fallout shared/renderer.cpp	fallout shared	
6137	3	28	0070ec90	DetailedActorPathHandler::GetCurrentNodeIndex	vt	827f1958	fallout/ai/movement/detailedactorpathhandler.cpp	fallout/ai	
6138	3	29	0064dac0					fallout shared/facegen	
6139	3	30	00401000						
6140	3	31	00856350	BSSystemFile::DoWrite	cg	8293e0c8	BSSystem/bssystemfile_xenon.cpp	BSSystem	
6141	3	32	00856350	BSSystemFile::DoWrite	cg	8293e0c8	BSSystem/bssystemfile_xenon.cpp	BSSystem	
6142	3	33	00401030						
6143	3	34	00ec623a	sprintf	cg	82eb3e20	LIBCMT/sprintf.c	LIBCMT	
6144	3	35	007052f0				fallout/interface/interface.cpp	fallout/interface	
6145	3	36	0043d4d0				fallout shared/modelloader.cpp	fallout shared	
6146	3	37	0043d4d0				fallout shared/modelloader.cpp	fallout shared	
6147	3	38	004de490					fallout shared	
6148	3	39	008798e0					fallout/misc	
6149	3	40	005b5e40				fallout shared/tesscriptfunctions.cpp	fallout shared	
6150	3	41	00b00950					BSSystem	
6151	3	42	00ec408c						
6152	2	95	00c458f0					BSMain	
6153	3	1	0040fbf0					fallout shared	
6154	3	2	00c45e50					BSMain	
6155	3	3	00c45a80					BSMain	
6156	2	96	004e9530				fallout shared/teswater.cpp	fallout shared	
6157	2	97	00b6b730					BSShader	
6158	3	1	00b6b6c0					BSShader	
6159	2	98	004a0ea0				fallout shared/bgsdecalmanager.cpp	fallout shared	
6160	2	99	00b6da10	BSTextureManager::ReturnRenderedTexture	cg	82a626f0	BSShader/bstexturemanager.cpp	BSShader	
6161	3	1	00633c90					fallout shared/sky	
6162	3	2	00c1b4a0				NiParticle/niparticlesystem.cpp	NiParticle	
6163	3	3	0045cec0						
6164	3	4	00633c90					fallout shared/sky	
6165	3	5	00b9fcc0	NiTPointerListBase<NiTPointerAllocator<unsigned_int>_NiPointer<NiProperty>_>::Remove	cg	82a61ea0	fallout shared/facegen/bsfacegenmanager.cpp	fallout shared/facegen	
6166	3	6	00633c90					fallout shared/sky	
6167	3	7	00c1b4a0				NiParticle/niparticlesystem.cpp	NiParticle	
6168	3	8	0045cec0						
6169	3	9	00633c90					fallout shared/sky	
6170	3	10	00b9fcc0	NiTPointerListBase<NiTPointerAllocator<unsigned_int>_NiPointer<NiProperty>_>::Remove	cg	82a61ea0	fallout shared/facegen/bsfacegenmanager.cpp	fallout shared/facegen	
6171	3	11	00633c90					fallout shared/sky	
6172	3	12	00c1b4a0				NiParticle/niparticlesystem.cpp	NiParticle	
6173	3	13	0045cec0						
6174	3	14	00633c90					fallout shared/sky	
6175	3	15	00b9fcc0	NiTPointerListBase<NiTPointerAllocator<unsigned_int>_NiPointer<NiProperty>_>::Remove	cg	82a61ea0	fallout shared/facegen/bsfacegenmanager.cpp	fallout shared/facegen	
6176	3	16	00633c90					fallout shared/sky	
6177	3	17	00c1b4a0				NiParticle/niparticlesystem.cpp	NiParticle	
6178	3	18	0045cec0						
6179	3	19	00633c90					fallout shared/sky	
6180	3	20	00b9fcc0	NiTPointerListBase<NiTPointerAllocator<unsigned_int>_NiPointer<NiProperty>_>::Remove	cg	82a61ea0	fallout shared/facegen/bsfacegenmanager.cpp	fallout shared/facegen	
6181	3	21	00633c90					fallout shared/sky	
6182	3	22	00c1b4a0				NiParticle/niparticlesystem.cpp	NiParticle	
6183	3	23	0045cec0						
6184	3	24	00633c90					fallout shared/sky	
6185	3	25	00b9fcc0	NiTPointerListBase<NiTPointerAllocator<unsigned_int>_NiPointer<NiProperty>_>::Remove	cg	82a61ea0	fallout shared/facegen/bsfacegenmanager.cpp	fallout shared/facegen	
6186	3	26	0045cec0						
6187	3	27	0045cec0						
6188	3	28	00b58570					BSShader	
6189	3	29	00e7d7f0					NiXenonRenderer	
6190	2	100	00559450						
6191	2	101	00c51f20				BSMain/bsscenegraph.obj	BSMain	
6192	3	1	00a59c60					NiMain	
6193	2	102	004a03c0				fallout shared/bgsdecalmanager.cpp	fallout shared	
6194	3	1	004a03a0				fallout shared/bgsdecalmanager.cpp	fallout shared	
6195	3	2	00483710				fallout shared/tesform.cpp	fallout shared	
6196	3	3	0082f1f0					fallout/audio	
6197	2	103	0043d4d0				fallout shared/modelloader.cpp	fallout shared	
6198	2	104	008c80e0	AILinearTaskThreadManager::SetMainRendering	frame	826ec9d0		fallout/ai	
6199	3	1	008c80c0	AILinearTaskThreadManager::SignalRenderSema	align-gap	826ec968		fallout/ai	
6200	2	105	00ec408c						
6201	3	1	00ed159c	___report_gsfailure	fid			LIBCMT	
6202	1	126	008705d0	Main::PostSwapProcess	frame	82693fe0	fallout/misc/main.cpp	fallout/misc	
6203	2	1	0086f640	Main::OnIdle_UpdateAudio	align-sim	826938a0	fallout/misc/main.cpp	fallout/misc	
6204	3	1	00453a70	BSAudio::QInstance	cg	822a1ca0	fallout shared/tes.cpp	fallout shared	
6205	3	2	00ad7740	BSAudio::Update	align-sim	8290c228	BSAudio/bsaudio.cpp	BSAudio	
6206	3	3	00832ad0	FalloutRadio::Update	str	82666478	fallout/audio/falloutradio.cpp	fallout/audio	
6207	3	4	0082fb70	FalloutAudioMedia::Update	align-sim	82661070	fallout/audio/falloutaudiomedia.cpp	fallout/audio	
6208	3	5	0082d7c0	FalloutAudio::UpdateRegionSounds	str	8265d790	fallout/audio/falloutaudio.cpp	fallout/audio	
6209	2	2	0086f890	Main::OnIdle_UpdateProcessLists	cg	82693b48	fallout/misc/main.cpp	fallout/misc	
6210	3	1	0043d4d0				fallout shared/modelloader.cpp	fallout shared	
6211	3	2	0096eb40	ProcessLists::ChangeProcessLevelTempList	cg	82780a88	fallout/ai/processlists.cpp	fallout/ai	
6212	3	3	0043d4d0				fallout shared/modelloader.cpp	fallout shared	
6213	3	4	008c94e0	AITaskManager::UpdateTasks	align-sim	826ef458	fallout/ai/aitaskmanager.cpp	fallout/ai	
6214	3	5	00991dc0	CombatManager::UpdateCombatants	align-gap	827a3f90		fallout/ai	
6215	3	6	0096d810	ProcessLists::UpdateProcessLists	cg	82786dd0	fallout/ai/processlists.cpp	fallout/ai	
6216	3	7	00964260	PlayerCharacter::UpdateAutoAimActor	cg	82764220	fallout/ai/playercharacter.cpp	fallout/ai	
6217	2	3	0043d4d0				fallout shared/modelloader.cpp	fallout shared	
6218	2	4	00552570				fallout shared/tesobjectcell.cpp	fallout shared	
6219	3	1	0040fbf0					fallout shared	
6220	3	2	004a4460					fallout shared	
6221	3	3	006815c0					fallout shared	
6222	3	4	00559a40				fallout shared/tesobjectcell.cpp	fallout shared	
6223	3	5	004ee8a0	BSSimpleList<NiPointer<BSTempEffect>_>::RemoveHead	cg	82330558	fallout shared/bgsdecalnode.cpp	fallout shared	
6224	3	6	00559450						
6225	3	7	005526f0				fallout shared/tesobjectcell.cpp	fallout shared	
6226	3	8	00559450						
6227	3	9	00559450						
6228	3	10	00559450						
6229	3	11	005526b0				fallout shared/tesobjectcell.cpp	fallout shared	
6230	3	12	00559450						
6231	3	13	0056f930	TESObjectREFR::FindReferenceFor3D	cg	8239d9a8	fallout shared/tesobjectrefr.cpp	fallout shared	
6232	3	14	008d6f30					fallout/ai	
6233	3	15	008d6f30					fallout/ai	
6234	3	16	0054a070				fallout shared/tesobjectcell.cpp	fallout shared	
6235	3	17	00559450						
6236	3	18	005526d0				fallout shared/tesobjectcell.cpp	fallout shared	
6237	3	19	0045cec0						
6238	3	20	0040fba0					fallout shared	
6239	2	5	0086f670				fallout/misc/main.cpp	fallout/misc	
6240	3	1	005a38e0				fallout shared/tesconditionfunctions.cpp	fallout shared	
6241	3	2	00455490				fallout shared/tes.cpp	fallout shared	
6242	1	127	004dc360				fallout shared/renderer.cpp	fallout shared	
6243	2	1	004bc3f0					fallout shared	
6244	3	1	00559450						
6245	2	2	00b4f5c0	BSShaderManager::GetAccumulator	cg	82a39380	BSShader/bsshadermanager.cpp	BSShader	
6246	2	3	00b631d0						
6247	3	1	00c4edf0					BSMain	
6248	3	2	00c4ed40					BSMain	
6249	3	3	00aa4060				BSCore/memorymanager.cpp	BSCore	
6250	3	4	00c4edf0					BSMain	
6251	3	5	00c4ed40					BSMain	
6252	3	6	00aa4060				BSCore/memorymanager.cpp	BSCore	
6253	3	7	00c4edf0					BSMain	
6254	3	8	00c4ed40					BSMain	
6255	3	9	00aa4060				BSCore/memorymanager.cpp	BSCore	
6256	3	10	00aa4060				BSCore/memorymanager.cpp	BSCore	
6257	2	4	0045ce80						
6258	3	1	0045cea0						
6259	2	5	0045ce80						
6260	3	1	0045cea0						
6261	2	6	00ec25e0	MoviePlayer::Stop	cg	829b1af8	BSMovie/movieplayer.obj	BSMovie	
6262	3	1	00ec1f40				BSMovie/movieplayer.obj	BSMovie	
6263	3	2	00aa4060				BSCore/memorymanager.cpp	BSCore	
6264	3	3	00ec2a60				BSMovie/movieplayer.obj	BSMovie	
6265	2	7	00702330				fallout/interface/interface.cpp	fallout/interface	
6266	3	1	004b7210				fallout shared/globalfunc.cpp	fallout shared	
6267	3	2	004b7210				fallout shared/globalfunc.cpp	fallout shared	
6268	3	3	009373f0				fallout/ai/modifierlist.cpp	fallout/ai	
6269	3	4	0070a0b0				fallout/interface/interfacemanager.cpp	fallout/interface	
6270	2	8	004dc560				fallout shared/renderer.cpp	fallout shared	
6271	3	1	00559450						
6272	3	2	00483710				fallout shared/tesform.cpp	fallout shared	
6273	3	3	0066b0d0					fallout shared/speedtree	
6274	2	9	004dc590				fallout shared/renderer.cpp	fallout shared	
6275	3	1	00559450						
6276	3	2	00483710				fallout shared/tesform.cpp	fallout shared	
6277	3	3	0066b0d0					fallout shared/speedtree	
6278	2	10	004bc3f0					fallout shared	
6279	3	1	00559450						
6280	2	11	004dc540				fallout shared/renderer.cpp	fallout shared	
6281	3	1	0066b0d0					fallout shared/speedtree	
6282	2	12	004bc3f0					fallout shared	
6283	3	1	00559450						
6284	2	13	00e73eb0				NiXenonRenderer/nixenonrenderer.cpp	NiXenonRenderer	
6285	3	1	00e69b00				NiXenonRenderer/nixenonrenderer.cpp	NiXenonRenderer	
6286	3	2	00ec44d0	_memcpy	fid			LIBCMT	
6287	3	3	00e736b0				NiXenonRenderer/nixenonrenderer.cpp	NiXenonRenderer	
6288	3	4	00a29680						
6289	3	5	00ec44d0	_memcpy	fid			LIBCMT	
6290	3	6	00e736b0				NiXenonRenderer/nixenonrenderer.cpp	NiXenonRenderer	
6291	3	7	00a29680						
6292	2	14	0044ddc0					fallout shared	
6293	2	15	004503f0				fallout shared/tes.cpp	fallout shared	
6294	3	1	0043d4d0				fallout shared/modelloader.cpp	fallout shared	
6295	2	16	004503f0				fallout shared/tes.cpp	fallout shared	
6296	3	1	0043d4d0				fallout shared/modelloader.cpp	fallout shared	
6297	2	17	004503f0				fallout shared/tes.cpp	fallout shared	
6298	3	1	0043d4d0				fallout shared/modelloader.cpp	fallout shared	
6299	2	18	004503f0				fallout shared/tes.cpp	fallout shared	
6300	3	1	0043d4d0				fallout shared/modelloader.cpp	fallout shared	
6301	2	19	004dc330				fallout shared/renderer.cpp	fallout shared	
6302	3	1	004046f0				fallout shared/magic/effectitem.cpp	fallout shared/magic	
6303	2	20	00a62030						
6304	3	1	0040fbf0					fallout shared	
6305	3	2	00a615c0				NiMain/bstexturepalette.cpp	NiMain	
6306	3	3	00a61ec0				NiMain/bstexturepalette.cpp	NiMain	
6307	2	21	00b578a0				BSShader/bsshadermanager.cpp	BSShader	
6308	3	1	00b57420				BSShader/bsshadermanager.cpp	BSShader	
6309	3	2	00b4f9a0				BSShader/bsshadermanager.cpp	BSShader	
6310	3	3	00ba50d0					BSShader	
6311	3	4	00bc0940					BSShader	
6312	3	5	00bc4610					BSShader	
6313	3	6	00b97690				BSShader/imagespacemanager.cpp	BSShader	
6314	3	7	00aa4060				BSCore/memorymanager.cpp	BSCore	
6315	3	8	00b6f0b0					BSShader	
6316	3	9	00aa4060				BSCore/memorymanager.cpp	BSCore	
6317	3	10	00aa3e40				BSCore/memorymanager.cpp	BSCore	
6318	3	11	00b6dd80					BSShader	
6319	3	12	00aa3e40				BSCore/memorymanager.cpp	BSCore	
6320	3	13	00b97a80					BSShader	
6321	3	14	00b6e450					BSShader	
6322	2	22	00b4f5c0	BSShaderManager::GetAccumulator	cg	82a39380	BSShader/bsshadermanager.cpp	BSShader	
6323	2	23	00559450						
6324	2	24	004dc540				fallout shared/renderer.cpp	fallout shared	
6325	3	1	0066b0d0					fallout shared/speedtree	
6326	2	25	0045c670				fallout shared/tes.cpp	fallout shared	
6327	3	1	00559450						
6328	2	26	00c52520				BSMain/bsscenegraph.obj	BSMain	
6329	3	1	00c52020	BSSceneGraph::SetCameraFOV	cg	829e85e8	BSMain/bsscenegraph.obj	BSMain	
6330	2	27	004dc5c0				fallout shared/renderer.cpp	fallout shared	
6331	3	1	00aa13e0					NiSystem	
6332	3	2	00878610	SceneGraph::SceneGraph	cg	826a2650	fallout/misc/scenegraph.cpp	fallout/misc	
6333	3	3	0066b0d0					fallout shared/speedtree	
6334	2	28	004dc650				fallout shared/renderer.cpp	fallout shared	
6335	3	1	00aa13e0					NiSystem	
6336	3	2	00878610	SceneGraph::SceneGraph	cg	826a2650	fallout/misc/scenegraph.cpp	fallout/misc	
6337	3	3	0066b0d0					fallout shared/speedtree	
6338	2	29	00702250	Interface::Init	cg	8253d470	fallout/interface/interface.cpp	fallout/interface	
6339	3	1	00404eb0				fallout shared/magic/effectitem.cpp	fallout shared/magic	
6340	3	2	00709fd0	InterfaceManager::Initialize	cg	825514d8	fallout/interface/interfacemanager.cpp	fallout/interface	
6341	3	3	00404ee0				fallout shared/magic/effectitem.cpp	fallout shared/magic	
6342	2	30	007022c0				fallout/interface/interface.cpp	fallout/interface	
6343	3	1	00404eb0				fallout shared/magic/effectitem.cpp	fallout shared/magic	
6344	3	2	00709fd0	InterfaceManager::Initialize	cg	825514d8	fallout/interface/interfacemanager.cpp	fallout/interface	
6345	3	3	00404ee0				fallout shared/magic/effectitem.cpp	fallout shared/magic	
6346	2	31	007053f0				fallout/interface/interface.cpp	fallout/interface	
6347	3	1	004b7210				fallout shared/globalfunc.cpp	fallout shared	
6348	3	2	004b7210				fallout shared/globalfunc.cpp	fallout shared	
6349	3	3	009373f0				fallout/ai/modifierlist.cpp	fallout/ai	
6350	3	4	007cb7d0	StartMenu::Create	cg	825feb50	fallout/interface/menus/startmenu.cpp	fallout/interface	
6351	1	128	0043d4d0				fallout shared/modelloader.cpp	fallout shared	
6352	1	129	00713d80				fallout/interface/interfacemanager.cpp	fallout/interface	
6353	1	130	008c7990	AILinearTaskThreadManager::WaitForThreads	frame	826ec788		fallout/ai	
6354	2	1	008c7490				fallout/ai/ailineartaskthreadmanager.cpp	fallout/ai	
6355	3	1	004424e0	WaitForSingleObject	cg	82ecb9b8	XAPILIB/waitforsingleobject.c	XAPILIB	
6356	1	131	008ca300	AITaskManager::WaitForTasksDuringRendering	align-gap	826ee320	fallout/ai/aitaskmanager.cpp	fallout/ai	
6357	2	1	008ca330	AITaskThreadManager::WaitForThread	align-gap	826edd88	fallout/ai/aitaskmanager.cpp	fallout/ai	
6358	3	1	008c7490				fallout/ai/ailineartaskthreadmanager.cpp	fallout/ai	
6359	1	132	0086f6a0	Main::UpdateNonRenderSafeAITasks	cg	82693998	fallout/misc/main.cpp	fallout/misc	
6360	2	1	007050d0	Interface::InDialog	cg	8253e408	fallout/interface/interface.cpp	fallout/interface	
6361	3	1	004b7210				fallout shared/globalfunc.cpp	fallout shared	
6362	3	2	004b7210				fallout shared/globalfunc.cpp	fallout shared	
6363	3	3	009373f0				fallout/ai/modifierlist.cpp	fallout/ai	
6364	3	4	00705100				fallout/interface/interface.cpp	fallout/interface	
6365	2	2	00703d50	Interface::IsConsoleVisible	cg	8253db90	fallout/interface/interface.cpp	fallout/interface	
6366	3	1	004b7210				fallout shared/globalfunc.cpp	fallout shared	
6367	3	2	004b7210				fallout shared/globalfunc.cpp	fallout shared	
6368	3	3	009373f0				fallout/ai/modifierlist.cpp	fallout/ai	
6369	3	4	0071b160	MenuConsole::Instance	cg	82553cf8	fallout/interface/menuconsole.cpp	fallout/interface	
6370	3	5	0071b160	MenuConsole::Instance	cg	82553cf8	fallout/interface/menuconsole.cpp	fallout/interface	
6371	3	6	004a4020					fallout shared	
6372	2	3	0086f860				fallout/misc/main.cpp	fallout/misc	
6373	2	4	007624d0				fallout/interface/menus/dialogmenu.cpp	fallout/interface	
6374	3	1	004fb070				fallout shared/bgsexplosion.cpp	fallout shared	
6375	2	5	0096c240					fallout/ai	
6376	3	1	005de0f0				fallout shared/tesscriptfunctions.cpp	fallout shared	
6377	3	2	005be5c0				fallout shared/tesscriptfunctions.cpp	fallout shared	
6378	3	3	00968670				fallout/ai/playercharacter.cpp	fallout/ai	
6379	3	4	00576d30				fallout shared/tesobjectrefr.cpp	fallout shared	
6380	3	5	00440d80				fallout shared/modelloader.cpp	fallout shared	
6381	3	6	00440da0				fallout shared/modelloader.cpp	fallout shared	
6382	3	7	009ae6e0				fallout/ai/combat/explosion.cpp	fallout/ai	
6383	2	6	0043d4d0				fallout shared/modelloader.cpp	fallout shared	
6384	2	7	0096c970	ProcessLists::ParallelUpdateAnimationScenegraph	cg	82787a60	fallout/ai/processlists.cpp	fallout/ai	
6385	3	1	005de0f0				fallout shared/tesscriptfunctions.cpp	fallout shared	
6386	3	2	005be5c0				fallout shared/tesscriptfunctions.cpp	fallout shared	
6387	3	3	00408d60						
6388	3	4	009789e0	BSScrapArray<Animation_P_1024>::BSScrapArray<Animation_P_1024>	cg	82786260	fallout/ai/processlists.cpp	fallout/ai	
6389	3	5	00968670				fallout/ai/playercharacter.cpp	fallout/ai	
6390	3	6	007cb2e0	BSSimpleArray<BGSBodyPart_P_1024>::AddUninitialized	cg	825bfa28	fallout/ai/combat/hitdata.cpp	fallout/ai	
6391	3	7	00493930	Animation::UpdateQueuedScenegraph	cg	822e4a18	fallout shared/animation.cpp	fallout shared	
6392	3	8	0096c950				fallout/ai/processlists.cpp	fallout/ai	
6393	3	9	00450b80				fallout shared/tes.cpp	fallout shared	
6394	3	10	00b5d9f0	ShadowSceneNode::UpdateObjectLighting	cg	82a4f5d0	BSShader/shadowscenenode.cpp	BSShader	
6395	3	11	00496960				fallout shared/animation.cpp	fallout shared	
6396	3	12	0044ddc0					fallout shared	
6397	3	13	0044ddc0					fallout shared	
6398	3	14	0087cf10				fallout/misc/taskqueueinterface.cpp	fallout/misc	
6399	3	15	00c44c90				BSMain/bsparalleltaskmanager.obj	BSMain	
6400	3	16	00978a80				fallout/ai/processlists.cpp	fallout/ai	
6401	2	8	0096c860	ProcessLists::UpdateAnimationScenegraph	cg	8277c960	fallout/ai/processlists.cpp	fallout/ai	
6402	3	1	005de0f0				fallout shared/tesscriptfunctions.cpp	fallout shared	
6403	3	2	005be5c0				fallout shared/tesscriptfunctions.cpp	fallout shared	
6404	3	3	00968670				fallout/ai/playercharacter.cpp	fallout/ai	
6405	3	4	00493930	Animation::UpdateQueuedScenegraph	cg	822e4a18	fallout shared/animation.cpp	fallout shared	
6406	3	5	0096c950				fallout/ai/processlists.cpp	fallout/ai	
6407	3	6	00450b80				fallout shared/tes.cpp	fallout shared	
6408	3	7	00b5d9f0	ShadowSceneNode::UpdateObjectLighting	cg	82a4f5d0	BSShader/shadowscenenode.cpp	BSShader	
6409	3	8	00496960				fallout shared/animation.cpp	fallout shared	
6410	2	9	0096c710					fallout/ai	
6411	3	1	008d8520	MiddleHighProcess::GetSavedAcquireObject	vt	82a648c8	fallout/ai/highprocess.cpp	fallout/ai	
6412	3	2	008d8520	MiddleHighProcess::GetSavedAcquireObject	vt	82a648c8	fallout/ai/highprocess.cpp	fallout/ai	
6413	3	3	008f63e0				fallout/ai/highprocess.cpp	fallout/ai	
6414	3	4	005de0f0				fallout shared/tesscriptfunctions.cpp	fallout shared	
6415	3	5	005be5c0				fallout shared/tesscriptfunctions.cpp	fallout shared	
6416	3	6	00968670				fallout/ai/playercharacter.cpp	fallout/ai	
6417	3	7	008d8520	MiddleHighProcess::GetSavedAcquireObject	vt	82a648c8	fallout/ai/highprocess.cpp	fallout/ai	
6418	3	8	008f63e0				fallout/ai/highprocess.cpp	fallout/ai	
6419	2	10	0084d030				fallout/misc/saveload/bgssaveloadglobaldata.cpp	fallout/misc	
6420	2	11	009781d0	ProcessLists::UpdateNonRenderSafeStuff	align-sim	827877f0	fallout/ai/processlists.cpp	fallout/ai	
6421	3	1	005be5c0				fallout shared/tesscriptfunctions.cpp	fallout shared	
6422	3	2	00968670				fallout/ai/playercharacter.cpp	fallout/ai	
6423	3	3	00576d30				fallout shared/tesobjectrefr.cpp	fallout shared	
6424	3	4	008ba600	Actor::HandlePostAnimationActions	align-sim	826e3e98	fallout/ai/actor.cpp	fallout/ai	
6425	3	5	008d8520	MiddleHighProcess::GetSavedAcquireObject	vt	82a648c8	fallout/ai/highprocess.cpp	fallout/ai	
6426	3	6	00978400				fallout/ai/processlists.cpp	fallout/ai	
6427	3	7	00931ed0				fallout/ai/mobileobject.cpp	fallout/ai	
6428	3	8	004a3a20				fallout shared/bgsdecalmanager.cpp	fallout shared	
6429	3	9	00ca2ad0	bhkRagdollPenetrationUtil::Initialize	align-sim	82b60368		BSHavok	
6430	3	10	00ca1410	bhkRagdollPenetrationUtil::Update	cg	82b5e848	BSHavok/bhkragdollpenetrationutil.obj	BSHavok	
6431	3	11	0062c430	TESHavokUtilities::ConsolidateSimIslands	cg	82464650	fallout shared/havok/teshavokutilities.cpp	fallout shared/havok	
6432	3	12	0094df60	PlayerCharacter::IsSleepingorResting	cg	82750e48	fallout/ai/playercharacter.cpp	fallout/ai	
6433	3	13	008d8520	MiddleHighProcess::GetSavedAcquireObject	vt	82a648c8	fallout/ai/highprocess.cpp	fallout/ai	
6434	3	14	009b17a0				fallout/ai/combat/explosion.cpp	fallout/ai	
6435	3	15	00978890	ProcessLists::UpdateReferenceMuzzleFlashes	align-sim	82786008	fallout/ai/processlists.cpp	fallout/ai	
6436	3	16	008d8520	MiddleHighProcess::GetSavedAcquireObject	vt	82a648c8	fallout/ai/highprocess.cpp	fallout/ai	
6437	3	17	008d8520	MiddleHighProcess::GetSavedAcquireObject	vt	82a648c8	fallout/ai/highprocess.cpp	fallout/ai	
6438	2	12	00705990	Interface::GetPipboy	cg	8253ebe0	fallout/interface/interface.cpp	fallout/interface	
6439	3	1	004b7210				fallout shared/globalfunc.cpp	fallout shared	
6440	3	2	004b7210				fallout shared/globalfunc.cpp	fallout shared	
6441	3	3	009373f0				fallout/ai/modifierlist.cpp	fallout/ai	
6442	3	4	004b7210				fallout shared/globalfunc.cpp	fallout shared	
6443	3	5	00704370					fallout/interface	
6444	2	13	0086f840				fallout/misc/main.cpp	fallout/misc	
6445	2	14	007fa990					fallout/interface	
6446	3	1	00c3dfa0				BSMain/iomanager.obj	BSMain	
6447	3	2	008d8520	MiddleHighProcess::GetSavedAcquireObject	vt	82a648c8	fallout/ai/highprocess.cpp	fallout/ai	
6448	3	3	005db4c0				fallout shared/tesscriptfunctions.cpp	fallout shared	
6449	2	15	0043d4d0				fallout shared/modelloader.cpp	fallout shared	
6450	2	16	0054ae30	TESObjectCELL::PerformQueuedChildAttaches	cg	82396300	fallout shared/tesobjectcell.cpp	fallout shared	
6451	3	1	004b9ba0				fallout shared/globalfunc.cpp	fallout shared	
6452	3	2	0054acf0				fallout shared/tesobjectcell.cpp	fallout shared	
6453	3	3	005593a0				fallout shared/tesobjectcell.cpp	fallout shared	
6454	3	4	00559450						
6455	3	5	00559450						
6456	3	6	009611e0				fallout/ai/playercharacter.cpp	fallout/ai	
6457	3	7	00559450						
6458	3	8	00559450						
6459	3	9	0056f930	TESObjectREFR::FindReferenceFor3D	cg	8239d9a8	fallout shared/tesobjectrefr.cpp	fallout shared	
6460	3	10	008d6f30					fallout/ai	
6461	3	11	00559450						
6462	3	12	008d6f30					fallout/ai	
6463	3	13	005496b0	TESObjectCELL::PerformCellNodeAttach	cg	82396180	fallout shared/tesobjectcell.cpp	fallout shared	
6464	3	14	006208d0	CameraCaster::~CameraCaster	cg	82384df0	fallout shared/havok/cameracaster.cpp	fallout shared/havok	
6465	3	15	00438af0					fallout shared	
6466	2	17	004537b0				fallout shared/tes.cpp	fallout shared	
6467	2	18	0087a6d0					fallout/misc	
6468	3	1	0086cdd0				fallout/misc/main.cpp	fallout/misc	
6469	2	19	004537b0				fallout shared/tes.cpp	fallout shared	
6470	2	20	0087a790					fallout/misc	
6471	3	1	0040fc90					fallout shared	
6472	3	2	0087a7d0					fallout/misc	
6473	2	21	00552570				fallout shared/tesobjectcell.cpp	fallout shared	
6474	3	1	0040fbf0					fallout shared	
6475	3	2	004a4460					fallout shared	
6476	3	3	006815c0					fallout shared	
6477	3	4	00559a40				fallout shared/tesobjectcell.cpp	fallout shared	
6478	3	5	004ee8a0	BSSimpleList<NiPointer<BSTempEffect>_>::RemoveHead	cg	82330558	fallout shared/bgsdecalnode.cpp	fallout shared	
6479	3	6	00559450						
6480	3	7	005526f0				fallout shared/tesobjectcell.cpp	fallout shared	
6481	3	8	00559450						
6482	3	9	00559450						
6483	3	10	00559450						
6484	3	11	005526b0				fallout shared/tesobjectcell.cpp	fallout shared	
6485	3	12	00559450						
6486	3	13	0056f930	TESObjectREFR::FindReferenceFor3D	cg	8239d9a8	fallout shared/tesobjectrefr.cpp	fallout shared	
6487	3	14	008d6f30					fallout/ai	
6488	3	15	008d6f30					fallout/ai	
6489	3	16	0054a070				fallout shared/tesobjectcell.cpp	fallout shared	
6490	3	17	00559450						
6491	3	18	005526d0				fallout shared/tesobjectcell.cpp	fallout shared	
6492	3	19	0045cec0						
6493	3	20	0040fba0					fallout shared	
6494	2	22	0086f830				fallout/misc/main.cpp	fallout/misc	
6495	2	23	004537b0				fallout shared/tes.cpp	fallout shared	
6496	2	24	0087a6b0					fallout/misc	
6497	3	1	0086c600	BSPackedTaskQueue::ThreadBeginInput	cg	82692a38	fallout/misc/main.cpp	fallout/misc	
6498	2	25	0043d4d0				fallout shared/modelloader.cpp	fallout shared	
6499	2	26	007034c0				fallout/interface/interface.cpp	fallout/interface	
6500	3	1	004b7210				fallout shared/globalfunc.cpp	fallout shared	
6501	3	2	004b7210				fallout shared/globalfunc.cpp	fallout shared	
6502	3	3	009373f0				fallout/ai/modifierlist.cpp	fallout/ai	
6503	3	4	004b7210				fallout shared/globalfunc.cpp	fallout shared	
6504	3	5	00984f60					fallout/ai	
6505	2	27	00703490				fallout/interface/interface.cpp	fallout/interface	
6506	3	1	004b7210				fallout shared/globalfunc.cpp	fallout shared	
6507	3	2	004b7210				fallout shared/globalfunc.cpp	fallout shared	
6508	3	3	009373f0				fallout/ai/modifierlist.cpp	fallout/ai	
6509	3	4	004b7210				fallout shared/globalfunc.cpp	fallout shared	
6510	3	5	0070bc20						
6511	2	28	00991600					fallout/ai	
6512	3	1	00658930						
6513	3	2	00877a30				fallout/misc/main.cpp	fallout/misc	
6514	3	3	00986c40				fallout/ai/combat/combatgroup.cpp	fallout/ai	
6515	3	4	009914d0					fallout/ai	
6516	3	5	0096ae90					fallout/ai	
6517	3	6	009938b0				fallout/ai/combat/combatmanager.cpp	fallout/ai	
6518	3	7	00600bc0						
6519	3	8	00438af0					fallout shared	
6520	3	9	00658930						
6521	3	10	00877a30				fallout/misc/main.cpp	fallout/misc	
6522	3	11	00990890				fallout/ai/combat/combatgroupstrategy.cpp	fallout/ai	
6523	3	12	00903600				fallout/ai/highprocess.cpp	fallout/ai	
6524	3	13	0097ef50					fallout/ai	
6525	3	14	00991770					fallout/ai	
6526	1	133	00870610	Main::OnIdle_PostThreadsProcess	frame	82694090	fallout/misc/main.cpp	fallout/misc	
6527	2	1	005aa720	Script::RunDelayedScriptActionsOnReferences	cg	823eadb0	fallout shared/tesscript.cpp	fallout shared	
6528	3	1	004538a0						
6529	3	2	008256d0					fallout/magic	
6530	3	3	006815c0					fallout shared	
6531	3	4	0063f7b0					fallout shared/sky	
6532	3	5	00573f40	TESObjectREFR::Enable	align-sim	823b51a8	fallout shared/tesobjectrefr.cpp	fallout shared	
6533	3	6	008256d0					fallout/magic	
6534	3	7	006815c0					fallout shared	
6535	3	8	0063f7b0					fallout shared/sky	
6536	3	9	00574400	TESObjectREFR::Disable	cg	823b5648	fallout shared/tesobjectrefr.cpp	fallout shared	
6537	3	10	008256d0					fallout/magic	
6538	3	11	00726070				fallout/interface/menumanager.cpp	fallout/interface	
6539	3	12	006815c0					fallout shared	
6540	3	13	005aa8c0				fallout shared/tesscript.cpp	fallout shared	
6541	3	14	00574400	TESObjectREFR::Disable	cg	823b5648	fallout shared/tesobjectrefr.cpp	fallout shared	
6542	3	15	00905330				fallout/ai/highprocess.cpp	fallout/ai	
6543	3	16	008256d0					fallout/magic	
6544	3	17	006815c0					fallout shared	
6545	3	18	0063f7b0					fallout shared/sky	
6546	3	19	004538c0	RtlLeaveCriticalSection	cg	831ff6cc	XBOXKRNL/import:xboxkrnl.exe@11626.0+1861.0	XBOXKRNL	
6547	2	2	0043d4d0				fallout shared/modelloader.cpp	fallout shared	
6548	2	3	004537b0				fallout shared/tes.cpp	fallout shared	
6549	2	4	0087a710					fallout/misc	
6550	3	1	0086cdd0				fallout/misc/main.cpp	fallout/misc	
6551	2	5	004537b0				fallout shared/tes.cpp	fallout shared	
6552	2	6	0087a850					fallout/misc	
6553	3	1	0040fc90					fallout shared	
6554	3	2	0087a7d0					fallout/misc	
6555	2	7	004537b0				fallout shared/tes.cpp	fallout shared	
6556	2	8	0087a6f0					fallout/misc	
6557	3	1	0086c600	BSPackedTaskQueue::ThreadBeginInput	cg	82692a38	fallout/misc/main.cpp	fallout/misc	
6558	2	9	007094f0	Interface::HandleQueuedMenuOpen	cg	82543aa8	fallout/interface/interface.cpp	fallout/interface	
6559	3	1	0040fbf0					fallout shared	
6560	3	2	004b7210				fallout shared/globalfunc.cpp	fallout shared	
6561	3	3	00704ed0	Interface::CreateContainerMenu	cg	8253e208	fallout/interface/interface.cpp	fallout/interface	
6562	3	4	00705ec0	Interface::CreateHackingMenu	cg	82542d08	fallout/interface/interface.cpp	fallout/interface	
6563	3	5	00706130	Interface::CreateComputersMenu	cg	82540f88	fallout/interface/interface.cpp	fallout/interface	
6564	3	6	004b7210				fallout shared/globalfunc.cpp	fallout shared	
6565	3	7	007023a0				fallout/interface/interface.cpp	fallout/interface	
6566	3	8	00705070	Interface::CreateDialogMenu	cg	8253e398	fallout/interface/interface.cpp	fallout/interface	
6567	3	9	007ac730	RaceSexMenu::Create	cg	825dd668	fallout/interface/menus/racesexmenu.cpp	fallout/interface	
6568	3	10	007cb7d0	StartMenu::Create	cg	825feb50	fallout/interface/menus/startmenu.cpp	fallout/interface	
6569	3	11	00771700	HUDMainMenu::SetMenuMode	cg	825a7530	fallout/interface/menus/hudmainmenu.cpp	fallout/interface	
6570	3	12	007a8ba0	MessageMenu::Create	str	825d4db8	fallout/interface/menus/messagemenu.cpp	fallout/interface	
6571	3	13	00ec43fb	__RTDynamicCast	str	82eb3b00	LIBCMT/rtti.cpp	LIBCMT	
6572	3	14	00754cf0	CompanionWheelMenu::CreateCompanionWheelMenu	cg	82587df0	fallout/interface/menus/companionwheelmenu.cpp	fallout/interface	
6573	3	15	00401000						
6574	3	16	00709810				fallout/interface/interface.cpp	fallout/interface	
6575	3	17	00401000						
6576	3	18	007ab690					fallout/interface	
6577	3	19	004b7210				fallout shared/globalfunc.cpp	fallout shared	
6578	3	20	00586150				fallout shared/tesworldspace.cpp	fallout shared	
6579	3	21	00a087d0	Tile::SetParent	cg	828ef438	BSMenu/tile.cpp	BSMenu	
6580	3	22	00707e10				fallout/interface/interface.cpp	fallout/interface	
6581	3	23	00a1dc70	Menu::SetMenuTile	cg	82905d60	BSMenu/menu.cpp	BSMenu	
6582	3	24	00409480				fallout shared/magic/enchantmentitem.cpp	fallout shared/magic	
6583	3	25	004b7210				fallout shared/globalfunc.cpp	fallout shared	
6584	3	26	007a8ba0	MessageMenu::Create	str	825d4db8	fallout/interface/menus/messagemenu.cpp	fallout/interface	
6585	3	27	0040fba0					fallout shared	
6586	2	10	004b7210				fallout shared/globalfunc.cpp	fallout shared	
6587	2	11	00870680				fallout/misc/main.cpp	fallout/misc	
6588	3	1	00706320	Interface::CloseAllSupportMenus	cg	82543248	fallout/interface/interface.cpp	fallout/interface	
6589	2	12	00a0d9e0	DebugText::Instance	cg	828dee80	BSMenu/debugtext.cpp	BSMenu	
6590	3	1	00aa3e40				BSCore/memorymanager.cpp	BSCore	
6591	3	2	00a0db40				BSMenu/debugtext.cpp	BSMenu	
6592	2	13	00a0e770	DebugText::HandleQueuedPrints	str	828e0118	BSMenu/debugtext.cpp	BSMenu	
6593	3	1	00a11820	DebugText::Lock	cg	828e38d0	BSMenu/debugtext.cpp	BSMenu	
6594	3	2	00706d10	Interface::GetDebugTextRoot	cg	8253f498	fallout/interface/interface.cpp	fallout/interface	
6595	3	3	0066b0d0					fallout shared/speedtree	
6596	3	4	004037f0					fallout shared/magic	
6597	3	5	00a11840	DebugText::Unlock	cg	828e3938	BSMenu/debugtext.cpp	BSMenu	
6598	3	6	00ec6da0	_mbscmp	align-gap	82eb53c8			
6599	3	7	00a11820	DebugText::Lock	cg	828e38d0	BSMenu/debugtext.cpp	BSMenu	
6600	3	8	00a0fe20	DebugText::CreateDebugText	cg	828e1c08	BSMenu/debugtext.cpp	BSMenu	
6601	3	9	0066b0d0					fallout shared/speedtree	
6602	3	10	00a11840	DebugText::Unlock	cg	828e3938	BSMenu/debugtext.cpp	BSMenu	
6603	3	11	00706d10	Interface::GetDebugTextRoot	cg	8253f498	fallout/interface/interface.cpp	fallout/interface	
6604	3	12	00ec6130	_strlen	fid			LIBCMT	
6605	3	13	00438470	BSStringT<char>::Set	cg	8227ecc8	fallout shared/extradataobjects.cpp	fallout shared	
6606	3	14	00ec62c0					LIBCMT	
6607	3	15	00a160c0	Font::LineBreakText	cg	828fa578	BSMenu/font.cpp	BSMenu	
6608	3	16	00ec6130	_strlen	fid			LIBCMT	
6609	3	17	004037f0					fallout shared/magic	
6610	3	18	005b5e40				fallout shared/tesscriptfunctions.cpp	fallout shared	
6611	3	19	004037f0					fallout shared/magic	
6612	3	20	00408a80	BSStringT<char>::StrCmp	cg	82258008	fallout shared/magic/effectsetting.cpp	fallout shared/magic	
6613	3	21	00a11820	DebugText::Lock	cg	828e38d0	BSMenu/debugtext.cpp	BSMenu	
6614	3	22	00706d10	Interface::GetDebugTextRoot	cg	8253f498	fallout/interface/interface.cpp	fallout/interface	
6615	3	23	0066b0d0					fallout shared/speedtree	
6616	3	24	00a11840	DebugText::Unlock	cg	828e3938	BSMenu/debugtext.cpp	BSMenu	
6617	3	25	00a11820	DebugText::Lock	cg	828e38d0	BSMenu/debugtext.cpp	BSMenu	
6618	3	26	00a0fe20	DebugText::CreateDebugText	cg	828e1c08	BSMenu/debugtext.cpp	BSMenu	
6619	3	27	0066b0d0					fallout shared/speedtree	
6620	3	28	0066b0d0					fallout shared/speedtree	
6621	3	29	00438470	BSStringT<char>::Set	cg	8227ecc8	fallout shared/extradataobjects.cpp	fallout shared	
6622	3	30	00a5b690						
6623	3	31	00a5b950				NiMain/niobjectnet.cpp	NiMain	
6624	3	32	00a11840	DebugText::Unlock	cg	828e3938	BSMenu/debugtext.cpp	BSMenu	
6625	3	33	004037f0					fallout shared/magic	
6626	3	34	00a119d0				BSMenu/debugtext.cpp	BSMenu	
6627	3	35	00aa4060				BSCore/memorymanager.cpp	BSCore	
6628	3	36	00aa4060				BSCore/memorymanager.cpp	BSCore	
6629	3	37	00a1bfa0	BSSimpleArray<ButtonIcon_1024>::Clear	cg	82901360	BSMenu/font.cpp	BSMenu	
6630	1	134	0070ed10						
6631	1	135	0070ed20						
6632	1	136	00703e10	Interface::OpenConsole	cg	8253dc90	fallout/interface/interface.cpp	fallout/interface	
6633	2	1	004b7210				fallout shared/globalfunc.cpp	fallout shared	
6634	2	2	004b7210				fallout shared/globalfunc.cpp	fallout shared	
6635	2	3	009373f0				fallout/ai/modifierlist.cpp	fallout/ai	
6636	2	4	0071b160	MenuConsole::Instance	cg	82553cf8	fallout/interface/menuconsole.cpp	fallout/interface	
6637	3	1	00401000						
6638	3	2	0071af10				fallout/interface/menuconsole.cpp	fallout/interface	
6639	3	3	0071b0e0	MenuConsole::Init	cg	82552908	fallout/interface/menuconsole.cpp	fallout/interface	
6640	2	5	0071b160	MenuConsole::Instance	cg	82553cf8	fallout/interface/menuconsole.cpp	fallout/interface	
6641	3	1	00401000						
6642	3	2	0071af10				fallout/interface/menuconsole.cpp	fallout/interface	
6643	3	3	0071b0e0	MenuConsole::Init	cg	82552908	fallout/interface/menuconsole.cpp	fallout/interface	
6644	2	6	004a4020					fallout shared	
6645	2	7	0071b160	MenuConsole::Instance	cg	82553cf8	fallout/interface/menuconsole.cpp	fallout/interface	
6646	3	1	00401000						
6647	3	2	0071af10				fallout/interface/menuconsole.cpp	fallout/interface	
6648	3	3	0071b0e0	MenuConsole::Init	cg	82552908	fallout/interface/menuconsole.cpp	fallout/interface	
6649	2	8	0071d580	MenuConsole::ToggleVisible	cg	82553490	fallout/interface/menuconsole.cpp	fallout/interface	
6650	3	1	00ba8b70	BSShaderProperty::PreviousTransform::ToggleConsole	align-gap	82a9db70	BSShader/bsshaderproperty.cpp	BSShader	
6651	3	2	0071d620				fallout/interface/menuconsole.cpp	fallout/interface	
6652	3	3	004b7210				fallout shared/globalfunc.cpp	fallout shared	
6653	3	4	0070ecf0						
6654	3	5	004b7210				fallout shared/globalfunc.cpp	fallout shared	
6655	3	6	00714f70	InterfaceManager::GetEnterStack	cg	82544ba8	fallout/interface/interfacemanager.cpp	fallout/interface	
6656	3	7	004b7210				fallout shared/globalfunc.cpp	fallout shared	
6657	3	8	00714f70	InterfaceManager::GetEnterStack	cg	82544ba8	fallout/interface/interfacemanager.cpp	fallout/interface	
6658	3	9	0071d620				fallout/interface/menuconsole.cpp	fallout/interface	
6659	3	10	0071d620				fallout/interface/menuconsole.cpp	fallout/interface	
6660	3	11	0071d620				fallout/interface/menuconsole.cpp	fallout/interface	
6661	2	9	004b7210				fallout shared/globalfunc.cpp	fallout shared	
6662	2	10	00714d90	InterfaceManager::AddToEnterStack	str	825471a8	fallout/interface/interfacemanager.cpp	fallout/interface	
6663	3	1	005b5e40				fallout shared/tesscriptfunctions.cpp	fallout shared	
6664	3	2	004e3270				fallout shared/teswater.cpp	fallout shared	
6665	3	3	004e3270				fallout shared/teswater.cpp	fallout shared	
6666	3	4	007123a0						
6667	3	5	004e3270				fallout shared/teswater.cpp	fallout shared	
6668	3	6	004e3270				fallout shared/teswater.cpp	fallout shared	
6669	3	7	007123a0						
6670	3	8	004e3270				fallout shared/teswater.cpp	fallout shared	
6671	3	9	004e3270				fallout shared/teswater.cpp	fallout shared	
6672	3	10	007123a0						
6673	1	137	00a29680						
6674	1	138	005ae270	Script::ClearOptimizations	frame	823e6c68			
6675	1	139	005a9d60	ScriptLocals::ClearOptimizations	frame	823e6918	fallout shared/tesscript.cpp	fallout shared	
6676	1	140	0084d030				fallout/misc/saveload/bgssaveloadglobaldata.cpp	fallout/misc	
6677	1	141	00702360	Interface::IsInMenuMode	cg	8253d540	fallout/interface/interface.cpp	fallout/interface	
6678	2	1	004b7210				fallout shared/globalfunc.cpp	fallout shared	
6679	2	2	004b7210				fallout shared/globalfunc.cpp	fallout shared	
6680	2	3	009373f0				fallout/ai/modifierlist.cpp	fallout/ai	
6681	2	4	004b7210				fallout shared/globalfunc.cpp	fallout shared	
6682	2	5	007023a0				fallout/interface/interface.cpp	fallout/interface	
6683	1	142	00950090				fallout/ai/playercharacter.cpp	fallout/ai	
6684	1	143	00aa7290					BSCore	
6685	2	1	0040fbf0					fallout shared	
6686	3	1	0040fc90					fallout shared	
6687	3	2	0043b460				fallout shared/modelloader.cpp	fallout shared	
6688	3	3	0040fca0					fallout shared	
6689	3	4	0040fca0					fallout shared	
6690	3	5	0040fbe0	Error	cg	822ae3c8	fallout shared/tesdatahandler.cpp	fallout shared	
6691	2	2	00aa7260					BSCore	
6692	3	1	00aa70c0					BSCore	
